id,group_id,score,created_at,updated_at,context
019a3cb9-baa9-727b-b945-f8e2a8bec731,019a3cb0-614d-70c0-a0a3-b3e229184c38,0,2025-11-01 00:03:16.277821+00,2025-11-01 00:03:16.277821+00,"{""groupId"": ""019a3cb0-614d-70c0-a0a3-b3e229184c38"", ""startedAt"": ""2025-10-31T23:53:06.046Z"", ""questionStates"": [{""id"": 1, ""status"": ""unanswered""}, {""id"": 2, ""status"": ""unanswered""}, {""id"": 3, ""status"": ""unanswered""}, {""id"": 4, ""status"": ""unanswered""}, {""id"": 5, ""status"": ""unanswered""}, {""id"": 6, ""status"": ""unanswered""}, {""id"": 7, ""status"": ""unanswered""}, {""id"": 8, ""status"": ""unanswered""}, {""id"": 9, ""status"": ""unanswered""}, {""id"": 10, ""status"": ""unanswered""}, {""id"": 11, ""status"": ""unanswered""}, {""id"": 12, ""status"": ""unanswered""}, {""id"": 13, ""status"": ""unanswered""}, {""id"": 14, ""status"": ""unanswered""}, {""id"": 15, ""status"": ""unanswered""}, {""id"": 16, ""status"": ""unanswered""}, {""id"": 17, ""status"": ""unanswered""}, {""id"": 18, ""status"": ""unanswered""}, {""id"": 19, ""status"": ""unanswered""}, {""id"": 20, ""status"": ""unanswered""}, {""id"": 21, ""status"": ""unanswered""}, {""id"": 22, ""status"": ""unanswered""}, {""id"": 23, ""status"": ""unanswered""}, {""id"": 24, ""status"": ""unanswered""}, {""id"": 25, ""status"": ""unanswered""}], ""totalQuestions"": 25}"
019a3d11-e9d9-7933-aed0-f25473aab109,019a3d07-496a-7577-b102-3d7a45e070b0,4,2025-11-01 01:39:35.529422+00,2025-11-01 01:39:35.529422+00,"{""groupId"": ""019a3d07-496a-7577-b102-3d7a45e070b0"", ""startedAt"": ""2025-11-01T01:29:25.753Z"", ""questionStates"": [{""id"": 1, ""status"": ""unanswered""}, {""id"": 2, ""status"": ""unanswered""}, {""id"": 3, ""status"": ""unanswered""}, {""id"": 4, ""status"": ""unanswered""}, {""id"": 5, ""answer"": ""INTERNET"", ""status"": ""incorrect""}, {""id"": 6, ""status"": ""unanswered""}, {""id"": 7, ""answer"": ""阪大"", ""status"": ""incorrect""}, {""id"": 8, ""answer"": ""SCIENCE"", ""status"": ""correct""}, {""id"": 9, ""status"": ""unanswered""}, {""id"": 10, ""status"": ""unanswered""}, {""id"": 11, ""status"": ""unanswered""}, {""id"": 12, ""answer"": ""HANDAISEI"", ""status"": ""correct""}, {""id"": 13, ""status"": ""unanswered""}, {""id"": 14, ""answer"": ""げんざいしんこうけい"", ""status"": ""correct""}, {""id"": 15, ""status"": ""unanswered""}, {""id"": 16, ""status"": ""unanswered""}, {""id"": 17, ""status"": ""unanswered""}, {""id"": 18, ""status"": ""unanswered""}, {""id"": 19, ""status"": ""unanswered""}, {""id"": 20, ""status"": ""unanswered""}, {""id"": 21, ""answer"": ""鯉"", ""status"": ""correct""}, {""id"": 22, ""status"": ""unanswered""}, {""id"": 23, ""status"": ""unanswered""}, {""id"": 24, ""status"": ""unanswered""}, {""id"": 25, ""status"": ""unanswered""}], ""totalQuestions"": 25}"
019a3d12-175f-74bb-b58b-0c0ce8167b36,019a3d06-86af-74f3-b5aa-b95995e9d5ec,6,2025-11-01 01:39:47.168213+00,2025-11-01 01:39:47.168213+00,"{""groupId"": ""019a3d06-86af-74f3-b5aa-b95995e9d5ec"", ""startedAt"": ""2025-11-01T01:29:28.655Z"", ""questionStates"": [{""id"": 1, ""status"": ""unanswered""}, {""id"": 2, ""answer"": ""たいへいよう"", ""status"": ""correct""}, {""id"": 3, ""status"": ""unanswered""}, {""id"": 4, ""status"": ""unanswered""}, {""id"": 5, ""status"": ""unanswered""}, {""id"": 6, ""status"": ""unanswered""}, {""id"": 7, ""answer"": ""はんだい"", ""status"": ""correct""}, {""id"": 8, ""status"": ""unanswered""}, {""id"": 9, ""status"": ""unanswered""}, {""id"": 10, ""status"": ""unanswered""}, {""id"": 11, ""answer"": ""B"", ""status"": ""incorrect""}, {""id"": 12, ""answer"": ""handaisei"", ""status"": ""incorrect""}, {""id"": 13, ""status"": ""unanswered""}, {""id"": 14, ""status"": ""unanswered""}, {""id"": 15, ""answer"": ""ちしき"", ""status"": ""correct""}, {""id"": 16, ""status"": ""unanswered""}, {""id"": 17, ""status"": ""unanswered""}, {""id"": 18, ""status"": ""unanswered""}, {""id"": 19, ""status"": ""unanswered""}, {""id"": 20, ""status"": ""unanswered""}, {""id"": 21, ""answer"": ""こおり"", ""status"": ""incorrect""}, {""id"": 22, ""answer"": ""中国"", ""status"": ""correct""}, {""id"": 23, ""answer"": ""4"", ""status"": ""correct""}, {""id"": 24, ""status"": ""unanswered""}, {""id"": 25, ""status"": ""unanswered""}], ""totalQuestions"": 25}"
019a3d21-fd5a-7e4c-b293-6f127c3cced4,019a3d18-57a3-7568-be94-e0301bd36398,12,2025-11-01 01:57:09.092024+00,2025-11-01 01:57:09.092024+00,"{""groupId"": ""019a3d18-57a3-7568-be94-e0301bd36398"", ""startedAt"": ""2025-11-01T01:47:06.907Z"", ""questionStates"": [{""id"": 1, ""status"": ""unanswered""}, {""id"": 2, ""answer"": ""たいへいよう"", ""status"": ""correct""}, {""id"": 3, ""status"": ""unanswered""}, {""id"": 4, ""status"": ""unanswered""}, {""id"": 5, ""answer"": ""INTERNET"", ""status"": ""incorrect""}, {""id"": 6, ""status"": ""unanswered""}, {""id"": 7, ""status"": ""unanswered""}, {""id"": 8, ""answer"": ""SO"", ""status"": ""incorrect""}, {""id"": 9, ""status"": ""unanswered""}, {""id"": 10, ""answer"": ""まちかね"", ""status"": ""correct""}, {""id"": 11, ""status"": ""unanswered""}, {""id"": 12, ""answer"": ""HANDAISEI"", ""status"": ""correct""}, {""id"": 13, ""status"": ""unanswered""}, {""id"": 14, ""answer"": ""げんざいしんこうけい"", ""status"": ""correct""}, {""id"": 15, ""answer"": ""ちしき"", ""status"": ""correct""}, {""id"": 16, ""status"": ""unanswered""}, {""id"": 17, ""status"": ""unanswered""}, {""id"": 18, ""status"": ""unanswered""}, {""id"": 19, ""answer"": ""クリスマス"", ""status"": ""correct""}, {""id"": 20, ""status"": ""unanswered""}, {""id"": 21, ""answer"": ""こい"", ""status"": ""correct""}, {""id"": 22, ""answer"": ""中国"", ""status"": ""correct""}, {""id"": 23, ""answer"": ""4"", ""status"": ""correct""}, {""id"": 24, ""status"": ""unanswered""}, {""id"": 25, ""status"": ""unanswered""}], ""totalQuestions"": 25}"
019a3d22-0925-75cd-a92a-8b08f47543c7,019a3d18-85e4-753f-9010-2f14ea6da464,11,2025-11-01 01:57:12.10203+00,2025-11-01 01:57:12.10203+00,"{""groupId"": ""019a3d18-85e4-753f-9010-2f14ea6da464"", ""startedAt"": ""2025-11-01T01:47:09.120Z"", ""questionStates"": [{""id"": 1, ""status"": ""unanswered""}, {""id"": 2, ""status"": ""unanswered""}, {""id"": 3, ""status"": ""unanswered""}, {""id"": 4, ""answer"": ""ファミレス"", ""status"": ""correct""}, {""id"": 5, ""answer"": ""internet"", ""status"": ""correct""}, {""id"": 6, ""status"": ""unanswered""}, {""id"": 7, ""answer"": ""はんだい"", ""status"": ""correct""}, {""id"": 8, ""answer"": ""Science"", ""status"": ""incorrect""}, {""id"": 9, ""status"": ""unanswered""}, {""id"": 10, ""status"": ""unanswered""}, {""id"": 11, ""status"": ""unanswered""}, {""id"": 12, ""status"": ""unanswered""}, {""id"": 13, ""answer"": ""三国志"", ""status"": ""correct""}, {""id"": 14, ""answer"": ""現在進行形"", ""status"": ""correct""}, {""id"": 15, ""status"": ""unanswered""}, {""id"": 16, ""status"": ""unanswered""}, {""id"": 17, ""status"": ""unanswered""}, {""id"": 18, ""answer"": ""バード"", ""status"": ""correct""}, {""id"": 19, ""answer"": ""クリスマス"", ""status"": ""correct""}, {""id"": 20, ""status"": ""unanswered""}, {""id"": 21, ""answer"": ""リス"", ""status"": ""incorrect""}, {""id"": 22, ""status"": ""unanswered""}, {""id"": 23, ""status"": ""unanswered""}, {""id"": 24, ""status"": ""unanswered""}, {""id"": 25, ""status"": ""unanswered""}], ""totalQuestions"": 25}"
019a3d22-0df6-7290-819c-a0a469d3f31f,019a3d18-2df0-7eb2-9ba4-4e12a646f41b,2,2025-11-01 01:57:13.334936+00,2025-11-01 01:57:13.334936+00,"{""groupId"": ""019a3d18-2df0-7eb2-9ba4-4e12a646f41b"", ""startedAt"": ""2025-11-01T01:47:11.399Z"", ""questionStates"": [{""id"": 1, ""status"": ""unanswered""}, {""id"": 2, ""answer"": ""たいしいよう"", ""status"": ""incorrect""}, {""id"": 3, ""status"": ""unanswered""}, {""id"": 4, ""status"": ""unanswered""}, {""id"": 5, ""status"": ""unanswered""}, {""id"": 6, ""status"": ""unanswered""}, {""id"": 7, ""answer"": ""ハンダイ"", ""status"": ""incorrect""}, {""id"": 8, ""answer"": ""science"", ""status"": ""correct""}, {""id"": 9, ""status"": ""unanswered""}, {""id"": 10, ""status"": ""unanswered""}, {""id"": 11, ""status"": ""unanswered""}, {""id"": 12, ""status"": ""unanswered""}, {""id"": 13, ""status"": ""unanswered""}, {""id"": 14, ""status"": ""unanswered""}, {""id"": 15, ""status"": ""unanswered""}, {""id"": 16, ""status"": ""unanswered""}, {""id"": 17, ""status"": ""unanswered""}, {""id"": 18, ""status"": ""unanswered""}, {""id"": 19, ""answer"": ""大阪関西万博"", ""status"": ""incorrect""}, {""id"": 20, ""status"": ""unanswered""}, {""id"": 21, ""answer"": ""こい"", ""status"": ""correct""}, {""id"": 22, ""status"": ""unanswered""}, {""id"": 23, ""status"": ""unanswered""}, {""id"": 24, ""status"": ""unanswered""}, {""id"": 25, ""status"": ""unanswered""}], ""totalQuestions"": 25}"
019a3d32-ae82-7cd5-af4e-34e645bcef8e,019a3d28-2dfa-7435-b3b6-9b90b374c28d,4,2025-11-01 02:15:23.020517+00,2025-11-01 02:15:23.020517+00,"{""groupId"": ""019a3d28-2dfa-7435-b3b6-9b90b374c28d"", ""startedAt"": ""2025-11-01T02:05:17.002Z"", ""questionStates"": [{""id"": 1, ""status"": ""unanswered""}, {""id"": 2, ""answer"": ""たいへいよう"", ""status"": ""correct""}, {""id"": 3, ""status"": ""unanswered""}, {""id"": 4, ""status"": ""unanswered""}, {""id"": 5, ""status"": ""unanswered""}, {""id"": 6, ""status"": ""unanswered""}, {""id"": 7, ""status"": ""unanswered""}, {""id"": 8, ""status"": ""unanswered""}, {""id"": 9, ""status"": ""unanswered""}, {""id"": 10, ""answer"": ""まちかね"", ""status"": ""correct""}, {""id"": 11, ""status"": ""unanswered""}, {""id"": 12, ""status"": ""unanswered""}, {""id"": 13, ""status"": ""unanswered""}, {""id"": 14, ""answer"": ""はんだいせい"", ""status"": ""incorrect""}, {""id"": 15, ""answer"": ""ちしき"", ""status"": ""correct""}, {""id"": 16, ""status"": ""unanswered""}, {""id"": 17, ""status"": ""unanswered""}, {""id"": 18, ""status"": ""unanswered""}, {""id"": 19, ""status"": ""unanswered""}, {""id"": 20, ""status"": ""unanswered""}, {""id"": 21, ""status"": ""unanswered""}, {""id"": 22, ""status"": ""unanswered""}, {""id"": 23, ""status"": ""unanswered""}, {""id"": 24, ""status"": ""unanswered""}, {""id"": 25, ""status"": ""unanswered""}], ""totalQuestions"": 25}"
019a3d32-b051-7196-9321-cbbc78f6129e,019a3d28-2ea7-728d-8b53-255e9fdffbc8,6,2025-11-01 02:15:23.473511+00,2025-11-01 02:15:23.473511+00,"{""groupId"": ""019a3d28-2ea7-728d-8b53-255e9fdffbc8"", ""startedAt"": ""2025-11-01T02:05:20.863Z"", ""questionStates"": [{""id"": 1, ""status"": ""unanswered""}, {""id"": 2, ""status"": ""unanswered""}, {""id"": 3, ""status"": ""unanswered""}, {""id"": 4, ""answer"": ""ファミレス"", ""status"": ""correct""}, {""id"": 5, ""answer"": ""INTERNET"", ""status"": ""incorrect""}, {""id"": 6, ""status"": ""unanswered""}, {""id"": 7, ""answer"": ""はんだい"", ""status"": ""correct""}, {""id"": 8, ""status"": ""unanswered""}, {""id"": 9, ""status"": ""unanswered""}, {""id"": 10, ""status"": ""unanswered""}, {""id"": 11, ""status"": ""unanswered""}, {""id"": 12, ""status"": ""unanswered""}, {""id"": 13, ""answer"": ""三國志"", ""status"": ""incorrect""}, {""id"": 14, ""answer"": ""現在進行形"", ""status"": ""correct""}, {""id"": 15, ""status"": ""unanswered""}, {""id"": 16, ""status"": ""unanswered""}, {""id"": 17, ""status"": ""unanswered""}, {""id"": 18, ""answer"": ""バード"", ""status"": ""correct""}, {""id"": 19, ""status"": ""unanswered""}, {""id"": 20, ""status"": ""unanswered""}, {""id"": 21, ""status"": ""unanswered""}, {""id"": 22, ""status"": ""unanswered""}, {""id"": 23, ""status"": ""unanswered""}, {""id"": 24, ""status"": ""unanswered""}, {""id"": 25, ""status"": ""unanswered""}], ""totalQuestions"": 25}"
019a3d47-b438-7452-be0e-853199f4cf83,019a3d3e-379c-70ad-a72d-70ad58e53271,7,2025-11-01 02:38:20.73675+00,2025-11-01 02:38:20.73675+00,"{""groupId"": ""019a3d3e-379c-70ad-a72d-70ad58e53271"", ""startedAt"": ""2025-11-01T02:28:19.235Z"", ""questionStates"": [{""id"": 1, ""status"": ""unanswered""}, {""id"": 2, ""status"": ""unanswered""}, {""id"": 3, ""status"": ""unanswered""}, {""id"": 4, ""status"": ""unanswered""}, {""id"": 5, ""answer"": ""INTERNET"", ""status"": ""incorrect""}, {""id"": 6, ""status"": ""unanswered""}, {""id"": 7, ""answer"": ""はんだい"", ""status"": ""correct""}, {""id"": 8, ""answer"": ""SCIENCE"", ""status"": ""correct""}, {""id"": 9, ""status"": ""unanswered""}, {""id"": 10, ""status"": ""unanswered""}, {""id"": 11, ""status"": ""unanswered""}, {""id"": 12, ""status"": ""unanswered""}, {""id"": 13, ""answer"": ""三国志"", ""status"": ""correct""}, {""id"": 14, ""status"": ""unanswered""}, {""id"": 15, ""status"": ""unanswered""}, {""id"": 16, ""status"": ""unanswered""}, {""id"": 17, ""status"": ""unanswered""}, {""id"": 18, ""status"": ""unanswered""}, {""id"": 19, ""answer"": ""クリスマス"", ""status"": ""correct""}, {""id"": 20, ""status"": ""unanswered""}, {""id"": 21, ""answer"": ""こい"", ""status"": ""correct""}, {""id"": 22, ""status"": ""unanswered""}, {""id"": 23, ""status"": ""unanswered""}, {""id"": 24, ""status"": ""unanswered""}, {""id"": 25, ""status"": ""unanswered""}], ""totalQuestions"": 25}"
019a3d58-5b75-7636-90a3-feb057aa6524,019a3d4e-9c57-77a2-963a-281579c94c07,3,2025-11-01 02:56:32.127467+00,2025-11-01 02:56:32.127467+00,"{""groupId"": ""019a3d4e-9c57-77a2-963a-281579c94c07"", ""startedAt"": ""2025-11-01T02:46:27.763Z"", ""questionStates"": [{""id"": 1, ""status"": ""unanswered""}, {""id"": 2, ""status"": ""unanswered""}, {""id"": 3, ""status"": ""unanswered""}, {""id"": 4, ""status"": ""unanswered""}, {""id"": 5, ""answer"": ""INTERNET"", ""status"": ""incorrect""}, {""id"": 6, ""status"": ""unanswered""}, {""id"": 7, ""answer"": ""はんだい"", ""status"": ""correct""}, {""id"": 8, ""status"": ""unanswered""}, {""id"": 9, ""status"": ""unanswered""}, {""id"": 10, ""status"": ""unanswered""}, {""id"": 11, ""status"": ""unanswered""}, {""id"": 12, ""status"": ""unanswered""}, {""id"": 13, ""status"": ""unanswered""}, {""id"": 14, ""answer"": ""げんざいしんこうけい"", ""status"": ""correct""}, {""id"": 15, ""status"": ""unanswered""}, {""id"": 16, ""status"": ""unanswered""}, {""id"": 17, ""status"": ""unanswered""}, {""id"": 18, ""status"": ""unanswered""}, {""id"": 19, ""status"": ""unanswered""}, {""id"": 20, ""status"": ""unanswered""}, {""id"": 21, ""answer"": ""こい"", ""status"": ""correct""}, {""id"": 22, ""status"": ""unanswered""}, {""id"": 23, ""status"": ""unanswered""}, {""id"": 24, ""status"": ""unanswered""}, {""id"": 25, ""status"": ""unanswered""}], ""totalQuestions"": 25}"
019a3d58-69ae-7c00-832c-996f5dd41d51,019a3d4d-af21-7748-9937-375485d34c75,5,2025-11-01 02:56:35.758946+00,2025-11-01 02:56:35.758946+00,"{""groupId"": ""019a3d4d-af21-7748-9937-375485d34c75"", ""startedAt"": ""2025-11-01T02:46:28.209Z"", ""questionStates"": [{""id"": 1, ""status"": ""unanswered""}, {""id"": 2, ""answer"": ""たいへいよう"", ""status"": ""correct""}, {""id"": 3, ""status"": ""unanswered""}, {""id"": 4, ""answer"": ""こい"", ""status"": ""incorrect""}, {""id"": 5, ""status"": ""unanswered""}, {""id"": 6, ""answer"": ""波"", ""status"": ""correct""}, {""id"": 7, ""status"": ""unanswered""}, {""id"": 8, ""status"": ""unanswered""}, {""id"": 9, ""status"": ""unanswered""}, {""id"": 10, ""answer"": ""まちかね"", ""status"": ""correct""}, {""id"": 11, ""answer"": ""B"", ""status"": ""incorrect""}, {""id"": 12, ""answer"": ""HANDISEI"", ""status"": ""incorrect""}, {""id"": 13, ""status"": ""unanswered""}, {""id"": 14, ""status"": ""unanswered""}, {""id"": 15, ""status"": ""unanswered""}, {""id"": 16, ""status"": ""unanswered""}, {""id"": 17, ""status"": ""unanswered""}, {""id"": 18, ""status"": ""unanswered""}, {""id"": 19, ""status"": ""unanswered""}, {""id"": 20, ""status"": ""unanswered""}, {""id"": 21, ""status"": ""unanswered""}, {""id"": 22, ""status"": ""unanswered""}, {""id"": 23, ""status"": ""unanswered""}, {""id"": 24, ""status"": ""unanswered""}, {""id"": 25, ""status"": ""unanswered""}], ""totalQuestions"": 25}"
019a3d58-6a7e-7b0f-bef7-e394746fb6a2,019a3d4d-82ea-76b5-aa26-522f9c28af76,5,2025-11-01 02:56:35.967027+00,2025-11-01 02:56:35.967027+00,"{""groupId"": ""019a3d4d-82ea-76b5-aa26-522f9c28af76"", ""startedAt"": ""2025-11-01T02:46:28.669Z"", ""questionStates"": [{""id"": 1, ""status"": ""unanswered""}, {""id"": 2, ""answer"": ""たいへいよう"", ""status"": ""correct""}, {""id"": 3, ""status"": ""unanswered""}, {""id"": 4, ""status"": ""unanswered""}, {""id"": 5, ""answer"": ""INTERNET"", ""status"": ""incorrect""}, {""id"": 6, ""status"": ""unanswered""}, {""id"": 7, ""answer"": ""はんだい"", ""status"": ""correct""}, {""id"": 8, ""status"": ""unanswered""}, {""id"": 9, ""status"": ""unanswered""}, {""id"": 10, ""status"": ""unanswered""}, {""id"": 11, ""status"": ""unanswered""}, {""id"": 12, ""status"": ""unanswered""}, {""id"": 13, ""answer"": ""さんごくし"", ""status"": ""correct""}, {""id"": 14, ""status"": ""unanswered""}, {""id"": 15, ""status"": ""unanswered""}, {""id"": 16, ""status"": ""unanswered""}, {""id"": 17, ""status"": ""unanswered""}, {""id"": 18, ""answer"": ""バード"", ""status"": ""correct""}, {""id"": 19, ""status"": ""unanswered""}, {""id"": 20, ""status"": ""unanswered""}, {""id"": 21, ""status"": ""unanswered""}, {""id"": 22, ""status"": ""unanswered""}, {""id"": 23, ""status"": ""unanswered""}, {""id"": 24, ""status"": ""unanswered""}, {""id"": 25, ""status"": ""unanswered""}], ""totalQuestions"": 25}"
019a3d58-9544-7100-82b0-a36c428aff4a,019a3d4c-9a79-71a5-b06e-bd2b55f6b944,9,2025-11-01 02:56:46.916014+00,2025-11-01 02:56:46.916014+00,"{""groupId"": ""019a3d4c-9a79-71a5-b06e-bd2b55f6b944"", ""startedAt"": ""2025-11-01T02:46:27.341Z"", ""questionStates"": [{""id"": 1, ""answer"": ""単位"", ""status"": ""correct""}, {""id"": 2, ""answer"": ""太平洋"", ""status"": ""correct""}, {""id"": 3, ""status"": ""unanswered""}, {""id"": 4, ""status"": ""unanswered""}, {""id"": 5, ""answer"": ""INTERNET"", ""status"": ""incorrect""}, {""id"": 6, ""answer"": ""かな"", ""status"": ""incorrect""}, {""id"": 7, ""answer"": ""阪大"", ""status"": ""incorrect""}, {""id"": 8, ""status"": ""unanswered""}, {""id"": 9, ""status"": ""unanswered""}, {""id"": 10, ""status"": ""unanswered""}, {""id"": 11, ""status"": ""unanswered""}, {""id"": 12, ""answer"": ""Handaisei"", ""status"": ""incorrect""}, {""id"": 13, ""status"": ""unanswered""}, {""id"": 14, ""answer"": ""現在反抗系"", ""status"": ""incorrect""}, {""id"": 15, ""answer"": ""知識"", ""status"": ""correct""}, {""id"": 16, ""status"": ""unanswered""}, {""id"": 17, ""status"": ""unanswered""}, {""id"": 18, ""answer"": ""バード"", ""status"": ""correct""}, {""id"": 19, ""answer"": ""クリスマス"", ""status"": ""correct""}, {""id"": 20, ""status"": ""unanswered""}, {""id"": 21, ""answer"": ""鯉"", ""status"": ""correct""}, {""id"": 22, ""status"": ""unanswered""}, {""id"": 23, ""status"": ""unanswered""}, {""id"": 24, ""status"": ""unanswered""}, {""id"": 25, ""status"": ""unanswered""}], ""totalQuestions"": 25}"
019a3d67-7fb9-72d1-9cd0-9724140f2d6e,019a3d5d-83cc-73db-a7d8-50c798af8f04,3,2025-11-01 03:13:04.455899+00,2025-11-01 03:13:04.455899+00,"{""groupId"": ""019a3d5d-83cc-73db-a7d8-50c798af8f04"", ""startedAt"": ""2025-11-01T03:03:01.933Z"", ""questionStates"": [{""id"": 1, ""status"": ""unanswered""}, {""id"": 2, ""answer"": ""たいへいよう"", ""status"": ""correct""}, {""id"": 3, ""status"": ""unanswered""}, {""id"": 4, ""status"": ""unanswered""}, {""id"": 5, ""answer"": ""inte"", ""status"": ""incorrect""}, {""id"": 6, ""status"": ""unanswered""}, {""id"": 7, ""answer"": ""はんだい"", ""status"": ""correct""}, {""id"": 8, ""answer"": ""science"", ""status"": ""correct""}, {""id"": 9, ""status"": ""unanswered""}, {""id"": 10, ""status"": ""unanswered""}, {""id"": 11, ""status"": ""unanswered""}, {""id"": 12, ""answer"": ""handaisei"", ""status"": ""incorrect""}, {""id"": 13, ""status"": ""unanswered""}, {""id"": 14, ""status"": ""unanswered""}, {""id"": 15, ""status"": ""unanswered""}, {""id"": 16, ""status"": ""unanswered""}, {""id"": 17, ""status"": ""unanswered""}, {""id"": 18, ""status"": ""unanswered""}, {""id"": 19, ""status"": ""unanswered""}, {""id"": 20, ""status"": ""unanswered""}, {""id"": 21, ""status"": ""unanswered""}, {""id"": 22, ""status"": ""unanswered""}, {""id"": 23, ""status"": ""unanswered""}, {""id"": 24, ""status"": ""unanswered""}, {""id"": 25, ""status"": ""unanswered""}], ""totalQuestions"": 25}"
019a3d67-87f7-7183-8762-af44ecfb7d86,019a3d5d-029f-767c-9451-2f7a76094296,6,2025-11-01 03:13:06.55131+00,2025-11-01 03:13:06.55131+00,"{""groupId"": ""019a3d5d-029f-767c-9451-2f7a76094296"", ""startedAt"": ""2025-11-01T03:03:03.219Z"", ""questionStates"": [{""id"": 1, ""answer"": ""たんあ"", ""status"": ""incorrect""}, {""id"": 2, ""status"": ""unanswered""}, {""id"": 3, ""status"": ""unanswered""}, {""id"": 4, ""status"": ""unanswered""}, {""id"": 5, ""status"": ""unanswered""}, {""id"": 6, ""status"": ""unanswered""}, {""id"": 7, ""status"": ""unanswered""}, {""id"": 8, ""status"": ""unanswered""}, {""id"": 9, ""status"": ""unanswered""}, {""id"": 10, ""status"": ""unanswered""}, {""id"": 11, ""status"": ""unanswered""}, {""id"": 12, ""status"": ""unanswered""}, {""id"": 13, ""status"": ""unanswered""}, {""id"": 14, ""answer"": ""げんざいしんこうけい"", ""status"": ""correct""}, {""id"": 15, ""status"": ""unanswered""}, {""id"": 16, ""status"": ""unanswered""}, {""id"": 17, ""status"": ""unanswered""}, {""id"": 18, ""status"": ""unanswered""}, {""id"": 19, ""answer"": ""クリスマス"", ""status"": ""correct""}, {""id"": 20, ""status"": ""unanswered""}, {""id"": 21, ""answer"": ""ちしき"", ""status"": ""incorrect""}, {""id"": 22, ""answer"": ""中国"", ""status"": ""correct""}, {""id"": 23, ""answer"": ""4"", ""status"": ""correct""}, {""id"": 24, ""status"": ""unanswered""}, {""id"": 25, ""status"": ""unanswered""}], ""totalQuestions"": 25}"
019a3d67-fbde-73eb-9368-58a9972f9454,019a3d5d-523d-797f-885c-23a484bd42a4,24,2025-11-01 03:13:36.222539+00,2025-11-01 03:13:36.222539+00,"{""groupId"": ""019a3d5d-523d-797f-885c-23a484bd42a4"", ""startedAt"": ""2025-11-01T03:03:03.902Z"", ""questionStates"": [{""id"": 1, ""status"": ""unanswered""}, {""id"": 2, ""answer"": ""たいへいよう"", ""status"": ""correct""}, {""id"": 3, ""answer"": ""さんま"", ""status"": ""correct""}, {""id"": 4, ""answer"": ""ファミレス"", ""status"": ""correct""}, {""id"": 5, ""answer"": ""インターネット"", ""status"": ""correct""}, {""id"": 6, ""answer"": ""なみ"", ""status"": ""correct""}, {""id"": 7, ""answer"": ""はんだい"", ""status"": ""correct""}, {""id"": 8, ""status"": ""unanswered""}, {""id"": 9, ""status"": ""unanswered""}, {""id"": 10, ""answer"": ""まちかね"", ""status"": ""correct""}, {""id"": 11, ""status"": ""unanswered""}, {""id"": 12, ""status"": ""unanswered""}, {""id"": 13, ""answer"": ""さんごくし"", ""status"": ""correct""}, {""id"": 14, ""answer"": ""げんざいしんこうけい"", ""status"": ""correct""}, {""id"": 15, ""status"": ""unanswered""}, {""id"": 16, ""answer"": ""ねんげつ"", ""status"": ""correct""}, {""id"": 17, ""answer"": ""ちえ"", ""status"": ""correct""}, {""id"": 18, ""answer"": ""バード"", ""status"": ""correct""}, {""id"": 19, ""answer"": ""クリスマス"", ""status"": ""correct""}, {""id"": 20, ""answer"": ""まるすい"", ""status"": ""incorrect""}, {""id"": 21, ""answer"": ""こい"", ""status"": ""correct""}, {""id"": 22, ""status"": ""unanswered""}, {""id"": 23, ""status"": ""unanswered""}, {""id"": 24, ""status"": ""unanswered""}, {""id"": 25, ""status"": ""unanswered""}], ""totalQuestions"": 25}"
019a3d7a-2735-7955-917e-e63cab288e47,019a3d6e-a250-70f0-b714-62102ef355cb,8,2025-11-01 03:33:26.976302+00,2025-11-01 03:33:26.976302+00,"{""groupId"": ""019a3d6e-a250-70f0-b714-62102ef355cb"", ""startedAt"": ""2025-11-01T03:23:20.434Z"", ""questionStates"": [{""id"": 1, ""status"": ""unanswered""}, {""id"": 2, ""status"": ""unanswered""}, {""id"": 3, ""status"": ""unanswered""}, {""id"": 4, ""answer"": ""ふぁみれす"", ""status"": ""correct""}, {""id"": 5, ""answer"": ""INTERNET"", ""status"": ""incorrect""}, {""id"": 6, ""status"": ""unanswered""}, {""id"": 7, ""answer"": ""はんだい"", ""status"": ""correct""}, {""id"": 8, ""answer"": ""SCIENCE"", ""status"": ""correct""}, {""id"": 9, ""status"": ""unanswered""}, {""id"": 10, ""status"": ""unanswered""}, {""id"": 11, ""status"": ""unanswered""}, {""id"": 12, ""status"": ""unanswered""}, {""id"": 13, ""status"": ""unanswered""}, {""id"": 14, ""answer"": ""現在進行形"", ""status"": ""correct""}, {""id"": 15, ""status"": ""unanswered""}, {""id"": 16, ""status"": ""unanswered""}, {""id"": 17, ""status"": ""unanswered""}, {""id"": 18, ""status"": ""unanswered""}, {""id"": 19, ""answer"": ""クリスマス"", ""status"": ""correct""}, {""id"": 20, ""status"": ""unanswered""}, {""id"": 21, ""status"": ""unanswered""}, {""id"": 22, ""status"": ""unanswered""}, {""id"": 23, ""status"": ""unanswered""}, {""id"": 24, ""status"": ""unanswered""}, {""id"": 25, ""status"": ""unanswered""}], ""totalQuestions"": 25}"
019a3d7a-31bf-7518-bb8a-f78dfe586e37,019a3d6e-9312-7682-9861-14360d386b4b,19,2025-11-01 03:33:29.664067+00,2025-11-01 03:33:29.664067+00,"{""groupId"": ""019a3d6e-9312-7682-9861-14360d386b4b"", ""startedAt"": ""2025-11-01T03:23:19.134Z"", ""questionStates"": [{""id"": 1, ""answer"": ""4"", ""status"": ""incorrect""}, {""id"": 2, ""answer"": ""たいへいよう"", ""status"": ""correct""}, {""id"": 3, ""status"": ""unanswered""}, {""id"": 4, ""answer"": ""ふぁみれす"", ""status"": ""correct""}, {""id"": 5, ""answer"": ""INTERNET"", ""status"": ""incorrect""}, {""id"": 6, ""answer"": ""なみ"", ""status"": ""correct""}, {""id"": 7, ""answer"": ""はんだい"", ""status"": ""correct""}, {""id"": 8, ""answer"": ""SCIENCE"", ""status"": ""correct""}, {""id"": 9, ""status"": ""unanswered""}, {""id"": 10, ""status"": ""unanswered""}, {""id"": 11, ""answer"": ""B"", ""status"": ""incorrect""}, {""id"": 12, ""answer"": ""HANDAISEI"", ""status"": ""correct""}, {""id"": 13, ""answer"": ""三国志"", ""status"": ""correct""}, {""id"": 14, ""answer"": ""現在進行形"", ""status"": ""correct""}, {""id"": 15, ""answer"": ""しきい"", ""status"": ""incorrect""}, {""id"": 16, ""status"": ""unanswered""}, {""id"": 17, ""answer"": ""ちえ"", ""status"": ""correct""}, {""id"": 18, ""answer"": ""バード"", ""status"": ""correct""}, {""id"": 19, ""answer"": ""クリスマス"", ""status"": ""correct""}, {""id"": 20, ""answer"": ""えんすい"", ""status"": ""correct""}, {""id"": 21, ""status"": ""unanswered""}, {""id"": 22, ""status"": ""unanswered""}, {""id"": 23, ""status"": ""unanswered""}, {""id"": 24, ""status"": ""unanswered""}, {""id"": 25, ""status"": ""unanswered""}], ""totalQuestions"": 25}"
019a3d7a-355e-745d-a675-07679b36a121,019a3d6e-5cf7-72be-b589-1b93c45b9e46,8,2025-11-01 03:33:30.590476+00,2025-11-01 03:33:30.590476+00,"{""groupId"": ""019a3d6e-5cf7-72be-b589-1b93c45b9e46"", ""startedAt"": ""2025-11-01T03:23:18.611Z"", ""questionStates"": [{""id"": 1, ""status"": ""unanswered""}, {""id"": 2, ""status"": ""unanswered""}, {""id"": 3, ""answer"": ""秋刀魚"", ""status"": ""correct""}, {""id"": 4, ""status"": ""unanswered""}, {""id"": 5, ""answer"": ""INTERNET"", ""status"": ""incorrect""}, {""id"": 6, ""status"": ""unanswered""}, {""id"": 7, ""status"": ""unanswered""}, {""id"": 8, ""status"": ""unanswered""}, {""id"": 9, ""status"": ""unanswered""}, {""id"": 10, ""status"": ""unanswered""}, {""id"": 11, ""status"": ""unanswered""}, {""id"": 12, ""status"": ""unanswered""}, {""id"": 13, ""status"": ""unanswered""}, {""id"": 14, ""answer"": ""現在進行形"", ""status"": ""correct""}, {""id"": 15, ""answer"": ""ちしき"", ""status"": ""correct""}, {""id"": 16, ""status"": ""unanswered""}, {""id"": 17, ""status"": ""unanswered""}, {""id"": 18, ""status"": ""unanswered""}, {""id"": 19, ""status"": ""unanswered""}, {""id"": 20, ""status"": ""unanswered""}, {""id"": 21, ""answer"": ""こい"", ""status"": ""correct""}, {""id"": 22, ""answer"": ""中国"", ""status"": ""correct""}, {""id"": 23, ""answer"": ""4"", ""status"": ""correct""}, {""id"": 24, ""status"": ""unanswered""}, {""id"": 25, ""status"": ""unanswered""}], ""totalQuestions"": 25}"
019a3d7a-74aa-7233-9228-8b8aa5817fcf,019a3d6e-bb5b-7d4e-8f45-2ac902d16b26,17,2025-11-01 03:33:46.794411+00,2025-11-01 03:33:46.794411+00,"{""groupId"": ""019a3d6e-bb5b-7d4e-8f45-2ac902d16b26"", ""startedAt"": ""2025-11-01T03:23:17.789Z"", ""questionStates"": [{""id"": 1, ""status"": ""unanswered""}, {""id"": 2, ""status"": ""unanswered""}, {""id"": 3, ""status"": ""unanswered""}, {""id"": 4, ""answer"": ""ファミレス"", ""status"": ""correct""}, {""id"": 5, ""answer"": ""internet"", ""status"": ""correct""}, {""id"": 6, ""status"": ""unanswered""}, {""id"": 7, ""answer"": ""阪大"", ""status"": ""incorrect""}, {""id"": 8, ""answer"": ""science"", ""status"": ""correct""}, {""id"": 9, ""status"": ""unanswered""}, {""id"": 10, ""status"": ""unanswered""}, {""id"": 11, ""status"": ""unanswered""}, {""id"": 12, ""status"": ""unanswered""}, {""id"": 13, ""answer"": ""三国志"", ""status"": ""correct""}, {""id"": 14, ""answer"": ""現在進行形"", ""status"": ""correct""}, {""id"": 15, ""answer"": ""知識"", ""status"": ""correct""}, {""id"": 16, ""status"": ""unanswered""}, {""id"": 17, ""answer"": ""知恵"", ""status"": ""correct""}, {""id"": 18, ""answer"": ""ばーど"", ""status"": ""correct""}, {""id"": 19, ""answer"": ""クリスマス"", ""status"": ""correct""}, {""id"": 20, ""status"": ""unanswered""}, {""id"": 21, ""status"": ""unanswered""}, {""id"": 22, ""answer"": ""中国"", ""status"": ""correct""}, {""id"": 23, ""answer"": ""4"", ""status"": ""correct""}, {""id"": 24, ""status"": ""unanswered""}, {""id"": 25, ""status"": ""unanswered""}], ""totalQuestions"": 25}"
019a3d7a-c091-72b8-9b9a-ea2d267557dc,019a3d6e-382d-7932-801e-0b3a2bad8d6d,5,2025-11-01 03:34:06.225369+00,2025-11-01 03:34:06.225369+00,"{""groupId"": ""019a3d6e-382d-7932-801e-0b3a2bad8d6d"", ""startedAt"": ""2025-11-01T03:24:05.567Z"", ""questionStates"": [{""id"": 1, ""status"": ""unanswered""}, {""id"": 2, ""status"": ""unanswered""}, {""id"": 3, ""answer"": ""秋刀魚"", ""status"": ""correct""}, {""id"": 4, ""status"": ""unanswered""}, {""id"": 5, ""status"": ""unanswered""}, {""id"": 6, ""status"": ""unanswered""}, {""id"": 7, ""status"": ""unanswered""}, {""id"": 8, ""status"": ""unanswered""}, {""id"": 9, ""status"": ""unanswered""}, {""id"": 10, ""status"": ""unanswered""}, {""id"": 11, ""status"": ""unanswered""}, {""id"": 12, ""status"": ""unanswered""}, {""id"": 13, ""status"": ""unanswered""}, {""id"": 14, ""status"": ""unanswered""}, {""id"": 15, ""status"": ""unanswered""}, {""id"": 16, ""status"": ""unanswered""}, {""id"": 17, ""status"": ""unanswered""}, {""id"": 18, ""status"": ""unanswered""}, {""id"": 19, ""status"": ""unanswered""}, {""id"": 20, ""answer"": ""えんすい"", ""status"": ""correct""}, {""id"": 21, ""answer"": ""こい"", ""status"": ""correct""}, {""id"": 22, ""status"": ""unanswered""}, {""id"": 23, ""status"": ""unanswered""}, {""id"": 24, ""status"": ""unanswered""}, {""id"": 25, ""status"": ""unanswered""}], ""totalQuestions"": 25}"
019a3d8c-4394-77f1-be69-b34f0f27ae01,019a3d80-f0bd-7e92-9776-81611e8993de,8,2025-11-01 03:53:13.885079+00,2025-11-01 03:53:13.885079+00,"{""groupId"": ""019a3d80-f0bd-7e92-9776-81611e8993de"", ""startedAt"": ""2025-11-01T03:43:13.057Z"", ""questionStates"": [{""id"": 1, ""status"": ""unanswered""}, {""id"": 2, ""status"": ""unanswered""}, {""id"": 3, ""status"": ""unanswered""}, {""id"": 4, ""answer"": ""ファミレス"", ""status"": ""correct""}, {""id"": 5, ""answer"": ""INTERNET"", ""status"": ""incorrect""}, {""id"": 6, ""status"": ""unanswered""}, {""id"": 7, ""answer"": ""はんだい"", ""status"": ""correct""}, {""id"": 8, ""answer"": ""science"", ""status"": ""correct""}, {""id"": 9, ""status"": ""unanswered""}, {""id"": 10, ""status"": ""unanswered""}, {""id"": 11, ""status"": ""unanswered""}, {""id"": 12, ""answer"": ""H"", ""status"": ""incorrect""}, {""id"": 13, ""status"": ""unanswered""}, {""id"": 14, ""answer"": ""現在進行形"", ""status"": ""correct""}, {""id"": 15, ""status"": ""unanswered""}, {""id"": 16, ""status"": ""unanswered""}, {""id"": 17, ""status"": ""unanswered""}, {""id"": 18, ""status"": ""unanswered""}, {""id"": 19, ""answer"": ""クリスマス"", ""status"": ""correct""}, {""id"": 20, ""status"": ""unanswered""}, {""id"": 21, ""status"": ""unanswered""}, {""id"": 22, ""status"": ""unanswered""}, {""id"": 23, ""status"": ""unanswered""}, {""id"": 24, ""status"": ""unanswered""}, {""id"": 25, ""status"": ""unanswered""}], ""totalQuestions"": 25}"
019a3d8c-4dbc-7c53-bde9-3297bcdd79af,019a3d80-e892-7729-976c-f90e7e26d7dd,12,2025-11-01 03:53:16.477192+00,2025-11-01 03:53:16.477192+00,"{""groupId"": ""019a3d80-e892-7729-976c-f90e7e26d7dd"", ""startedAt"": ""2025-11-01T03:43:10.875Z"", ""questionStates"": [{""id"": 1, ""status"": ""unanswered""}, {""id"": 2, ""answer"": ""たいへいよう"", ""status"": ""correct""}, {""id"": 3, ""status"": ""unanswered""}, {""id"": 4, ""answer"": ""ふぁみれす"", ""status"": ""correct""}, {""id"": 5, ""answer"": ""Internet"", ""status"": ""correct""}, {""id"": 6, ""status"": ""unanswered""}, {""id"": 7, ""answer"": ""はんだい"", ""status"": ""correct""}, {""id"": 8, ""answer"": ""science"", ""status"": ""correct""}, {""id"": 9, ""status"": ""unanswered""}, {""id"": 10, ""status"": ""unanswered""}, {""id"": 11, ""status"": ""unanswered""}, {""id"": 12, ""status"": ""unanswered""}, {""id"": 13, ""status"": ""unanswered""}, {""id"": 14, ""answer"": ""げんざいしんこうけい"", ""status"": ""correct""}, {""id"": 15, ""answer"": ""ちしき"", ""status"": ""correct""}, {""id"": 16, ""status"": ""unanswered""}, {""id"": 17, ""status"": ""unanswered""}, {""id"": 18, ""status"": ""unanswered""}, {""id"": 19, ""answer"": ""くりすます"", ""status"": ""incorrect""}, {""id"": 20, ""status"": ""unanswered""}, {""id"": 21, ""status"": ""unanswered""}, {""id"": 22, ""answer"": ""ちゅうごく"", ""status"": ""correct""}, {""id"": 23, ""answer"": ""4"", ""status"": ""correct""}, {""id"": 24, ""status"": ""unanswered""}, {""id"": 25, ""status"": ""unanswered""}], ""totalQuestions"": 25}"
019a3d8c-4f75-7357-9551-add9675fc636,019a3d81-5af8-7595-81a7-8e30c8f08d81,8,2025-11-01 03:53:16.918109+00,2025-11-01 03:53:16.918109+00,"{""groupId"": ""019a3d81-5af8-7595-81a7-8e30c8f08d81"", ""startedAt"": ""2025-11-01T03:43:15.681Z"", ""questionStates"": [{""id"": 1, ""status"": ""unanswered""}, {""id"": 2, ""answer"": ""たいへいよう"", ""status"": ""correct""}, {""id"": 3, ""status"": ""unanswered""}, {""id"": 4, ""status"": ""unanswered""}, {""id"": 5, ""answer"": ""internet"", ""status"": ""correct""}, {""id"": 6, ""answer"": ""なみ"", ""status"": ""correct""}, {""id"": 7, ""status"": ""unanswered""}, {""id"": 8, ""status"": ""unanswered""}, {""id"": 9, ""status"": ""unanswered""}, {""id"": 10, ""status"": ""unanswered""}, {""id"": 11, ""answer"": ""B"", ""status"": ""incorrect""}, {""id"": 12, ""answer"": ""handaisei"", ""status"": ""incorrect""}, {""id"": 13, ""status"": ""unanswered""}, {""id"": 14, ""status"": ""unanswered""}, {""id"": 15, ""answer"": ""ちしき"", ""status"": ""correct""}, {""id"": 16, ""status"": ""unanswered""}, {""id"": 17, ""status"": ""unanswered""}, {""id"": 18, ""status"": ""unanswered""}, {""id"": 19, ""status"": ""unanswered""}, {""id"": 20, ""answer"": ""まるすい"", ""status"": ""incorrect""}, {""id"": 21, ""status"": ""unanswered""}, {""id"": 22, ""answer"": ""中国"", ""status"": ""correct""}, {""id"": 23, ""answer"": ""4"", ""status"": ""correct""}, {""id"": 24, ""status"": ""unanswered""}, {""id"": 25, ""status"": ""unanswered""}], ""totalQuestions"": 25}"
019a3d8c-5652-785a-92e5-8221d8226d0e,019a3d80-7e54-7373-ba34-f51c1af85f44,0,2025-11-01 03:53:18.674896+00,2025-11-01 03:53:18.674896+00,"{""groupId"": ""019a3d80-7e54-7373-ba34-f51c1af85f44"", ""startedAt"": ""2025-11-01T03:41:34.385Z"", ""questionStates"": [{""id"": 1, ""status"": ""unanswered""}, {""id"": 2, ""status"": ""unanswered""}, {""id"": 3, ""status"": ""unanswered""}, {""id"": 4, ""status"": ""unanswered""}, {""id"": 5, ""status"": ""unanswered""}, {""id"": 6, ""status"": ""unanswered""}, {""id"": 7, ""status"": ""unanswered""}, {""id"": 8, ""status"": ""unanswered""}, {""id"": 9, ""status"": ""unanswered""}, {""id"": 10, ""status"": ""unanswered""}, {""id"": 11, ""status"": ""unanswered""}, {""id"": 12, ""status"": ""unanswered""}, {""id"": 13, ""status"": ""unanswered""}, {""id"": 14, ""status"": ""unanswered""}, {""id"": 15, ""status"": ""unanswered""}, {""id"": 16, ""status"": ""unanswered""}, {""id"": 17, ""status"": ""unanswered""}, {""id"": 18, ""status"": ""unanswered""}, {""id"": 19, ""status"": ""unanswered""}, {""id"": 20, ""status"": ""unanswered""}, {""id"": 21, ""status"": ""unanswered""}, {""id"": 22, ""status"": ""unanswered""}, {""id"": 23, ""status"": ""unanswered""}, {""id"": 24, ""status"": ""unanswered""}, {""id"": 25, ""status"": ""unanswered""}], ""totalQuestions"": 25}"
019a3d8d-20cf-79d2-a7fa-b67beeda57da,019a3d82-93ae-7e46-9d03-dacc66186737,0,2025-11-01 03:54:10.511944+00,2025-11-01 03:54:10.511944+00,"{""groupId"": ""019a3d82-93ae-7e46-9d03-dacc66186737"", ""startedAt"": ""2025-11-01T03:43:10.424Z"", ""questionStates"": [{""id"": 1, ""status"": ""unanswered""}, {""id"": 2, ""status"": ""unanswered""}, {""id"": 3, ""status"": ""unanswered""}, {""id"": 4, ""status"": ""unanswered""}, {""id"": 5, ""status"": ""unanswered""}, {""id"": 6, ""status"": ""unanswered""}, {""id"": 7, ""status"": ""unanswered""}, {""id"": 8, ""status"": ""unanswered""}, {""id"": 9, ""status"": ""unanswered""}, {""id"": 10, ""status"": ""unanswered""}, {""id"": 11, ""status"": ""unanswered""}, {""id"": 12, ""status"": ""unanswered""}, {""id"": 13, ""status"": ""unanswered""}, {""id"": 14, ""status"": ""unanswered""}, {""id"": 15, ""status"": ""unanswered""}, {""id"": 16, ""status"": ""unanswered""}, {""id"": 17, ""status"": ""unanswered""}, {""id"": 18, ""status"": ""unanswered""}, {""id"": 19, ""status"": ""unanswered""}, {""id"": 20, ""status"": ""unanswered""}, {""id"": 21, ""status"": ""unanswered""}, {""id"": 22, ""status"": ""unanswered""}, {""id"": 23, ""status"": ""unanswered""}, {""id"": 24, ""status"": ""unanswered""}, {""id"": 25, ""status"": ""unanswered""}], ""totalQuestions"": 25}"
019a3d8f-4268-7384-9734-5744716e041c,019a3d80-b0fa-75dc-8731-1a410f8f80e0,13,2025-11-01 03:56:30.184592+00,2025-11-01 03:56:30.184592+00,"{""groupId"": ""019a3d80-b0fa-75dc-8731-1a410f8f80e0"", ""startedAt"": ""2025-11-01T03:43:13.428Z"", ""questionStates"": [{""id"": 1, ""status"": ""unanswered""}, {""id"": 2, ""status"": ""unanswered""}, {""id"": 3, ""answer"": ""さんま"", ""status"": ""correct""}, {""id"": 4, ""answer"": ""ファミレス"", ""status"": ""correct""}, {""id"": 5, ""status"": ""unanswered""}, {""id"": 6, ""status"": ""unanswered""}, {""id"": 7, ""answer"": ""はんだい"", ""status"": ""correct""}, {""id"": 8, ""status"": ""unanswered""}, {""id"": 9, ""status"": ""unanswered""}, {""id"": 10, ""status"": ""unanswered""}, {""id"": 11, ""status"": ""unanswered""}, {""id"": 12, ""status"": ""unanswered""}, {""id"": 13, ""status"": ""unanswered""}, {""id"": 14, ""status"": ""unanswered""}, {""id"": 15, ""status"": ""unanswered""}, {""id"": 16, ""status"": ""unanswered""}, {""id"": 17, ""status"": ""unanswered""}, {""id"": 18, ""status"": ""unanswered""}, {""id"": 19, ""answer"": ""クリスマス"", ""status"": ""correct""}, {""id"": 20, ""answer"": ""えんすい"", ""status"": ""correct""}, {""id"": 21, ""answer"": ""こい"", ""status"": ""correct""}, {""id"": 22, ""status"": ""unanswered""}, {""id"": 23, ""status"": ""unanswered""}, {""id"": 24, ""answer"": ""いんしん"", ""status"": ""correct""}, {""id"": 25, ""status"": ""unanswered""}], ""totalQuestions"": 25}"
019a3d9d-9655-73be-a07d-a9d37e335163,019a3d93-b712-7a53-8ef8-07f9e9a4714e,5,2025-11-01 04:12:09.173805+00,2025-11-01 04:12:09.173805+00,"{""groupId"": ""019a3d93-b712-7a53-8ef8-07f9e9a4714e"", ""startedAt"": ""2025-11-01T04:01:37.504Z"", ""questionStates"": [{""id"": 1, ""status"": ""unanswered""}, {""id"": 2, ""status"": ""unanswered""}, {""id"": 3, ""status"": ""unanswered""}, {""id"": 4, ""status"": ""unanswered""}, {""id"": 5, ""status"": ""unanswered""}, {""id"": 6, ""status"": ""unanswered""}, {""id"": 7, ""status"": ""unanswered""}, {""id"": 8, ""status"": ""unanswered""}, {""id"": 9, ""status"": ""unanswered""}, {""id"": 10, ""status"": ""unanswered""}, {""id"": 11, ""status"": ""unanswered""}, {""id"": 12, ""status"": ""unanswered""}, {""id"": 13, ""answer"": ""三国志"", ""status"": ""correct""}, {""id"": 14, ""answer"": ""げんざいしんこうけい"", ""status"": ""correct""}, {""id"": 15, ""status"": ""unanswered""}, {""id"": 16, ""status"": ""unanswered""}, {""id"": 17, ""status"": ""unanswered""}, {""id"": 18, ""status"": ""unanswered""}, {""id"": 19, ""answer"": ""クリスマス"", ""status"": ""correct""}, {""id"": 20, ""status"": ""unanswered""}, {""id"": 21, ""status"": ""unanswered""}, {""id"": 22, ""status"": ""unanswered""}, {""id"": 23, ""status"": ""unanswered""}, {""id"": 24, ""status"": ""unanswered""}, {""id"": 25, ""status"": ""unanswered""}], ""totalQuestions"": 25}"
019a3d9f-3ac4-7709-a360-e40ef6eefdb4,019a3d93-a73c-7c9f-b6c1-868a32fed61b,11,2025-11-01 04:13:56.805016+00,2025-11-01 04:13:56.805016+00,"{""groupId"": ""019a3d93-a73c-7c9f-b6c1-868a32fed61b"", ""startedAt"": ""2025-11-01T04:03:54.873Z"", ""questionStates"": [{""id"": 1, ""status"": ""unanswered""}, {""id"": 2, ""answer"": ""たいへいよう"", ""status"": ""correct""}, {""id"": 3, ""status"": ""unanswered""}, {""id"": 4, ""answer"": ""ファミレス"", ""status"": ""correct""}, {""id"": 5, ""status"": ""unanswered""}, {""id"": 6, ""status"": ""unanswered""}, {""id"": 7, ""answer"": ""はんだい"", ""status"": ""correct""}, {""id"": 8, ""status"": ""unanswered""}, {""id"": 9, ""status"": ""unanswered""}, {""id"": 10, ""status"": ""unanswered""}, {""id"": 11, ""status"": ""unanswered""}, {""id"": 12, ""status"": ""unanswered""}, {""id"": 13, ""status"": ""unanswered""}, {""id"": 14, ""answer"": ""げんざい"", ""status"": ""incorrect""}, {""id"": 15, ""status"": ""unanswered""}, {""id"": 16, ""status"": ""unanswered""}, {""id"": 17, ""answer"": ""ちえ"", ""status"": ""correct""}, {""id"": 18, ""status"": ""unanswered""}, {""id"": 19, ""answer"": ""クリスマス"", ""status"": ""correct""}, {""id"": 20, ""answer"": ""えんすい"", ""status"": ""correct""}, {""id"": 21, ""answer"": ""こおり"", ""status"": ""incorrect""}, {""id"": 22, ""status"": ""unanswered""}, {""id"": 23, ""status"": ""unanswered""}, {""id"": 24, ""status"": ""unanswered""}, {""id"": 25, ""status"": ""unanswered""}], ""totalQuestions"": 25}"
019a3d9f-4154-74e0-aeb8-28c0166dce01,019a3d93-a24d-794d-be97-bf04ecf2c71b,4,2025-11-01 04:13:58.484882+00,2025-11-01 04:13:58.484882+00,"{""groupId"": ""019a3d93-a24d-794d-be97-bf04ecf2c71b"", ""startedAt"": ""2025-11-01T04:03:54.214Z"", ""questionStates"": [{""id"": 1, ""status"": ""unanswered""}, {""id"": 2, ""status"": ""unanswered""}, {""id"": 3, ""answer"": ""さんま"", ""status"": ""correct""}, {""id"": 4, ""status"": ""unanswered""}, {""id"": 5, ""status"": ""unanswered""}, {""id"": 6, ""status"": ""unanswered""}, {""id"": 7, ""status"": ""unanswered""}, {""id"": 8, ""status"": ""unanswered""}, {""id"": 9, ""status"": ""unanswered""}, {""id"": 10, ""status"": ""unanswered""}, {""id"": 11, ""status"": ""unanswered""}, {""id"": 12, ""answer"": ""阪大生"", ""status"": ""correct""}, {""id"": 13, ""status"": ""unanswered""}, {""id"": 14, ""status"": ""unanswered""}, {""id"": 15, ""answer"": ""しきい"", ""status"": ""incorrect""}, {""id"": 16, ""status"": ""unanswered""}, {""id"": 17, ""status"": ""unanswered""}, {""id"": 18, ""status"": ""unanswered""}, {""id"": 19, ""status"": ""unanswered""}, {""id"": 20, ""status"": ""unanswered""}, {""id"": 21, ""answer"": ""こい"", ""status"": ""correct""}, {""id"": 22, ""status"": ""unanswered""}, {""id"": 23, ""status"": ""unanswered""}, {""id"": 24, ""status"": ""unanswered""}, {""id"": 25, ""status"": ""unanswered""}], ""totalQuestions"": 25}"
019a3d9f-452c-7459-b9c2-f7621f84894f,019a3d94-73b6-7af4-a650-9a843d4f7a96,12,2025-11-01 04:13:59.468793+00,2025-11-01 04:13:59.468793+00,"{""groupId"": ""019a3d94-73b6-7af4-a650-9a843d4f7a96"", ""startedAt"": ""2025-11-01T04:03:56.819Z"", ""questionStates"": [{""id"": 1, ""status"": ""unanswered""}, {""id"": 2, ""answer"": ""たいへいよう"", ""status"": ""correct""}, {""id"": 3, ""status"": ""unanswered""}, {""id"": 4, ""status"": ""unanswered""}, {""id"": 5, ""status"": ""unanswered""}, {""id"": 6, ""answer"": ""波"", ""status"": ""correct""}, {""id"": 7, ""status"": ""unanswered""}, {""id"": 8, ""answer"": ""SCIENCE"", ""status"": ""correct""}, {""id"": 9, ""status"": ""unanswered""}, {""id"": 10, ""answer"": ""まちかね"", ""status"": ""correct""}, {""id"": 11, ""answer"": ""B"", ""status"": ""incorrect""}, {""id"": 12, ""answer"": ""HANDAISEI"", ""status"": ""correct""}, {""id"": 13, ""answer"": ""三国志"", ""status"": ""correct""}, {""id"": 14, ""answer"": ""現在進行形"", ""status"": ""correct""}, {""id"": 15, ""answer"": ""にしき"", ""status"": ""incorrect""}, {""id"": 16, ""status"": ""unanswered""}, {""id"": 17, ""status"": ""unanswered""}, {""id"": 18, ""status"": ""unanswered""}, {""id"": 19, ""answer"": ""クリスマス"", ""status"": ""correct""}, {""id"": 20, ""status"": ""unanswered""}, {""id"": 21, ""status"": ""unanswered""}, {""id"": 22, ""status"": ""unanswered""}, {""id"": 23, ""status"": ""unanswered""}, {""id"": 24, ""status"": ""unanswered""}, {""id"": 25, ""status"": ""unanswered""}], ""totalQuestions"": 25}"
019a3d9f-8757-7e04-a5a4-94df0e0aae36,019a3d93-f088-72e3-aff8-614392aa7104,12,2025-11-01 04:14:16.408369+00,2025-11-01 04:14:16.408369+00,"{""groupId"": ""019a3d93-f088-72e3-aff8-614392aa7104"", ""startedAt"": ""2025-11-01T04:03:55.881Z"", ""questionStates"": [{""id"": 1, ""status"": ""unanswered""}, {""id"": 2, ""status"": ""unanswered""}, {""id"": 3, ""status"": ""unanswered""}, {""id"": 4, ""answer"": ""ファミレス"", ""status"": ""correct""}, {""id"": 5, ""status"": ""unanswered""}, {""id"": 6, ""status"": ""unanswered""}, {""id"": 7, ""status"": ""unanswered""}, {""id"": 8, ""status"": ""unanswered""}, {""id"": 9, ""status"": ""unanswered""}, {""id"": 10, ""status"": ""unanswered""}, {""id"": 11, ""status"": ""unanswered""}, {""id"": 12, ""status"": ""unanswered""}, {""id"": 13, ""answer"": ""さんごくし"", ""status"": ""correct""}, {""id"": 14, ""answer"": ""げんざいしんこうけい"", ""status"": ""correct""}, {""id"": 15, ""status"": ""unanswered""}, {""id"": 16, ""status"": ""unanswered""}, {""id"": 17, ""answer"": ""ちえ"", ""status"": ""correct""}, {""id"": 18, ""answer"": ""ばーど"", ""status"": ""correct""}, {""id"": 19, ""answer"": ""クリスマス"", ""status"": ""correct""}, {""id"": 20, ""status"": ""unanswered""}, {""id"": 21, ""answer"": ""こい"", ""status"": ""correct""}, {""id"": 22, ""status"": ""unanswered""}, {""id"": 23, ""status"": ""unanswered""}, {""id"": 24, ""status"": ""unanswered""}, {""id"": 25, ""status"": ""unanswered""}], ""totalQuestions"": 25}"
019a3d9f-a389-761c-9531-918708269ed9,019a3d94-a9aa-75d8-bdc5-83eccde99baf,6,2025-11-01 04:14:23.626165+00,2025-11-01 04:14:23.626165+00,"{""groupId"": ""019a3d94-a9aa-75d8-bdc5-83eccde99baf"", ""startedAt"": ""2025-11-01T04:03:56.564Z"", ""questionStates"": [{""id"": 1, ""status"": ""unanswered""}, {""id"": 2, ""answer"": ""たいへいよう"", ""status"": ""correct""}, {""id"": 3, ""status"": ""unanswered""}, {""id"": 4, ""status"": ""unanswered""}, {""id"": 5, ""status"": ""unanswered""}, {""id"": 6, ""status"": ""unanswered""}, {""id"": 7, ""status"": ""unanswered""}, {""id"": 8, ""status"": ""unanswered""}, {""id"": 9, ""status"": ""unanswered""}, {""id"": 10, ""status"": ""unanswered""}, {""id"": 11, ""status"": ""unanswered""}, {""id"": 12, ""answer"": ""HANDAISEI"", ""status"": ""correct""}, {""id"": 13, ""status"": ""unanswered""}, {""id"": 14, ""status"": ""unanswered""}, {""id"": 15, ""answer"": ""ちしき"", ""status"": ""correct""}, {""id"": 16, ""status"": ""unanswered""}, {""id"": 17, ""status"": ""unanswered""}, {""id"": 18, ""status"": ""unanswered""}, {""id"": 19, ""status"": ""unanswered""}, {""id"": 20, ""status"": ""unanswered""}, {""id"": 21, ""status"": ""unanswered""}, {""id"": 22, ""answer"": ""中国"", ""status"": ""correct""}, {""id"": 23, ""answer"": ""4"", ""status"": ""correct""}, {""id"": 24, ""status"": ""unanswered""}, {""id"": 25, ""status"": ""unanswered""}], ""totalQuestions"": 25}"
019a3da0-ae01-7288-a751-53c8e5b1beac,019a3d96-2e47-7d94-a927-6792d1e283d7,11,2025-11-01 04:15:31.8416+00,2025-11-01 04:15:31.8416+00,"{""groupId"": ""019a3d96-2e47-7d94-a927-6792d1e283d7"", ""startedAt"": ""2025-11-01T04:05:31.139Z"", ""questionStates"": [{""id"": 1, ""status"": ""unanswered""}, {""id"": 2, ""status"": ""unanswered""}, {""id"": 3, ""status"": ""unanswered""}, {""id"": 4, ""status"": ""unanswered""}, {""id"": 5, ""answer"": ""internet"", ""status"": ""correct""}, {""id"": 6, ""status"": ""unanswered""}, {""id"": 7, ""status"": ""unanswered""}, {""id"": 8, ""answer"": ""science"", ""status"": ""correct""}, {""id"": 9, ""status"": ""unanswered""}, {""id"": 10, ""answer"": ""まちかね"", ""status"": ""correct""}, {""id"": 11, ""status"": ""unanswered""}, {""id"": 12, ""status"": ""unanswered""}, {""id"": 13, ""answer"": ""三国志"", ""status"": ""correct""}, {""id"": 14, ""answer"": ""現在進行形"", ""status"": ""correct""}, {""id"": 15, ""status"": ""unanswered""}, {""id"": 16, ""status"": ""unanswered""}, {""id"": 17, ""status"": ""unanswered""}, {""id"": 18, ""answer"": ""バード"", ""status"": ""correct""}, {""id"": 19, ""status"": ""unanswered""}, {""id"": 20, ""answer"": ""えんすい"", ""status"": ""correct""}, {""id"": 21, ""answer"": ""こい"", ""status"": ""correct""}, {""id"": 22, ""status"": ""unanswered""}, {""id"": 23, ""status"": ""unanswered""}, {""id"": 24, ""status"": ""unanswered""}, {""id"": 25, ""status"": ""unanswered""}], ""totalQuestions"": 25}"
019a3dae-ae78-7ac4-8ad0-ef984ef78802,019a3da5-737d-76eb-89e3-bbf25a9f803d,0,2025-11-01 04:30:49.465943+00,2025-11-01 04:30:49.465943+00,"{""groupId"": ""019a3da5-737d-76eb-89e3-bbf25a9f803d"", ""startedAt"": ""2025-11-01T04:20:49.151Z"", ""questionStates"": [{""id"": 1, ""status"": ""unanswered""}, {""id"": 2, ""status"": ""unanswered""}, {""id"": 3, ""status"": ""unanswered""}, {""id"": 4, ""status"": ""unanswered""}, {""id"": 5, ""status"": ""unanswered""}, {""id"": 6, ""status"": ""unanswered""}, {""id"": 7, ""status"": ""unanswered""}, {""id"": 8, ""status"": ""unanswered""}, {""id"": 9, ""status"": ""unanswered""}, {""id"": 10, ""status"": ""unanswered""}, {""id"": 11, ""status"": ""unanswered""}, {""id"": 12, ""status"": ""unanswered""}, {""id"": 13, ""status"": ""unanswered""}, {""id"": 14, ""status"": ""unanswered""}, {""id"": 15, ""status"": ""unanswered""}, {""id"": 16, ""status"": ""unanswered""}, {""id"": 17, ""status"": ""unanswered""}, {""id"": 18, ""status"": ""unanswered""}, {""id"": 19, ""status"": ""unanswered""}, {""id"": 20, ""status"": ""unanswered""}, {""id"": 21, ""status"": ""unanswered""}, {""id"": 22, ""status"": ""unanswered""}, {""id"": 23, ""status"": ""unanswered""}, {""id"": 24, ""answer"": ""恋"", ""status"": ""incorrect""}, {""id"": 25, ""status"": ""unanswered""}], ""totalQuestions"": 25}"
019a3db1-bca4-7742-a317-d51a80e9468e,019a3da6-5566-7003-9b94-effa0dff8a8a,22,2025-11-01 04:34:09.702239+00,2025-11-01 04:34:09.702239+00,"{""groupId"": ""019a3da6-5566-7003-9b94-effa0dff8a8a"", ""startedAt"": ""2025-11-01T04:24:09.722Z"", ""questionStates"": [{""id"": 1, ""status"": ""unanswered""}, {""id"": 2, ""answer"": ""たいへいよう"", ""status"": ""correct""}, {""id"": 3, ""status"": ""unanswered""}, {""id"": 4, ""answer"": ""ファミレス"", ""status"": ""correct""}, {""id"": 5, ""answer"": ""インターネット"", ""status"": ""correct""}, {""id"": 6, ""status"": ""unanswered""}, {""id"": 7, ""answer"": ""はんだい"", ""status"": ""correct""}, {""id"": 8, ""answer"": ""Science"", ""status"": ""incorrect""}, {""id"": 9, ""status"": ""unanswered""}, {""id"": 10, ""status"": ""unanswered""}, {""id"": 11, ""answer"": ""B"", ""status"": ""incorrect""}, {""id"": 12, ""answer"": ""はんだいせい"", ""status"": ""correct""}, {""id"": 13, ""answer"": ""さんごくし"", ""status"": ""correct""}, {""id"": 14, ""answer"": ""げんざいしんこうけい"", ""status"": ""correct""}, {""id"": 15, ""answer"": ""ちしき"", ""status"": ""correct""}, {""id"": 16, ""answer"": ""ねんげつ"", ""status"": ""correct""}, {""id"": 17, ""status"": ""unanswered""}, {""id"": 18, ""answer"": ""バード"", ""status"": ""correct""}, {""id"": 19, ""answer"": ""クリスマス"", ""status"": ""correct""}, {""id"": 20, ""answer"": ""えんすい"", ""status"": ""correct""}, {""id"": 21, ""status"": ""unanswered""}, {""id"": 22, ""answer"": ""中国"", ""status"": ""correct""}, {""id"": 23, ""answer"": ""4"", ""status"": ""correct""}, {""id"": 24, ""status"": ""unanswered""}, {""id"": 25, ""status"": ""unanswered""}], ""totalQuestions"": 25}"
019a3db1-bd43-740b-a768-3d5df27c3296,019a3da6-048d-78e1-9ff3-bc5ffcdbfe5c,20,2025-11-01 04:34:09.859989+00,2025-11-01 04:34:09.859989+00,"{""groupId"": ""019a3da6-048d-78e1-9ff3-bc5ffcdbfe5c"", ""startedAt"": ""2025-11-01T04:24:09.272Z"", ""questionStates"": [{""id"": 1, ""status"": ""unanswered""}, {""id"": 2, ""status"": ""unanswered""}, {""id"": 3, ""answer"": ""さんま"", ""status"": ""correct""}, {""id"": 4, ""answer"": ""ファミレス"", ""status"": ""correct""}, {""id"": 5, ""answer"": ""INTERNET"", ""status"": ""incorrect""}, {""id"": 6, ""status"": ""unanswered""}, {""id"": 7, ""status"": ""unanswered""}, {""id"": 8, ""answer"": ""SCIENCE"", ""status"": ""correct""}, {""id"": 9, ""status"": ""unanswered""}, {""id"": 10, ""status"": ""unanswered""}, {""id"": 11, ""status"": ""unanswered""}, {""id"": 12, ""status"": ""unanswered""}, {""id"": 13, ""answer"": ""さんごくし"", ""status"": ""correct""}, {""id"": 14, ""answer"": ""げんざいしんこうけい"", ""status"": ""correct""}, {""id"": 15, ""status"": ""unanswered""}, {""id"": 16, ""answer"": ""ねんげつ"", ""status"": ""correct""}, {""id"": 17, ""answer"": ""ちえ"", ""status"": ""correct""}, {""id"": 18, ""status"": ""unanswered""}, {""id"": 19, ""answer"": ""クリスマス"", ""status"": ""correct""}, {""id"": 20, ""answer"": ""えんすい"", ""status"": ""correct""}, {""id"": 21, ""answer"": ""ニシキゴイ"", ""status"": ""incorrect""}, {""id"": 22, ""status"": ""unanswered""}, {""id"": 23, ""status"": ""unanswered""}, {""id"": 24, ""answer"": ""いんしん"", ""status"": ""correct""}, {""id"": 25, ""status"": ""unanswered""}], ""totalQuestions"": 25}"
019a3db1-c936-7993-abe1-d6b218b045a4,019a3da4-dd0f-7514-989d-a466faeff1b3,6,2025-11-01 04:34:12.919567+00,2025-11-01 04:34:12.919567+00,"{""groupId"": ""019a3da4-dd0f-7514-989d-a466faeff1b3"", ""startedAt"": ""2025-11-01T04:24:09.795Z"", ""questionStates"": [{""id"": 1, ""status"": ""unanswered""}, {""id"": 2, ""answer"": ""たいへいよう"", ""status"": ""correct""}, {""id"": 3, ""status"": ""unanswered""}, {""id"": 4, ""status"": ""unanswered""}, {""id"": 5, ""status"": ""unanswered""}, {""id"": 6, ""status"": ""unanswered""}, {""id"": 7, ""status"": ""unanswered""}, {""id"": 8, ""status"": ""unanswered""}, {""id"": 9, ""status"": ""unanswered""}, {""id"": 10, ""status"": ""unanswered""}, {""id"": 11, ""answer"": ""B"", ""status"": ""incorrect""}, {""id"": 12, ""status"": ""unanswered""}, {""id"": 13, ""status"": ""unanswered""}, {""id"": 14, ""status"": ""unanswered""}, {""id"": 15, ""status"": ""unanswered""}, {""id"": 16, ""status"": ""unanswered""}, {""id"": 17, ""status"": ""unanswered""}, {""id"": 18, ""status"": ""unanswered""}, {""id"": 19, ""status"": ""unanswered""}, {""id"": 20, ""answer"": ""えんすい"", ""status"": ""correct""}, {""id"": 21, ""status"": ""unanswered""}, {""id"": 22, ""answer"": ""ちゅうごく"", ""status"": ""correct""}, {""id"": 23, ""answer"": ""4"", ""status"": ""correct""}, {""id"": 24, ""answer"": ""あんしん"", ""status"": ""incorrect""}, {""id"": 25, ""status"": ""unanswered""}], ""totalQuestions"": 25}"
019a3db1-d8b2-762f-af36-921ffb1cf6bd,019a3da4-f984-7bb2-8574-346339855d3d,7,2025-11-01 04:34:16.883007+00,2025-11-01 04:34:16.883007+00,"{""groupId"": ""019a3da4-f984-7bb2-8574-346339855d3d"", ""startedAt"": ""2025-11-01T04:24:08.599Z"", ""questionStates"": [{""id"": 1, ""status"": ""unanswered""}, {""id"": 2, ""answer"": ""たいへいよう"", ""status"": ""correct""}, {""id"": 3, ""status"": ""unanswered""}, {""id"": 4, ""answer"": ""ファミレす"", ""status"": ""incorrect""}, {""id"": 5, ""answer"": ""INTERNET"", ""status"": ""incorrect""}, {""id"": 6, ""status"": ""unanswered""}, {""id"": 7, ""answer"": ""はんだい"", ""status"": ""correct""}, {""id"": 8, ""status"": ""unanswered""}, {""id"": 9, ""status"": ""unanswered""}, {""id"": 10, ""status"": ""unanswered""}, {""id"": 11, ""answer"": ""B"", ""status"": ""incorrect""}, {""id"": 12, ""status"": ""unanswered""}, {""id"": 13, ""status"": ""unanswered""}, {""id"": 14, ""answer"": ""げんざいしんこうけい"", ""status"": ""correct""}, {""id"": 15, ""answer"": ""ちしき"", ""status"": ""correct""}, {""id"": 16, ""status"": ""unanswered""}, {""id"": 17, ""status"": ""unanswered""}, {""id"": 18, ""status"": ""unanswered""}, {""id"": 19, ""status"": ""unanswered""}, {""id"": 20, ""status"": ""unanswered""}, {""id"": 21, ""status"": ""unanswered""}, {""id"": 22, ""answer"": ""中国"", ""status"": ""correct""}, {""id"": 23, ""answer"": ""4"", ""status"": ""correct""}, {""id"": 24, ""status"": ""unanswered""}, {""id"": 25, ""status"": ""unanswered""}], ""totalQuestions"": 25}"
019a3db1-e0f6-7255-b510-0e873fb19016,019a3da7-f041-792b-8b86-0c9ebe3578d7,10,2025-11-01 04:34:18.999355+00,2025-11-01 04:34:18.999355+00,"{""groupId"": ""019a3da7-f041-792b-8b86-0c9ebe3578d7"", ""startedAt"": ""2025-11-01T04:24:09.427Z"", ""questionStates"": [{""id"": 1, ""status"": ""unanswered""}, {""id"": 2, ""status"": ""unanswered""}, {""id"": 3, ""status"": ""unanswered""}, {""id"": 4, ""answer"": ""ふぁみれす"", ""status"": ""correct""}, {""id"": 5, ""status"": ""unanswered""}, {""id"": 6, ""status"": ""unanswered""}, {""id"": 7, ""answer"": ""はんだい"", ""status"": ""correct""}, {""id"": 8, ""status"": ""unanswered""}, {""id"": 9, ""status"": ""unanswered""}, {""id"": 10, ""status"": ""unanswered""}, {""id"": 11, ""status"": ""unanswered""}, {""id"": 12, ""status"": ""unanswered""}, {""id"": 13, ""answer"": ""さんごくし"", ""status"": ""correct""}, {""id"": 14, ""answer"": ""げんざいしんこうけい"", ""status"": ""correct""}, {""id"": 15, ""status"": ""unanswered""}, {""id"": 16, ""status"": ""unanswered""}, {""id"": 17, ""answer"": ""ちえ"", ""status"": ""correct""}, {""id"": 18, ""status"": ""unanswered""}, {""id"": 19, ""answer"": ""くりすます"", ""status"": ""incorrect""}, {""id"": 20, ""status"": ""unanswered""}, {""id"": 21, ""answer"": ""こい"", ""status"": ""correct""}, {""id"": 22, ""status"": ""unanswered""}, {""id"": 23, ""status"": ""unanswered""}, {""id"": 24, ""status"": ""unanswered""}, {""id"": 25, ""status"": ""unanswered""}], ""totalQuestions"": 25}"
019a3db1-ecdb-7475-97af-2aefc37df7db,019a3da5-288d-79a9-ba77-3f52c06ffcae,10,2025-11-01 04:34:22.044497+00,2025-11-01 04:34:22.044497+00,"{""groupId"": ""019a3da5-288d-79a9-ba77-3f52c06ffcae"", ""startedAt"": ""2025-11-01T04:24:09.983Z"", ""questionStates"": [{""id"": 1, ""status"": ""unanswered""}, {""id"": 2, ""answer"": ""たいへいよう"", ""status"": ""correct""}, {""id"": 3, ""answer"": ""秋刀魚"", ""status"": ""correct""}, {""id"": 4, ""status"": ""unanswered""}, {""id"": 5, ""status"": ""unanswered""}, {""id"": 6, ""status"": ""unanswered""}, {""id"": 7, ""status"": ""unanswered""}, {""id"": 8, ""status"": ""unanswered""}, {""id"": 9, ""status"": ""unanswered""}, {""id"": 10, ""answer"": ""まちかね"", ""status"": ""correct""}, {""id"": 11, ""status"": ""unanswered""}, {""id"": 12, ""status"": ""unanswered""}, {""id"": 13, ""status"": ""unanswered""}, {""id"": 14, ""status"": ""unanswered""}, {""id"": 15, ""answer"": ""ちしき"", ""status"": ""correct""}, {""id"": 16, ""status"": ""unanswered""}, {""id"": 17, ""status"": ""unanswered""}, {""id"": 18, ""status"": ""unanswered""}, {""id"": 19, ""status"": ""unanswered""}, {""id"": 20, ""status"": ""unanswered""}, {""id"": 21, ""answer"": ""鯉"", ""status"": ""correct""}, {""id"": 22, ""answer"": ""中国"", ""status"": ""correct""}, {""id"": 23, ""answer"": ""4"", ""status"": ""correct""}, {""id"": 24, ""status"": ""unanswered""}, {""id"": 25, ""status"": ""unanswered""}], ""totalQuestions"": 25}"
019a3db1-fa2b-7cbd-8062-cebd65cbd53b,019a3da5-4841-7c9d-a714-2a73ef23b07e,5,2025-11-01 04:34:25.452411+00,2025-11-01 04:34:25.452411+00,"{""groupId"": ""019a3da5-4841-7c9d-a714-2a73ef23b07e"", ""startedAt"": ""2025-11-01T04:24:11.257Z"", ""questionStates"": [{""id"": 1, ""status"": ""unanswered""}, {""id"": 2, ""status"": ""unanswered""}, {""id"": 3, ""status"": ""unanswered""}, {""id"": 4, ""status"": ""unanswered""}, {""id"": 5, ""answer"": ""INTERNET"", ""status"": ""incorrect""}, {""id"": 6, ""status"": ""unanswered""}, {""id"": 7, ""answer"": ""はんだい"", ""status"": ""correct""}, {""id"": 8, ""status"": ""unanswered""}, {""id"": 9, ""status"": ""unanswered""}, {""id"": 10, ""status"": ""unanswered""}, {""id"": 11, ""answer"": ""B"", ""status"": ""incorrect""}, {""id"": 12, ""answer"": ""阪大生"", ""status"": ""correct""}, {""id"": 13, ""status"": ""unanswered""}, {""id"": 14, ""answer"": ""現在進行系"", ""status"": ""incorrect""}, {""id"": 15, ""status"": ""unanswered""}, {""id"": 16, ""status"": ""unanswered""}, {""id"": 17, ""status"": ""unanswered""}, {""id"": 18, ""answer"": ""くいずはんだい"", ""status"": ""incorrect""}, {""id"": 19, ""status"": ""unanswered""}, {""id"": 20, ""status"": ""unanswered""}, {""id"": 21, ""status"": ""unanswered""}, {""id"": 22, ""answer"": ""中国"", ""status"": ""correct""}, {""id"": 23, ""answer"": ""4"", ""status"": ""correct""}, {""id"": 24, ""status"": ""unanswered""}, {""id"": 25, ""status"": ""unanswered""}], ""totalQuestions"": 25}"
019a3db2-2b12-702e-bb97-8ee007a3d9d2,019a3da4-cfdc-7a95-bffc-e2fe6b5bbb55,19,2025-11-01 04:34:37.97073+00,2025-11-01 04:34:37.97073+00,"{""groupId"": ""019a3da4-cfdc-7a95-bffc-e2fe6b5bbb55"", ""startedAt"": ""2025-11-01T04:24:09.873Z"", ""questionStates"": [{""id"": 1, ""status"": ""unanswered""}, {""id"": 2, ""answer"": ""たいへいよう"", ""status"": ""correct""}, {""id"": 3, ""status"": ""unanswered""}, {""id"": 4, ""answer"": ""ファミレス"", ""status"": ""correct""}, {""id"": 5, ""answer"": ""Internet"", ""status"": ""correct""}, {""id"": 6, ""status"": ""unanswered""}, {""id"": 7, ""status"": ""unanswered""}, {""id"": 8, ""answer"": ""science"", ""status"": ""correct""}, {""id"": 9, ""answer"": ""はんぐる"", ""status"": ""correct""}, {""id"": 10, ""answer"": ""かね"", ""status"": ""incorrect""}, {""id"": 11, ""answer"": ""c"", ""status"": ""incorrect""}, {""id"": 12, ""status"": ""unanswered""}, {""id"": 13, ""answer"": ""さんごくし"", ""status"": ""correct""}, {""id"": 14, ""answer"": ""げんざいしんこうけい"", ""status"": ""correct""}, {""id"": 15, ""answer"": ""ちしき"", ""status"": ""correct""}, {""id"": 16, ""status"": ""unanswered""}, {""id"": 17, ""status"": ""unanswered""}, {""id"": 18, ""answer"": ""ばーど"", ""status"": ""correct""}, {""id"": 19, ""answer"": ""クリスマス"", ""status"": ""correct""}, {""id"": 20, ""status"": ""unanswered""}, {""id"": 21, ""answer"": ""こい"", ""status"": ""correct""}, {""id"": 22, ""answer"": ""ちゅうごく"", ""status"": ""correct""}, {""id"": 23, ""status"": ""unanswered""}, {""id"": 24, ""status"": ""unanswered""}, {""id"": 25, ""status"": ""unanswered""}], ""totalQuestions"": 25}"
019a3db2-572b-7779-8fbf-046a46735a44,019a3da5-41d4-79bc-ad9d-f7ad014094fa,16,2025-11-01 04:34:49.260105+00,2025-11-01 04:34:49.260105+00,"{""groupId"": ""019a3da5-41d4-79bc-ad9d-f7ad014094fa"", ""startedAt"": ""2025-11-01T04:23:05.116Z"", ""questionStates"": [{""id"": 1, ""status"": ""unanswered""}, {""id"": 2, ""answer"": ""たいへいよう"", ""status"": ""correct""}, {""id"": 3, ""status"": ""unanswered""}, {""id"": 4, ""answer"": ""ふぁみれす"", ""status"": ""correct""}, {""id"": 5, ""status"": ""unanswered""}, {""id"": 6, ""answer"": ""波"", ""status"": ""correct""}, {""id"": 7, ""status"": ""unanswered""}, {""id"": 8, ""answer"": ""SCIENCE"", ""status"": ""correct""}, {""id"": 9, ""status"": ""unanswered""}, {""id"": 10, ""answer"": ""まちかね"", ""status"": ""correct""}, {""id"": 11, ""status"": ""unanswered""}, {""id"": 12, ""status"": ""unanswered""}, {""id"": 13, ""answer"": ""三国志"", ""status"": ""correct""}, {""id"": 14, ""status"": ""unanswered""}, {""id"": 15, ""status"": ""unanswered""}, {""id"": 16, ""status"": ""unanswered""}, {""id"": 17, ""answer"": ""ちえ"", ""status"": ""correct""}, {""id"": 18, ""status"": ""unanswered""}, {""id"": 19, ""answer"": ""クリスマス"", ""status"": ""correct""}, {""id"": 20, ""status"": ""unanswered""}, {""id"": 21, ""answer"": ""鯉"", ""status"": ""correct""}, {""id"": 22, ""status"": ""unanswered""}, {""id"": 23, ""status"": ""unanswered""}, {""id"": 24, ""status"": ""unanswered""}, {""id"": 25, ""status"": ""unanswered""}], ""totalQuestions"": 25}"
019a3db2-645f-7b54-b96f-07fa089dd337,019a3da5-755a-77fa-8379-199ad6077af7,9,2025-11-01 04:34:52.640825+00,2025-11-01 04:34:52.640825+00,"{""groupId"": ""019a3da5-755a-77fa-8379-199ad6077af7"", ""startedAt"": ""2025-11-01T04:24:09.737Z"", ""questionStates"": [{""id"": 1, ""status"": ""unanswered""}, {""id"": 2, ""answer"": ""たいへいよう"", ""status"": ""correct""}, {""id"": 3, ""status"": ""unanswered""}, {""id"": 4, ""status"": ""unanswered""}, {""id"": 5, ""answer"": ""INTERNET"", ""status"": ""incorrect""}, {""id"": 6, ""status"": ""unanswered""}, {""id"": 7, ""status"": ""unanswered""}, {""id"": 8, ""status"": ""unanswered""}, {""id"": 9, ""status"": ""unanswered""}, {""id"": 10, ""status"": ""unanswered""}, {""id"": 11, ""status"": ""unanswered""}, {""id"": 12, ""status"": ""unanswered""}, {""id"": 13, ""answer"": ""三国志"", ""status"": ""correct""}, {""id"": 14, ""answer"": ""げんざいしんこうけい"", ""status"": ""correct""}, {""id"": 15, ""answer"": ""ちしき"", ""status"": ""correct""}, {""id"": 16, ""status"": ""unanswered""}, {""id"": 17, ""status"": ""unanswered""}, {""id"": 18, ""answer"": ""ばーど"", ""status"": ""correct""}, {""id"": 19, ""status"": ""unanswered""}, {""id"": 20, ""answer"": ""えんすい"", ""status"": ""correct""}, {""id"": 21, ""status"": ""unanswered""}, {""id"": 22, ""status"": ""unanswered""}, {""id"": 23, ""answer"": ""4"", ""status"": ""correct""}, {""id"": 24, ""status"": ""unanswered""}, {""id"": 25, ""status"": ""unanswered""}], ""totalQuestions"": 25}"
019a3dc6-1813-7126-9b33-9a8a576a57b6,019a3dbb-fb52-7898-bd69-3015aba674a5,9,2025-11-01 04:56:23.839168+00,2025-11-01 04:56:23.839168+00,"{""groupId"": ""019a3dbb-fb52-7898-bd69-3015aba674a5"", ""startedAt"": ""2025-11-01T04:46:21.807Z"", ""questionStates"": [{""id"": 1, ""status"": ""unanswered""}, {""id"": 2, ""status"": ""unanswered""}, {""id"": 3, ""status"": ""unanswered""}, {""id"": 4, ""status"": ""unanswered""}, {""id"": 5, ""answer"": ""INTERNET"", ""status"": ""incorrect""}, {""id"": 6, ""status"": ""unanswered""}, {""id"": 7, ""status"": ""unanswered""}, {""id"": 8, ""status"": ""unanswered""}, {""id"": 9, ""status"": ""unanswered""}, {""id"": 10, ""status"": ""unanswered""}, {""id"": 11, ""status"": ""unanswered""}, {""id"": 12, ""status"": ""unanswered""}, {""id"": 13, ""status"": ""unanswered""}, {""id"": 14, ""answer"": ""現在進行形"", ""status"": ""correct""}, {""id"": 15, ""status"": ""unanswered""}, {""id"": 16, ""status"": ""unanswered""}, {""id"": 17, ""status"": ""unanswered""}, {""id"": 18, ""answer"": ""バード"", ""status"": ""correct""}, {""id"": 19, ""answer"": ""クリスマス"", ""status"": ""correct""}, {""id"": 20, ""status"": ""unanswered""}, {""id"": 21, ""status"": ""unanswered""}, {""id"": 22, ""answer"": ""中国"", ""status"": ""correct""}, {""id"": 23, ""answer"": ""4"", ""status"": ""correct""}, {""id"": 24, ""answer"": ""いんしん"", ""status"": ""correct""}, {""id"": 25, ""status"": ""unanswered""}], ""totalQuestions"": 25}"
019a3dc6-1f06-735f-a857-a5e46640314d,019a3dbc-6cbb-7ce4-a508-d4c085665efe,3,2025-11-01 04:56:25.607111+00,2025-11-01 04:56:25.607111+00,"{""groupId"": ""019a3dbc-6cbb-7ce4-a508-d4c085665efe"", ""startedAt"": ""2025-11-01T04:46:19.895Z"", ""questionStates"": [{""id"": 1, ""status"": ""unanswered""}, {""id"": 2, ""status"": ""unanswered""}, {""id"": 3, ""status"": ""unanswered""}, {""id"": 4, ""status"": ""unanswered""}, {""id"": 5, ""status"": ""unanswered""}, {""id"": 6, ""status"": ""unanswered""}, {""id"": 7, ""answer"": ""はんだい"", ""status"": ""correct""}, {""id"": 8, ""answer"": ""science"", ""status"": ""correct""}, {""id"": 9, ""status"": ""unanswered""}, {""id"": 10, ""status"": ""unanswered""}, {""id"": 11, ""status"": ""unanswered""}, {""id"": 12, ""status"": ""unanswered""}, {""id"": 13, ""answer"": ""みこしく"", ""status"": ""incorrect""}, {""id"": 14, ""answer"": ""現在進行形"", ""status"": ""correct""}, {""id"": 15, ""status"": ""unanswered""}, {""id"": 16, ""status"": ""unanswered""}, {""id"": 17, ""status"": ""unanswered""}, {""id"": 18, ""status"": ""unanswered""}, {""id"": 19, ""status"": ""unanswered""}, {""id"": 20, ""status"": ""unanswered""}, {""id"": 21, ""status"": ""unanswered""}, {""id"": 22, ""status"": ""unanswered""}, {""id"": 23, ""status"": ""unanswered""}, {""id"": 24, ""status"": ""unanswered""}, {""id"": 25, ""status"": ""unanswered""}], ""totalQuestions"": 25}"
019a3dc6-1fa9-7c7b-b55b-790e4d3037b8,019a3dba-bb08-7694-b205-fb5b75536a34,7,2025-11-01 04:56:25.770633+00,2025-11-01 04:56:25.770633+00,"{""groupId"": ""019a3dba-bb08-7694-b205-fb5b75536a34"", ""startedAt"": ""2025-11-01T04:46:21.450Z"", ""questionStates"": [{""id"": 1, ""status"": ""unanswered""}, {""id"": 2, ""answer"": ""たいへいよう"", ""status"": ""correct""}, {""id"": 3, ""status"": ""unanswered""}, {""id"": 4, ""status"": ""unanswered""}, {""id"": 5, ""status"": ""unanswered""}, {""id"": 6, ""answer"": ""なみ"", ""status"": ""correct""}, {""id"": 7, ""status"": ""unanswered""}, {""id"": 8, ""status"": ""unanswered""}, {""id"": 9, ""status"": ""unanswered""}, {""id"": 10, ""answer"": ""まちかね"", ""status"": ""correct""}, {""id"": 11, ""answer"": ""B"", ""status"": ""incorrect""}, {""id"": 12, ""answer"": ""HANDAISEI"", ""status"": ""correct""}, {""id"": 13, ""status"": ""unanswered""}, {""id"": 14, ""status"": ""unanswered""}, {""id"": 15, ""answer"": ""ちしき"", ""status"": ""correct""}, {""id"": 16, ""status"": ""unanswered""}, {""id"": 17, ""status"": ""unanswered""}, {""id"": 18, ""status"": ""unanswered""}, {""id"": 19, ""status"": ""unanswered""}, {""id"": 20, ""status"": ""unanswered""}, {""id"": 21, ""status"": ""unanswered""}, {""id"": 22, ""status"": ""unanswered""}, {""id"": 23, ""status"": ""unanswered""}, {""id"": 24, ""status"": ""unanswered""}, {""id"": 25, ""status"": ""unanswered""}], ""totalQuestions"": 25}"
019a3dc6-22cf-72ab-a4af-00c48e05eb18,019a3dba-b012-7e01-ab33-9602ccd1376e,11,2025-11-01 04:56:26.576157+00,2025-11-01 04:56:26.576157+00,"{""groupId"": ""019a3dba-b012-7e01-ab33-9602ccd1376e"", ""startedAt"": ""2025-11-01T04:46:21.869Z"", ""questionStates"": [{""id"": 1, ""status"": ""unanswered""}, {""id"": 2, ""answer"": ""太平洋"", ""status"": ""correct""}, {""id"": 3, ""status"": ""unanswered""}, {""id"": 4, ""status"": ""unanswered""}, {""id"": 5, ""status"": ""unanswered""}, {""id"": 6, ""status"": ""unanswered""}, {""id"": 7, ""status"": ""unanswered""}, {""id"": 8, ""status"": ""unanswered""}, {""id"": 9, ""status"": ""unanswered""}, {""id"": 10, ""answer"": ""まちかね"", ""status"": ""correct""}, {""id"": 11, ""answer"": ""B"", ""status"": ""incorrect""}, {""id"": 12, ""status"": ""unanswered""}, {""id"": 13, ""answer"": ""三国志"", ""status"": ""correct""}, {""id"": 14, ""answer"": ""現在進行形"", ""status"": ""correct""}, {""id"": 15, ""status"": ""unanswered""}, {""id"": 16, ""status"": ""unanswered""}, {""id"": 17, ""answer"": ""知恵"", ""status"": ""correct""}, {""id"": 18, ""status"": ""unanswered""}, {""id"": 19, ""answer"": ""クリスマス"", ""status"": ""correct""}, {""id"": 20, ""status"": ""unanswered""}, {""id"": 21, ""answer"": ""鯉"", ""status"": ""correct""}, {""id"": 22, ""status"": ""unanswered""}, {""id"": 23, ""status"": ""unanswered""}, {""id"": 24, ""status"": ""unanswered""}, {""id"": 25, ""status"": ""unanswered""}], ""totalQuestions"": 25}"
019a3dc6-2f9a-7d4f-bb10-c4a78e0352da,019a3dba-98ef-72e0-8b6a-29f09820910c,10,2025-11-01 04:56:29.851801+00,2025-11-01 04:56:29.851801+00,"{""groupId"": ""019a3dba-98ef-72e0-8b6a-29f09820910c"", ""startedAt"": ""2025-11-01T04:46:21.865Z"", ""questionStates"": [{""id"": 1, ""status"": ""unanswered""}, {""id"": 2, ""answer"": ""たいへいよう"", ""status"": ""correct""}, {""id"": 3, ""status"": ""unanswered""}, {""id"": 4, ""status"": ""unanswered""}, {""id"": 5, ""answer"": ""INTERNET"", ""status"": ""incorrect""}, {""id"": 6, ""status"": ""unanswered""}, {""id"": 7, ""status"": ""unanswered""}, {""id"": 8, ""status"": ""unanswered""}, {""id"": 9, ""status"": ""unanswered""}, {""id"": 10, ""answer"": ""まちかね"", ""status"": ""correct""}, {""id"": 11, ""answer"": ""B"", ""status"": ""incorrect""}, {""id"": 12, ""answer"": ""HANDAISEI"", ""status"": ""correct""}, {""id"": 13, ""status"": ""unanswered""}, {""id"": 14, ""answer"": ""げんざいしんこうけい"", ""status"": ""correct""}, {""id"": 15, ""answer"": ""ちしき"", ""status"": ""correct""}, {""id"": 16, ""status"": ""unanswered""}, {""id"": 17, ""status"": ""unanswered""}, {""id"": 18, ""answer"": ""ばーど"", ""status"": ""correct""}, {""id"": 19, ""status"": ""unanswered""}, {""id"": 20, ""status"": ""unanswered""}, {""id"": 21, ""status"": ""unanswered""}, {""id"": 22, ""answer"": ""中国"", ""status"": ""correct""}, {""id"": 23, ""answer"": ""4"", ""status"": ""correct""}, {""id"": 24, ""status"": ""unanswered""}, {""id"": 25, ""status"": ""unanswered""}], ""totalQuestions"": 25}"
019a3dc6-474e-70ba-9523-db9c5efda1c0,019a3dbc-1072-7e96-826a-2e9a5f59470e,8,2025-11-01 04:56:35.918869+00,2025-11-01 04:56:35.918869+00,"{""groupId"": ""019a3dbc-1072-7e96-826a-2e9a5f59470e"", ""startedAt"": ""2025-11-01T04:46:21.240Z"", ""questionStates"": [{""id"": 1, ""status"": ""unanswered""}, {""id"": 2, ""status"": ""unanswered""}, {""id"": 3, ""status"": ""unanswered""}, {""id"": 4, ""status"": ""unanswered""}, {""id"": 5, ""answer"": ""INTERNET"", ""status"": ""incorrect""}, {""id"": 6, ""status"": ""unanswered""}, {""id"": 7, ""answer"": ""はんだい"", ""status"": ""correct""}, {""id"": 8, ""status"": ""unanswered""}, {""id"": 9, ""status"": ""unanswered""}, {""id"": 10, ""status"": ""unanswered""}, {""id"": 11, ""status"": ""unanswered""}, {""id"": 12, ""answer"": ""HANDAISEI"", ""status"": ""correct""}, {""id"": 13, ""status"": ""unanswered""}, {""id"": 14, ""answer"": ""現在進行形"", ""status"": ""correct""}, {""id"": 15, ""answer"": ""ちしき"", ""status"": ""correct""}, {""id"": 16, ""status"": ""unanswered""}, {""id"": 17, ""status"": ""unanswered""}, {""id"": 18, ""answer"": ""バード"", ""status"": ""correct""}, {""id"": 19, ""status"": ""unanswered""}, {""id"": 20, ""status"": ""unanswered""}, {""id"": 21, ""status"": ""unanswered""}, {""id"": 22, ""answer"": ""中国"", ""status"": ""correct""}, {""id"": 23, ""answer"": ""4"", ""status"": ""correct""}, {""id"": 24, ""status"": ""unanswered""}, {""id"": 25, ""status"": ""unanswered""}], ""totalQuestions"": 25}"
019a3dc6-4f82-75f3-835c-06d321ff30ad,019a3dba-ec20-71fa-87d3-4a262ea5c096,8,2025-11-01 04:56:38.019258+00,2025-11-01 04:56:38.019258+00,"{""groupId"": ""019a3dba-ec20-71fa-87d3-4a262ea5c096"", ""startedAt"": ""2025-11-01T04:46:31.802Z"", ""questionStates"": [{""id"": 1, ""status"": ""unanswered""}, {""id"": 2, ""status"": ""unanswered""}, {""id"": 3, ""status"": ""unanswered""}, {""id"": 4, ""answer"": ""ファミレス"", ""status"": ""correct""}, {""id"": 5, ""status"": ""unanswered""}, {""id"": 6, ""status"": ""unanswered""}, {""id"": 7, ""answer"": ""はんだい"", ""status"": ""correct""}, {""id"": 8, ""answer"": ""SCIENCE"", ""status"": ""correct""}, {""id"": 9, ""status"": ""unanswered""}, {""id"": 10, ""status"": ""unanswered""}, {""id"": 11, ""status"": ""unanswered""}, {""id"": 12, ""status"": ""unanswered""}, {""id"": 13, ""status"": ""unanswered""}, {""id"": 14, ""status"": ""unanswered""}, {""id"": 15, ""status"": ""unanswered""}, {""id"": 16, ""status"": ""unanswered""}, {""id"": 17, ""answer"": ""ちえ"", ""status"": ""correct""}, {""id"": 18, ""status"": ""unanswered""}, {""id"": 19, ""status"": ""unanswered""}, {""id"": 20, ""status"": ""unanswered""}, {""id"": 21, ""answer"": ""こい"", ""status"": ""correct""}, {""id"": 22, ""status"": ""unanswered""}, {""id"": 23, ""status"": ""unanswered""}, {""id"": 24, ""status"": ""unanswered""}, {""id"": 25, ""status"": ""unanswered""}], ""totalQuestions"": 25}"
019a3dda-ec4b-752b-8f4f-3e2d42a11011,019a3dce-dcfd-778c-a81e-0e4eef9b0e63,8,2025-11-01 05:19:08.876886+00,2025-11-01 05:19:08.876886+00,"{""groupId"": ""019a3dce-dcfd-778c-a81e-0e4eef9b0e63"", ""startedAt"": ""2025-11-01T05:09:05.637Z"", ""questionStates"": [{""id"": 1, ""status"": ""unanswered""}, {""id"": 2, ""answer"": ""たいへいよう"", ""status"": ""correct""}, {""id"": 3, ""status"": ""unanswered""}, {""id"": 4, ""answer"": ""ふぁみれす"", ""status"": ""correct""}, {""id"": 5, ""status"": ""unanswered""}, {""id"": 6, ""status"": ""unanswered""}, {""id"": 7, ""answer"": ""はんだい"", ""status"": ""correct""}, {""id"": 8, ""status"": ""unanswered""}, {""id"": 9, ""status"": ""unanswered""}, {""id"": 10, ""status"": ""unanswered""}, {""id"": 11, ""status"": ""unanswered""}, {""id"": 12, ""status"": ""unanswered""}, {""id"": 13, ""answer"": ""さんごくし"", ""status"": ""correct""}, {""id"": 14, ""answer"": ""げんざいしぶんこうけい"", ""status"": ""incorrect""}, {""id"": 15, ""status"": ""unanswered""}, {""id"": 16, ""status"": ""unanswered""}, {""id"": 17, ""answer"": ""そち"", ""status"": ""incorrect""}, {""id"": 18, ""status"": ""unanswered""}, {""id"": 19, ""answer"": ""くりすます"", ""status"": ""incorrect""}, {""id"": 20, ""status"": ""unanswered""}, {""id"": 21, ""answer"": ""こい"", ""status"": ""correct""}, {""id"": 22, ""status"": ""unanswered""}, {""id"": 23, ""status"": ""unanswered""}, {""id"": 24, ""status"": ""unanswered""}, {""id"": 25, ""status"": ""unanswered""}], ""totalQuestions"": 25}"
019a3dda-f07b-7eb4-a5c6-0a0ec25238df,019a3dcf-dd5a-7bb3-8c91-cf217ead0303,8,2025-11-01 05:19:09.949539+00,2025-11-01 05:19:09.949539+00,"{""groupId"": ""019a3dcf-dd5a-7bb3-8c91-cf217ead0303"", ""startedAt"": ""2025-11-01T05:09:08.504Z"", ""questionStates"": [{""id"": 1, ""status"": ""unanswered""}, {""id"": 2, ""answer"": ""たいへいよう"", ""status"": ""correct""}, {""id"": 3, ""status"": ""unanswered""}, {""id"": 4, ""status"": ""unanswered""}, {""id"": 5, ""status"": ""unanswered""}, {""id"": 6, ""status"": ""unanswered""}, {""id"": 7, ""status"": ""unanswered""}, {""id"": 8, ""answer"": ""science"", ""status"": ""correct""}, {""id"": 9, ""status"": ""unanswered""}, {""id"": 10, ""status"": ""unanswered""}, {""id"": 11, ""status"": ""unanswered""}, {""id"": 12, ""status"": ""unanswered""}, {""id"": 13, ""status"": ""unanswered""}, {""id"": 14, ""answer"": ""げんざいしんこうけい"", ""status"": ""correct""}, {""id"": 15, ""answer"": ""ちしき"", ""status"": ""correct""}, {""id"": 16, ""status"": ""unanswered""}, {""id"": 17, ""status"": ""unanswered""}, {""id"": 18, ""answer"": ""バード"", ""status"": ""correct""}, {""id"": 19, ""status"": ""unanswered""}, {""id"": 20, ""status"": ""unanswered""}, {""id"": 21, ""status"": ""unanswered""}, {""id"": 22, ""answer"": ""中国"", ""status"": ""correct""}, {""id"": 23, ""answer"": ""4"", ""status"": ""correct""}, {""id"": 24, ""status"": ""unanswered""}, {""id"": 25, ""status"": ""unanswered""}], ""totalQuestions"": 25}"
019a3dda-f1cd-7528-b6e7-dafb5ee84908,019a3dce-d8fe-7440-a406-7e8add590917,11,2025-11-01 05:19:10.28638+00,2025-11-01 05:19:10.28638+00,"{""groupId"": ""019a3dce-d8fe-7440-a406-7e8add590917"", ""startedAt"": ""2025-11-01T05:09:07.520Z"", ""questionStates"": [{""id"": 1, ""status"": ""unanswered""}, {""id"": 2, ""answer"": ""たいへいよう"", ""status"": ""correct""}, {""id"": 3, ""status"": ""unanswered""}, {""id"": 4, ""status"": ""unanswered""}, {""id"": 5, ""status"": ""unanswered""}, {""id"": 6, ""status"": ""unanswered""}, {""id"": 7, ""status"": ""unanswered""}, {""id"": 8, ""status"": ""unanswered""}, {""id"": 9, ""status"": ""unanswered""}, {""id"": 10, ""status"": ""unanswered""}, {""id"": 11, ""answer"": ""B"", ""status"": ""incorrect""}, {""id"": 12, ""answer"": ""HANDAISEI"", ""status"": ""correct""}, {""id"": 13, ""status"": ""unanswered""}, {""id"": 14, ""status"": ""unanswered""}, {""id"": 15, ""answer"": ""ちしき"", ""status"": ""correct""}, {""id"": 16, ""status"": ""unanswered""}, {""id"": 17, ""status"": ""unanswered""}, {""id"": 18, ""status"": ""unanswered""}, {""id"": 19, ""status"": ""unanswered""}, {""id"": 20, ""answer"": ""えんすい"", ""status"": ""correct""}, {""id"": 21, ""answer"": ""こい"", ""status"": ""correct""}, {""id"": 22, ""answer"": ""中国"", ""status"": ""correct""}, {""id"": 23, ""answer"": ""4"", ""status"": ""correct""}, {""id"": 24, ""answer"": ""いんしん"", ""status"": ""correct""}, {""id"": 25, ""status"": ""unanswered""}], ""totalQuestions"": 25}"
019a3dda-f66f-790f-ae2a-3d27b66094de,019a3dcd-9d62-7f3c-b9c3-632cf42800fa,13,2025-11-01 05:19:11.47283+00,2025-11-01 05:19:11.47283+00,"{""groupId"": ""019a3dcd-9d62-7f3c-b9c3-632cf42800fa"", ""startedAt"": ""2025-11-01T05:09:03.846Z"", ""questionStates"": [{""id"": 1, ""status"": ""unanswered""}, {""id"": 2, ""status"": ""unanswered""}, {""id"": 3, ""status"": ""unanswered""}, {""id"": 4, ""answer"": ""ふぁみれす"", ""status"": ""correct""}, {""id"": 5, ""answer"": ""INTERNET"", ""status"": ""incorrect""}, {""id"": 6, ""status"": ""unanswered""}, {""id"": 7, ""status"": ""unanswered""}, {""id"": 8, ""answer"": ""SCIENCE"", ""status"": ""correct""}, {""id"": 9, ""status"": ""unanswered""}, {""id"": 10, ""status"": ""unanswered""}, {""id"": 11, ""status"": ""unanswered""}, {""id"": 12, ""status"": ""unanswered""}, {""id"": 13, ""status"": ""unanswered""}, {""id"": 14, ""answer"": ""げんざいしんこうけい"", ""status"": ""correct""}, {""id"": 15, ""answer"": ""ちしき"", ""status"": ""correct""}, {""id"": 16, ""answer"": ""ねんげつ"", ""status"": ""correct""}, {""id"": 17, ""answer"": ""ちえ"", ""status"": ""correct""}, {""id"": 18, ""answer"": ""ばーど"", ""status"": ""correct""}, {""id"": 19, ""status"": ""unanswered""}, {""id"": 20, ""status"": ""unanswered""}, {""id"": 21, ""status"": ""unanswered""}, {""id"": 22, ""status"": ""unanswered""}, {""id"": 23, ""answer"": ""4"", ""status"": ""correct""}, {""id"": 24, ""status"": ""unanswered""}, {""id"": 25, ""status"": ""unanswered""}], ""totalQuestions"": 25}"
019a3dda-f693-77f7-a9d8-87d782ba479a,019a3dcd-baa8-70ef-8a3c-8b2c57b41d3d,5,2025-11-01 05:19:11.509008+00,2025-11-01 05:19:11.509008+00,"{""groupId"": ""019a3dcd-baa8-70ef-8a3c-8b2c57b41d3d"", ""startedAt"": ""2025-11-01T05:09:07.378Z"", ""questionStates"": [{""id"": 1, ""status"": ""unanswered""}, {""id"": 2, ""status"": ""unanswered""}, {""id"": 3, ""status"": ""unanswered""}, {""id"": 4, ""status"": ""unanswered""}, {""id"": 5, ""status"": ""unanswered""}, {""id"": 6, ""status"": ""unanswered""}, {""id"": 7, ""answer"": ""はんだい"", ""status"": ""correct""}, {""id"": 8, ""answer"": ""science"", ""status"": ""correct""}, {""id"": 9, ""status"": ""unanswered""}, {""id"": 10, ""status"": ""unanswered""}, {""id"": 11, ""status"": ""unanswered""}, {""id"": 12, ""status"": ""unanswered""}, {""id"": 13, ""status"": ""unanswered""}, {""id"": 14, ""status"": ""unanswered""}, {""id"": 15, ""status"": ""unanswered""}, {""id"": 16, ""status"": ""unanswered""}, {""id"": 17, ""status"": ""unanswered""}, {""id"": 18, ""status"": ""unanswered""}, {""id"": 19, ""status"": ""unanswered""}, {""id"": 20, ""answer"": ""エンスイ"", ""status"": ""incorrect""}, {""id"": 21, ""answer"": ""こおり"", ""status"": ""incorrect""}, {""id"": 22, ""answer"": ""中国"", ""status"": ""correct""}, {""id"": 23, ""answer"": ""4"", ""status"": ""correct""}, {""id"": 24, ""status"": ""unanswered""}, {""id"": 25, ""status"": ""unanswered""}], ""totalQuestions"": 25}"
019a3dda-fb15-7232-8394-de2e9b12c94c,019a3dcd-665a-7169-bbff-ba6fd9cb54bd,6,2025-11-01 05:19:12.662123+00,2025-11-01 05:19:12.662123+00,"{""groupId"": ""019a3dcd-665a-7169-bbff-ba6fd9cb54bd"", ""startedAt"": ""2025-11-01T05:09:05.308Z"", ""questionStates"": [{""id"": 1, ""status"": ""unanswered""}, {""id"": 2, ""answer"": ""たいへいよう"", ""status"": ""correct""}, {""id"": 3, ""status"": ""unanswered""}, {""id"": 4, ""status"": ""unanswered""}, {""id"": 5, ""status"": ""unanswered""}, {""id"": 6, ""status"": ""unanswered""}, {""id"": 7, ""status"": ""unanswered""}, {""id"": 8, ""status"": ""unanswered""}, {""id"": 9, ""status"": ""unanswered""}, {""id"": 10, ""status"": ""unanswered""}, {""id"": 11, ""status"": ""unanswered""}, {""id"": 12, ""status"": ""unanswered""}, {""id"": 13, ""status"": ""unanswered""}, {""id"": 14, ""status"": ""unanswered""}, {""id"": 15, ""status"": ""unanswered""}, {""id"": 16, ""status"": ""unanswered""}, {""id"": 17, ""status"": ""unanswered""}, {""id"": 18, ""status"": ""unanswered""}, {""id"": 19, ""status"": ""unanswered""}, {""id"": 20, ""answer"": ""えんすい"", ""status"": ""correct""}, {""id"": 21, ""answer"": ""こい"", ""status"": ""correct""}, {""id"": 22, ""status"": ""unanswered""}, {""id"": 23, ""status"": ""unanswered""}, {""id"": 24, ""answer"": ""いんしん"", ""status"": ""correct""}, {""id"": 25, ""status"": ""unanswered""}], ""totalQuestions"": 25}"
019a3ddb-02c1-763f-91b2-17cb8fe44dab,019a3dd0-34fb-7ee3-ae0e-38c18e42fb79,11,2025-11-01 05:19:14.626486+00,2025-11-01 05:19:14.626486+00,"{""groupId"": ""019a3dd0-34fb-7ee3-ae0e-38c18e42fb79"", ""startedAt"": ""2025-11-01T05:09:05.218Z"", ""questionStates"": [{""id"": 1, ""status"": ""unanswered""}, {""id"": 2, ""answer"": ""太平洋"", ""status"": ""correct""}, {""id"": 3, ""status"": ""unanswered""}, {""id"": 4, ""status"": ""unanswered""}, {""id"": 5, ""answer"": ""インターネット"", ""status"": ""correct""}, {""id"": 6, ""status"": ""unanswered""}, {""id"": 7, ""status"": ""unanswered""}, {""id"": 8, ""status"": ""unanswered""}, {""id"": 9, ""status"": ""unanswered""}, {""id"": 10, ""status"": ""unanswered""}, {""id"": 11, ""answer"": ""B"", ""status"": ""incorrect""}, {""id"": 12, ""answer"": ""阪大生"", ""status"": ""correct""}, {""id"": 13, ""answer"": ""三国志"", ""status"": ""correct""}, {""id"": 14, ""answer"": ""現在進行形"", ""status"": ""correct""}, {""id"": 15, ""answer"": ""知識"", ""status"": ""correct""}, {""id"": 16, ""status"": ""unanswered""}, {""id"": 17, ""status"": ""unanswered""}, {""id"": 18, ""status"": ""unanswered""}, {""id"": 19, ""status"": ""unanswered""}, {""id"": 20, ""answer"": ""さんく"", ""status"": ""incorrect""}, {""id"": 21, ""answer"": ""鯉"", ""status"": ""correct""}, {""id"": 22, ""answer"": ""中国"", ""status"": ""correct""}, {""id"": 23, ""answer"": ""4"", ""status"": ""correct""}, {""id"": 24, ""status"": ""unanswered""}, {""id"": 25, ""status"": ""unanswered""}], ""totalQuestions"": 25}"
019a3ddb-73f5-71a2-bb92-4aa9274d88e8,019a3dd2-29e7-746c-92da-77d0fef96177,5,2025-11-01 05:19:43.606123+00,2025-11-01 05:19:43.606123+00,"{""groupId"": ""019a3dd2-29e7-746c-92da-77d0fef96177"", ""startedAt"": ""2025-11-01T05:09:37.224Z"", ""questionStates"": [{""id"": 1, ""status"": ""unanswered""}, {""id"": 2, ""answer"": ""たいへいよう"", ""status"": ""correct""}, {""id"": 3, ""status"": ""unanswered""}, {""id"": 4, ""status"": ""unanswered""}, {""id"": 5, ""answer"": ""INTERNET"", ""status"": ""incorrect""}, {""id"": 6, ""status"": ""unanswered""}, {""id"": 7, ""status"": ""unanswered""}, {""id"": 8, ""status"": ""unanswered""}, {""id"": 9, ""status"": ""unanswered""}, {""id"": 10, ""status"": ""unanswered""}, {""id"": 11, ""status"": ""unanswered""}, {""id"": 12, ""status"": ""unanswered""}, {""id"": 13, ""status"": ""unanswered""}, {""id"": 14, ""answer"": ""けんざいしんこうけい"", ""status"": ""incorrect""}, {""id"": 15, ""answer"": ""ちしき"", ""status"": ""correct""}, {""id"": 16, ""status"": ""unanswered""}, {""id"": 17, ""status"": ""unanswered""}, {""id"": 18, ""status"": ""unanswered""}, {""id"": 19, ""status"": ""unanswered""}, {""id"": 20, ""status"": ""unanswered""}, {""id"": 21, ""status"": ""unanswered""}, {""id"": 22, ""answer"": ""中国"", ""status"": ""correct""}, {""id"": 23, ""answer"": ""4"", ""status"": ""correct""}, {""id"": 24, ""status"": ""unanswered""}, {""id"": 25, ""status"": ""unanswered""}], ""totalQuestions"": 25}"
019a3df0-1c9d-7ef0-b7fd-9f17ed852f5e,019a3de3-ea79-75cd-bdf6-ae9e5829e3b4,17,2025-11-01 05:42:17.512944+00,2025-11-01 05:42:17.512944+00,"{""groupId"": ""019a3de3-ea79-75cd-bdf6-ae9e5829e3b4"", ""startedAt"": ""2025-11-01T05:32:15.672Z"", ""questionStates"": [{""id"": 1, ""status"": ""unanswered""}, {""id"": 2, ""answer"": ""たいへいよう"", ""status"": ""correct""}, {""id"": 3, ""status"": ""unanswered""}, {""id"": 4, ""answer"": ""ファミレス"", ""status"": ""correct""}, {""id"": 5, ""answer"": ""インターネット"", ""status"": ""correct""}, {""id"": 6, ""status"": ""unanswered""}, {""id"": 7, ""answer"": ""はんだい"", ""status"": ""correct""}, {""id"": 8, ""status"": ""unanswered""}, {""id"": 9, ""status"": ""unanswered""}, {""id"": 10, ""status"": ""unanswered""}, {""id"": 11, ""status"": ""unanswered""}, {""id"": 12, ""status"": ""unanswered""}, {""id"": 13, ""answer"": ""さんごくし"", ""status"": ""correct""}, {""id"": 14, ""answer"": ""げんざいしんこうけい"", ""status"": ""correct""}, {""id"": 15, ""answer"": ""知識"", ""status"": ""correct""}, {""id"": 16, ""status"": ""unanswered""}, {""id"": 17, ""answer"": ""ちえ"", ""status"": ""correct""}, {""id"": 18, ""answer"": ""バード"", ""status"": ""correct""}, {""id"": 19, ""answer"": ""クリスマス"", ""status"": ""correct""}, {""id"": 20, ""status"": ""unanswered""}, {""id"": 21, ""status"": ""unanswered""}, {""id"": 22, ""answer"": ""中国"", ""status"": ""correct""}, {""id"": 23, ""answer"": ""3"", ""status"": ""incorrect""}, {""id"": 24, ""status"": ""unanswered""}, {""id"": 25, ""status"": ""unanswered""}], ""totalQuestions"": 25}"
019a3df0-1d9a-743c-b31e-adcdce16464c,019a3de4-7689-7a48-b7f4-685be02e1177,8,2025-11-01 05:42:17.755134+00,2025-11-01 05:42:17.755134+00,"{""groupId"": ""019a3de4-7689-7a48-b7f4-685be02e1177"", ""startedAt"": ""2025-11-01T05:32:16.269Z"", ""questionStates"": [{""id"": 1, ""status"": ""unanswered""}, {""id"": 2, ""status"": ""unanswered""}, {""id"": 3, ""status"": ""unanswered""}, {""id"": 4, ""status"": ""unanswered""}, {""id"": 5, ""answer"": ""インターネット"", ""status"": ""correct""}, {""id"": 6, ""status"": ""unanswered""}, {""id"": 7, ""status"": ""unanswered""}, {""id"": 8, ""status"": ""unanswered""}, {""id"": 9, ""status"": ""unanswered""}, {""id"": 10, ""status"": ""unanswered""}, {""id"": 11, ""status"": ""unanswered""}, {""id"": 12, ""status"": ""unanswered""}, {""id"": 13, ""status"": ""unanswered""}, {""id"": 14, ""status"": ""unanswered""}, {""id"": 15, ""status"": ""unanswered""}, {""id"": 16, ""status"": ""unanswered""}, {""id"": 17, ""status"": ""unanswered""}, {""id"": 18, ""status"": ""unanswered""}, {""id"": 19, ""answer"": ""クリスマス"", ""status"": ""correct""}, {""id"": 20, ""answer"": ""円錐"", ""status"": ""correct""}, {""id"": 21, ""answer"": ""こい"", ""status"": ""correct""}, {""id"": 22, ""answer"": ""中国"", ""status"": ""correct""}, {""id"": 23, ""status"": ""unanswered""}, {""id"": 24, ""status"": ""unanswered""}, {""id"": 25, ""status"": ""unanswered""}], ""totalQuestions"": 25}"
019a3df0-2306-7017-a00c-0b75f8b853ca,019a3de4-76d3-7af4-89a5-a67a2d372359,18,2025-11-01 05:42:19.142998+00,2025-11-01 05:42:19.142998+00,"{""groupId"": ""019a3de4-76d3-7af4-89a5-a67a2d372359"", ""startedAt"": ""2025-11-01T05:32:17.366Z"", ""questionStates"": [{""id"": 1, ""answer"": ""単位"", ""status"": ""correct""}, {""id"": 2, ""status"": ""unanswered""}, {""id"": 3, ""answer"": ""さんま"", ""status"": ""correct""}, {""id"": 4, ""answer"": ""ファミレス"", ""status"": ""correct""}, {""id"": 5, ""status"": ""unanswered""}, {""id"": 6, ""status"": ""unanswered""}, {""id"": 7, ""answer"": ""はんだい"", ""status"": ""correct""}, {""id"": 8, ""answer"": ""science"", ""status"": ""correct""}, {""id"": 9, ""status"": ""unanswered""}, {""id"": 10, ""status"": ""unanswered""}, {""id"": 11, ""status"": ""unanswered""}, {""id"": 12, ""status"": ""unanswered""}, {""id"": 13, ""answer"": ""三国志"", ""status"": ""correct""}, {""id"": 14, ""answer"": ""現在進行形"", ""status"": ""correct""}, {""id"": 15, ""status"": ""unanswered""}, {""id"": 16, ""status"": ""unanswered""}, {""id"": 17, ""answer"": ""ちえ"", ""status"": ""correct""}, {""id"": 18, ""status"": ""unanswered""}, {""id"": 19, ""answer"": ""クリスマス"", ""status"": ""correct""}, {""id"": 20, ""status"": ""unanswered""}, {""id"": 21, ""answer"": ""こい"", ""status"": ""correct""}, {""id"": 22, ""status"": ""unanswered""}, {""id"": 23, ""status"": ""unanswered""}, {""id"": 24, ""status"": ""unanswered""}, {""id"": 25, ""status"": ""unanswered""}], ""totalQuestions"": 25}"
019a3df0-263e-719c-a5c0-389e12c80739,019a3de4-d691-74ad-981f-0b288717790f,9,2025-11-01 05:42:19.966906+00,2025-11-01 05:42:19.966906+00,"{""groupId"": ""019a3de4-d691-74ad-981f-0b288717790f"", ""startedAt"": ""2025-11-01T05:32:16.774Z"", ""questionStates"": [{""id"": 1, ""status"": ""unanswered""}, {""id"": 2, ""status"": ""unanswered""}, {""id"": 3, ""status"": ""unanswered""}, {""id"": 4, ""status"": ""unanswered""}, {""id"": 5, ""status"": ""unanswered""}, {""id"": 6, ""status"": ""unanswered""}, {""id"": 7, ""status"": ""unanswered""}, {""id"": 8, ""answer"": ""SCIENCE"", ""status"": ""correct""}, {""id"": 9, ""status"": ""unanswered""}, {""id"": 10, ""answer"": ""まちかね"", ""status"": ""correct""}, {""id"": 11, ""status"": ""unanswered""}, {""id"": 12, ""status"": ""unanswered""}, {""id"": 13, ""answer"": ""三国志"", ""status"": ""correct""}, {""id"": 14, ""status"": ""unanswered""}, {""id"": 15, ""status"": ""unanswered""}, {""id"": 16, ""status"": ""unanswered""}, {""id"": 17, ""status"": ""unanswered""}, {""id"": 18, ""status"": ""unanswered""}, {""id"": 19, ""status"": ""unanswered""}, {""id"": 20, ""answer"": ""えんすい"", ""status"": ""correct""}, {""id"": 21, ""answer"": ""こい"", ""status"": ""correct""}, {""id"": 22, ""status"": ""unanswered""}, {""id"": 23, ""answer"": ""4"", ""status"": ""correct""}, {""id"": 24, ""status"": ""unanswered""}, {""id"": 25, ""status"": ""unanswered""}], ""totalQuestions"": 25}"
019a3df0-2ad9-722e-8fac-9b2ae9668638,019a3de5-eb1d-782f-ad83-58736f622988,10,2025-11-01 05:42:21.146023+00,2025-11-01 05:42:21.146023+00,"{""groupId"": ""019a3de5-eb1d-782f-ad83-58736f622988"", ""startedAt"": ""2025-11-01T05:32:18.549Z"", ""questionStates"": [{""id"": 1, ""status"": ""unanswered""}, {""id"": 2, ""answer"": ""たいへいよう"", ""status"": ""correct""}, {""id"": 3, ""status"": ""unanswered""}, {""id"": 4, ""answer"": ""ファミレス"", ""status"": ""correct""}, {""id"": 5, ""status"": ""unanswered""}, {""id"": 6, ""status"": ""unanswered""}, {""id"": 7, ""answer"": ""はんだい"", ""status"": ""correct""}, {""id"": 8, ""status"": ""unanswered""}, {""id"": 9, ""status"": ""unanswered""}, {""id"": 10, ""status"": ""unanswered""}, {""id"": 11, ""answer"": ""B"", ""status"": ""incorrect""}, {""id"": 12, ""answer"": ""HANDAISEI"", ""status"": ""correct""}, {""id"": 13, ""answer"": ""三国志"", ""status"": ""correct""}, {""id"": 14, ""status"": ""unanswered""}, {""id"": 15, ""status"": ""unanswered""}, {""id"": 16, ""status"": ""unanswered""}, {""id"": 17, ""status"": ""unanswered""}, {""id"": 18, ""status"": ""unanswered""}, {""id"": 19, ""answer"": ""クリスマス"", ""status"": ""correct""}, {""id"": 20, ""status"": ""unanswered""}, {""id"": 21, ""status"": ""unanswered""}, {""id"": 22, ""status"": ""unanswered""}, {""id"": 23, ""status"": ""unanswered""}, {""id"": 24, ""status"": ""unanswered""}, {""id"": 25, ""status"": ""unanswered""}], ""totalQuestions"": 25}"
019a3df0-2e6d-72a1-819e-63813afe18f7,019a3de5-6fb6-762c-adad-15abbf45932e,14,2025-11-01 05:42:22.062006+00,2025-11-01 05:42:22.062006+00,"{""groupId"": ""019a3de5-6fb6-762c-adad-15abbf45932e"", ""startedAt"": ""2025-11-01T05:32:16.045Z"", ""questionStates"": [{""id"": 1, ""answer"": ""たんい"", ""status"": ""correct""}, {""id"": 2, ""status"": ""unanswered""}, {""id"": 3, ""answer"": ""さんま"", ""status"": ""correct""}, {""id"": 4, ""answer"": ""ファミレス"", ""status"": ""correct""}, {""id"": 5, ""answer"": ""internet"", ""status"": ""correct""}, {""id"": 6, ""status"": ""unanswered""}, {""id"": 7, ""answer"": ""はんだい"", ""status"": ""correct""}, {""id"": 8, ""answer"": ""science"", ""status"": ""correct""}, {""id"": 9, ""answer"": ""ハングル"", ""status"": ""correct""}, {""id"": 10, ""status"": ""unanswered""}, {""id"": 11, ""status"": ""unanswered""}, {""id"": 12, ""status"": ""unanswered""}, {""id"": 13, ""status"": ""unanswered""}, {""id"": 14, ""status"": ""unanswered""}, {""id"": 15, ""status"": ""unanswered""}, {""id"": 16, ""status"": ""unanswered""}, {""id"": 17, ""status"": ""unanswered""}, {""id"": 18, ""status"": ""unanswered""}, {""id"": 19, ""status"": ""unanswered""}, {""id"": 20, ""status"": ""unanswered""}, {""id"": 21, ""status"": ""unanswered""}, {""id"": 22, ""status"": ""unanswered""}, {""id"": 23, ""status"": ""unanswered""}, {""id"": 24, ""status"": ""unanswered""}, {""id"": 25, ""status"": ""unanswered""}], ""totalQuestions"": 25}"
019a3df0-34c9-715d-b138-4cf7067362bf,019a3de6-e43a-7894-aca9-a1f325569f64,5,2025-11-01 05:42:23.690096+00,2025-11-01 05:42:23.690096+00,"{""groupId"": ""019a3de6-e43a-7894-aca9-a1f325569f64"", ""startedAt"": ""2025-11-01T05:32:18.828Z"", ""questionStates"": [{""id"": 1, ""status"": ""unanswered""}, {""id"": 2, ""answer"": ""たいへいよう"", ""status"": ""correct""}, {""id"": 3, ""status"": ""unanswered""}, {""id"": 4, ""answer"": ""ファミレス"", ""status"": ""correct""}, {""id"": 5, ""status"": ""unanswered""}, {""id"": 6, ""status"": ""unanswered""}, {""id"": 7, ""answer"": ""はんだい"", ""status"": ""correct""}, {""id"": 8, ""status"": ""unanswered""}, {""id"": 9, ""status"": ""unanswered""}, {""id"": 10, ""status"": ""unanswered""}, {""id"": 11, ""status"": ""unanswered""}, {""id"": 12, ""status"": ""unanswered""}, {""id"": 13, ""status"": ""unanswered""}, {""id"": 14, ""status"": ""unanswered""}, {""id"": 15, ""status"": ""unanswered""}, {""id"": 16, ""status"": ""unanswered""}, {""id"": 17, ""status"": ""unanswered""}, {""id"": 18, ""status"": ""unanswered""}, {""id"": 19, ""status"": ""unanswered""}, {""id"": 20, ""status"": ""unanswered""}, {""id"": 21, ""status"": ""unanswered""}, {""id"": 22, ""status"": ""unanswered""}, {""id"": 23, ""status"": ""unanswered""}, {""id"": 24, ""status"": ""unanswered""}, {""id"": 25, ""status"": ""unanswered""}], ""totalQuestions"": 25}"
019a3df0-3ecd-792b-8a0a-8410f6b32b80,019a3de6-3342-77d1-927c-39b04d0177f7,9,2025-11-01 05:42:26.254454+00,2025-11-01 05:42:26.254454+00,"{""groupId"": ""019a3de6-3342-77d1-927c-39b04d0177f7"", ""startedAt"": ""2025-11-01T05:32:18.504Z"", ""questionStates"": [{""id"": 1, ""status"": ""unanswered""}, {""id"": 2, ""answer"": ""たいへいよう"", ""status"": ""correct""}, {""id"": 3, ""status"": ""unanswered""}, {""id"": 4, ""status"": ""unanswered""}, {""id"": 5, ""answer"": ""INTERNET"", ""status"": ""incorrect""}, {""id"": 6, ""status"": ""unanswered""}, {""id"": 7, ""status"": ""unanswered""}, {""id"": 8, ""status"": ""unanswered""}, {""id"": 9, ""status"": ""unanswered""}, {""id"": 10, ""answer"": ""まちかね"", ""status"": ""correct""}, {""id"": 11, ""answer"": ""B"", ""status"": ""incorrect""}, {""id"": 12, ""status"": ""unanswered""}, {""id"": 13, ""status"": ""unanswered""}, {""id"": 14, ""status"": ""unanswered""}, {""id"": 15, ""answer"": ""ちしき"", ""status"": ""correct""}, {""id"": 16, ""status"": ""unanswered""}, {""id"": 17, ""status"": ""unanswered""}, {""id"": 18, ""status"": ""unanswered""}, {""id"": 19, ""status"": ""unanswered""}, {""id"": 20, ""answer"": ""えんすい"", ""status"": ""correct""}, {""id"": 21, ""status"": ""unanswered""}, {""id"": 22, ""answer"": ""中国"", ""status"": ""correct""}, {""id"": 23, ""answer"": ""4"", ""status"": ""correct""}, {""id"": 24, ""status"": ""unanswered""}, {""id"": 25, ""status"": ""unanswered""}], ""totalQuestions"": 25}"
019a3df0-3f97-756f-ac0c-484ab57a0528,019a3de5-c392-78b3-be6b-6a48663ab5bf,4,2025-11-01 05:42:26.456656+00,2025-11-01 05:42:26.456656+00,"{""groupId"": ""019a3de5-c392-78b3-be6b-6a48663ab5bf"", ""startedAt"": ""2025-11-01T05:32:16.805Z"", ""questionStates"": [{""id"": 1, ""answer"": ""たんい"", ""status"": ""correct""}, {""id"": 2, ""answer"": ""たいへいよう"", ""status"": ""correct""}, {""id"": 3, ""status"": ""unanswered""}, {""id"": 4, ""status"": ""unanswered""}, {""id"": 5, ""status"": ""unanswered""}, {""id"": 6, ""status"": ""unanswered""}, {""id"": 7, ""status"": ""unanswered""}, {""id"": 8, ""status"": ""unanswered""}, {""id"": 9, ""status"": ""unanswered""}, {""id"": 10, ""status"": ""unanswered""}, {""id"": 11, ""status"": ""unanswered""}, {""id"": 12, ""status"": ""unanswered""}, {""id"": 13, ""status"": ""unanswered""}, {""id"": 14, ""status"": ""unanswered""}, {""id"": 15, ""status"": ""unanswered""}, {""id"": 16, ""status"": ""unanswered""}, {""id"": 17, ""status"": ""unanswered""}, {""id"": 18, ""status"": ""unanswered""}, {""id"": 19, ""status"": ""unanswered""}, {""id"": 20, ""status"": ""unanswered""}, {""id"": 21, ""status"": ""unanswered""}, {""id"": 22, ""status"": ""unanswered""}, {""id"": 23, ""status"": ""unanswered""}, {""id"": 24, ""status"": ""unanswered""}, {""id"": 25, ""status"": ""unanswered""}], ""totalQuestions"": 25}"
019a3df0-430c-7326-8fea-ab7a9c549b03,019a3de6-43a0-7168-a838-efb89fc686b1,3,2025-11-01 05:42:27.341078+00,2025-11-01 05:42:27.341078+00,"{""groupId"": ""019a3de6-43a0-7168-a838-efb89fc686b1"", ""startedAt"": ""2025-11-01T05:32:16.692Z"", ""questionStates"": [{""id"": 1, ""status"": ""unanswered""}, {""id"": 2, ""status"": ""unanswered""}, {""id"": 3, ""status"": ""unanswered""}, {""id"": 4, ""status"": ""unanswered""}, {""id"": 5, ""answer"": ""INTERNET"", ""status"": ""incorrect""}, {""id"": 6, ""status"": ""unanswered""}, {""id"": 7, ""status"": ""unanswered""}, {""id"": 8, ""status"": ""unanswered""}, {""id"": 9, ""status"": ""unanswered""}, {""id"": 10, ""status"": ""unanswered""}, {""id"": 11, ""answer"": ""B"", ""status"": ""incorrect""}, {""id"": 12, ""answer"": ""HANDAISEI"", ""status"": ""correct""}, {""id"": 13, ""status"": ""unanswered""}, {""id"": 14, ""status"": ""unanswered""}, {""id"": 15, ""status"": ""unanswered""}, {""id"": 16, ""status"": ""unanswered""}, {""id"": 17, ""status"": ""unanswered""}, {""id"": 18, ""status"": ""unanswered""}, {""id"": 19, ""status"": ""unanswered""}, {""id"": 20, ""status"": ""unanswered""}, {""id"": 21, ""status"": ""unanswered""}, {""id"": 22, ""answer"": ""中国"", ""status"": ""correct""}, {""id"": 23, ""status"": ""unanswered""}, {""id"": 24, ""status"": ""unanswered""}, {""id"": 25, ""status"": ""unanswered""}], ""totalQuestions"": 25}"
019a3e55-3e6c-7257-96da-ee7114a27f97,019a3e4a-d6b5-70f3-b0ca-79ff2ebad851,1,2025-11-01 07:32:45.292206+00,2025-11-01 07:32:45.292206+00,"{""groupId"": ""019a3e4a-d6b5-70f3-b0ca-79ff2ebad851"", ""startedAt"": ""2025-11-01T07:22:21.919Z"", ""questionStates"": [{""id"": 1, ""status"": ""unanswered""}, {""id"": 2, ""answer"": ""たいへいよう"", ""status"": ""correct""}, {""id"": 3, ""status"": ""unanswered""}, {""id"": 4, ""status"": ""unanswered""}, {""id"": 5, ""status"": ""unanswered""}, {""id"": 6, ""status"": ""unanswered""}, {""id"": 7, ""status"": ""unanswered""}, {""id"": 8, ""status"": ""unanswered""}, {""id"": 9, ""status"": ""unanswered""}, {""id"": 10, ""status"": ""unanswered""}, {""id"": 11, ""status"": ""unanswered""}, {""id"": 12, ""status"": ""unanswered""}, {""id"": 13, ""status"": ""unanswered""}, {""id"": 14, ""status"": ""unanswered""}, {""id"": 15, ""status"": ""unanswered""}, {""id"": 16, ""status"": ""unanswered""}, {""id"": 17, ""status"": ""unanswered""}, {""id"": 18, ""status"": ""unanswered""}, {""id"": 19, ""status"": ""unanswered""}, {""id"": 20, ""status"": ""unanswered""}, {""id"": 21, ""status"": ""unanswered""}, {""id"": 22, ""status"": ""unanswered""}, {""id"": 23, ""status"": ""unanswered""}, {""id"": 24, ""status"": ""unanswered""}, {""id"": 25, ""status"": ""unanswered""}], ""totalQuestions"": 25}"
019a3df0-451d-788e-8181-6c155b491297,019a3de4-5b27-7030-9f4b-53b2ec575b45,9,2025-11-01 05:42:27.870398+00,2025-11-01 05:42:27.870398+00,"{""groupId"": ""019a3de4-5b27-7030-9f4b-53b2ec575b45"", ""startedAt"": ""2025-11-01T05:32:16.991Z"", ""questionStates"": [{""id"": 1, ""answer"": ""たんい"", ""status"": ""correct""}, {""id"": 2, ""status"": ""unanswered""}, {""id"": 3, ""status"": ""unanswered""}, {""id"": 4, ""answer"": ""ふぁみれす"", ""status"": ""correct""}, {""id"": 5, ""status"": ""unanswered""}, {""id"": 6, ""status"": ""unanswered""}, {""id"": 7, ""answer"": ""はんだあ"", ""status"": ""incorrect""}, {""id"": 8, ""status"": ""unanswered""}, {""id"": 9, ""status"": ""unanswered""}, {""id"": 10, ""status"": ""unanswered""}, {""id"": 11, ""status"": ""unanswered""}, {""id"": 12, ""status"": ""unanswered""}, {""id"": 13, ""answer"": ""三国志"", ""status"": ""correct""}, {""id"": 14, ""answer"": ""げんざいしんこうけい"", ""status"": ""correct""}, {""id"": 15, ""status"": ""unanswered""}, {""id"": 16, ""status"": ""unanswered""}, {""id"": 17, ""status"": ""unanswered""}, {""id"": 18, ""status"": ""unanswered""}, {""id"": 19, ""status"": ""unanswered""}, {""id"": 20, ""status"": ""unanswered""}, {""id"": 21, ""status"": ""unanswered""}, {""id"": 22, ""status"": ""unanswered""}, {""id"": 23, ""status"": ""unanswered""}, {""id"": 24, ""status"": ""unanswered""}, {""id"": 25, ""status"": ""unanswered""}], ""totalQuestions"": 25}"
019a3df0-6013-7f26-ab7f-4c26f17a5df4,019a3de5-c226-777f-97d7-89f52cfb8b6e,7,2025-11-01 05:42:34.772914+00,2025-11-01 05:42:34.772914+00,"{""groupId"": ""019a3de5-c226-777f-97d7-89f52cfb8b6e"", ""startedAt"": ""2025-11-01T05:32:15.473Z"", ""questionStates"": [{""id"": 1, ""status"": ""unanswered""}, {""id"": 2, ""answer"": ""たいへいよう"", ""status"": ""correct""}, {""id"": 3, ""status"": ""unanswered""}, {""id"": 4, ""status"": ""unanswered""}, {""id"": 5, ""answer"": ""INTERNET"", ""status"": ""incorrect""}, {""id"": 6, ""status"": ""unanswered""}, {""id"": 7, ""status"": ""unanswered""}, {""id"": 8, ""status"": ""unanswered""}, {""id"": 9, ""status"": ""unanswered""}, {""id"": 10, ""status"": ""unanswered""}, {""id"": 11, ""status"": ""unanswered""}, {""id"": 12, ""answer"": ""HANDAISEI"", ""status"": ""correct""}, {""id"": 13, ""status"": ""unanswered""}, {""id"": 14, ""status"": ""unanswered""}, {""id"": 15, ""answer"": ""ちしき"", ""status"": ""correct""}, {""id"": 16, ""status"": ""unanswered""}, {""id"": 17, ""status"": ""unanswered""}, {""id"": 18, ""status"": ""unanswered""}, {""id"": 19, ""status"": ""unanswered""}, {""id"": 20, ""status"": ""unanswered""}, {""id"": 21, ""answer"": ""コイ"", ""status"": ""correct""}, {""id"": 22, ""answer"": ""中国"", ""status"": ""correct""}, {""id"": 23, ""answer"": ""4"", ""status"": ""correct""}, {""id"": 24, ""status"": ""unanswered""}, {""id"": 25, ""status"": ""unanswered""}], ""totalQuestions"": 25}"
019a3e07-bd8a-782c-a0e9-b2233407d2e2,019a3dfd-ec02-740a-856b-d929fa508bd9,6,2025-11-01 06:08:06.039543+00,2025-11-01 06:08:06.039543+00,"{""groupId"": ""019a3dfd-ec02-740a-856b-d929fa508bd9"", ""startedAt"": ""2025-11-01T05:58:03.054Z"", ""questionStates"": [{""id"": 1, ""status"": ""unanswered""}, {""id"": 2, ""answer"": ""太平洋"", ""status"": ""correct""}, {""id"": 3, ""status"": ""unanswered""}, {""id"": 4, ""status"": ""unanswered""}, {""id"": 5, ""status"": ""unanswered""}, {""id"": 6, ""status"": ""unanswered""}, {""id"": 7, ""status"": ""unanswered""}, {""id"": 8, ""status"": ""unanswered""}, {""id"": 9, ""status"": ""unanswered""}, {""id"": 10, ""answer"": ""まちかね"", ""status"": ""correct""}, {""id"": 11, ""answer"": ""B"", ""status"": ""incorrect""}, {""id"": 12, ""status"": ""unanswered""}, {""id"": 13, ""status"": ""unanswered""}, {""id"": 14, ""status"": ""unanswered""}, {""id"": 15, ""status"": ""unanswered""}, {""id"": 16, ""status"": ""unanswered""}, {""id"": 17, ""status"": ""unanswered""}, {""id"": 18, ""status"": ""unanswered""}, {""id"": 19, ""status"": ""unanswered""}, {""id"": 20, ""answer"": ""円錐"", ""status"": ""correct""}, {""id"": 21, ""answer"": ""鯉"", ""status"": ""correct""}, {""id"": 22, ""status"": ""unanswered""}, {""id"": 23, ""status"": ""unanswered""}, {""id"": 24, ""status"": ""unanswered""}, {""id"": 25, ""status"": ""unanswered""}], ""totalQuestions"": 25}"
019a3e07-c113-7d1c-aa56-24575dfe3c54,019a3dfe-1504-71e0-ae7c-36fe2e429109,12,2025-11-01 06:08:06.93245+00,2025-11-01 06:08:06.93245+00,"{""groupId"": ""019a3dfe-1504-71e0-ae7c-36fe2e429109"", ""startedAt"": ""2025-11-01T05:58:00.382Z"", ""questionStates"": [{""id"": 1, ""status"": ""unanswered""}, {""id"": 2, ""answer"": ""たいへいよう"", ""status"": ""correct""}, {""id"": 3, ""status"": ""unanswered""}, {""id"": 4, ""status"": ""unanswered""}, {""id"": 5, ""answer"": ""INTERNET"", ""status"": ""incorrect""}, {""id"": 6, ""answer"": ""波"", ""status"": ""correct""}, {""id"": 7, ""status"": ""unanswered""}, {""id"": 8, ""answer"": ""SCIENCE"", ""status"": ""correct""}, {""id"": 9, ""status"": ""unanswered""}, {""id"": 10, ""answer"": ""まちかね"", ""status"": ""correct""}, {""id"": 11, ""answer"": ""B"", ""status"": ""incorrect""}, {""id"": 12, ""status"": ""unanswered""}, {""id"": 13, ""answer"": ""三国志"", ""status"": ""correct""}, {""id"": 14, ""answer"": ""かんさいしんこうけい"", ""status"": ""incorrect""}, {""id"": 15, ""answer"": ""ちしき"", ""status"": ""correct""}, {""id"": 16, ""status"": ""unanswered""}, {""id"": 17, ""status"": ""unanswered""}, {""id"": 18, ""answer"": ""バード"", ""status"": ""correct""}, {""id"": 19, ""answer"": ""カリスマは"", ""status"": ""incorrect""}, {""id"": 20, ""status"": ""unanswered""}, {""id"": 21, ""answer"": ""こい"", ""status"": ""correct""}, {""id"": 22, ""status"": ""unanswered""}, {""id"": 23, ""answer"": ""4"", ""status"": ""correct""}, {""id"": 24, ""status"": ""unanswered""}, {""id"": 25, ""status"": ""unanswered""}], ""totalQuestions"": 25}"
019a3e07-c4ef-7ec8-9e13-229de21234a3,019a3dfb-79aa-7bf9-9bb7-1350750e5fb5,2,2025-11-01 06:08:07.920399+00,2025-11-01 06:08:07.920399+00,"{""groupId"": ""019a3dfb-79aa-7bf9-9bb7-1350750e5fb5"", ""startedAt"": ""2025-11-01T05:58:00.706Z"", ""questionStates"": [{""id"": 1, ""status"": ""unanswered""}, {""id"": 2, ""status"": ""unanswered""}, {""id"": 3, ""status"": ""unanswered""}, {""id"": 4, ""answer"": ""ドレミファソ"", ""status"": ""incorrect""}, {""id"": 5, ""status"": ""unanswered""}, {""id"": 6, ""status"": ""unanswered""}, {""id"": 7, ""answer"": ""はんだい"", ""status"": ""correct""}, {""id"": 8, ""status"": ""unanswered""}, {""id"": 9, ""status"": ""unanswered""}, {""id"": 10, ""status"": ""unanswered""}, {""id"": 11, ""status"": ""unanswered""}, {""id"": 12, ""status"": ""unanswered""}, {""id"": 13, ""status"": ""unanswered""}, {""id"": 14, ""status"": ""unanswered""}, {""id"": 15, ""status"": ""unanswered""}, {""id"": 16, ""status"": ""unanswered""}, {""id"": 17, ""answer"": ""ふな"", ""status"": ""incorrect""}, {""id"": 18, ""status"": ""unanswered""}, {""id"": 19, ""status"": ""unanswered""}, {""id"": 20, ""status"": ""unanswered""}, {""id"": 21, ""status"": ""unanswered""}, {""id"": 22, ""status"": ""unanswered""}, {""id"": 23, ""answer"": ""4"", ""status"": ""correct""}, {""id"": 24, ""status"": ""unanswered""}, {""id"": 25, ""status"": ""unanswered""}], ""totalQuestions"": 25}"
019a3e07-d348-7849-9781-50f5cefae0dc,019a3dfb-a9b0-72aa-a7f5-04f03799c7ae,10,2025-11-01 06:08:11.593065+00,2025-11-01 06:08:11.593065+00,"{""groupId"": ""019a3dfb-a9b0-72aa-a7f5-04f03799c7ae"", ""startedAt"": ""2025-11-01T05:58:04.606Z"", ""questionStates"": [{""id"": 1, ""answer"": ""たんい"", ""status"": ""correct""}, {""id"": 2, ""answer"": ""たいへいよう"", ""status"": ""correct""}, {""id"": 3, ""status"": ""unanswered""}, {""id"": 4, ""status"": ""unanswered""}, {""id"": 5, ""answer"": ""ENTERNET"", ""status"": ""incorrect""}, {""id"": 6, ""status"": ""unanswered""}, {""id"": 7, ""status"": ""unanswered""}, {""id"": 8, ""status"": ""unanswered""}, {""id"": 9, ""status"": ""unanswered""}, {""id"": 10, ""status"": ""unanswered""}, {""id"": 11, ""answer"": ""大阪湾"", ""status"": ""incorrect""}, {""id"": 12, ""answer"": ""HANDAISEI"", ""status"": ""correct""}, {""id"": 13, ""status"": ""unanswered""}, {""id"": 14, ""status"": ""unanswered""}, {""id"": 15, ""status"": ""unanswered""}, {""id"": 16, ""status"": ""unanswered""}, {""id"": 17, ""status"": ""unanswered""}, {""id"": 18, ""answer"": ""バード"", ""status"": ""correct""}, {""id"": 19, ""status"": ""unanswered""}, {""id"": 20, ""status"": ""unanswered""}, {""id"": 21, ""answer"": ""こい"", ""status"": ""correct""}, {""id"": 22, ""answer"": ""中国"", ""status"": ""correct""}, {""id"": 23, ""answer"": ""4"", ""status"": ""correct""}, {""id"": 24, ""status"": ""unanswered""}, {""id"": 25, ""status"": ""unanswered""}], ""totalQuestions"": 25}"
019a3e07-ed1c-71bf-881c-85d0c89412a6,019a3dfc-dac4-7013-a487-c576e2a19090,3,2025-11-01 06:08:18.204478+00,2025-11-01 06:08:18.204478+00,"{""groupId"": ""019a3dfc-dac4-7013-a487-c576e2a19090"", ""startedAt"": ""2025-11-01T05:58:01.999Z"", ""questionStates"": [{""id"": 1, ""status"": ""unanswered""}, {""id"": 2, ""answer"": ""たいへいよう"", ""status"": ""correct""}, {""id"": 3, ""status"": ""unanswered""}, {""id"": 4, ""status"": ""unanswered""}, {""id"": 5, ""status"": ""unanswered""}, {""id"": 6, ""status"": ""unanswered""}, {""id"": 7, ""answer"": ""はんだい"", ""status"": ""correct""}, {""id"": 8, ""status"": ""unanswered""}, {""id"": 9, ""status"": ""unanswered""}, {""id"": 10, ""status"": ""unanswered""}, {""id"": 11, ""status"": ""unanswered""}, {""id"": 12, ""status"": ""unanswered""}, {""id"": 13, ""status"": ""unanswered""}, {""id"": 14, ""status"": ""unanswered""}, {""id"": 15, ""status"": ""unanswered""}, {""id"": 16, ""status"": ""unanswered""}, {""id"": 17, ""status"": ""unanswered""}, {""id"": 18, ""status"": ""unanswered""}, {""id"": 19, ""status"": ""unanswered""}, {""id"": 20, ""status"": ""unanswered""}, {""id"": 21, ""answer"": ""こい"", ""status"": ""correct""}, {""id"": 22, ""status"": ""unanswered""}, {""id"": 23, ""status"": ""unanswered""}, {""id"": 24, ""status"": ""unanswered""}, {""id"": 25, ""status"": ""unanswered""}], ""totalQuestions"": 25}"
019a3e08-1b21-78e3-9fa8-93a47f07daf6,019a3dfb-4617-759a-a275-fc5bc4777cf0,9,2025-11-01 06:08:29.985913+00,2025-11-01 06:08:29.985913+00,"{""groupId"": ""019a3dfb-4617-759a-a275-fc5bc4777cf0"", ""startedAt"": ""2025-11-01T05:58:02.494Z"", ""questionStates"": [{""id"": 1, ""status"": ""unanswered""}, {""id"": 2, ""answer"": ""太平洋"", ""status"": ""correct""}, {""id"": 3, ""status"": ""unanswered""}, {""id"": 4, ""status"": ""unanswered""}, {""id"": 5, ""answer"": ""INTERNET"", ""status"": ""incorrect""}, {""id"": 6, ""answer"": ""波"", ""status"": ""correct""}, {""id"": 7, ""status"": ""unanswered""}, {""id"": 8, ""status"": ""unanswered""}, {""id"": 9, ""status"": ""unanswered""}, {""id"": 10, ""status"": ""unanswered""}, {""id"": 11, ""status"": ""unanswered""}, {""id"": 12, ""status"": ""unanswered""}, {""id"": 13, ""status"": ""unanswered""}, {""id"": 14, ""answer"": ""現在進行形"", ""status"": ""correct""}, {""id"": 15, ""answer"": ""知識"", ""status"": ""correct""}, {""id"": 16, ""status"": ""unanswered""}, {""id"": 17, ""status"": ""unanswered""}, {""id"": 18, ""answer"": ""バード"", ""status"": ""correct""}, {""id"": 19, ""status"": ""unanswered""}, {""id"": 20, ""status"": ""unanswered""}, {""id"": 21, ""status"": ""unanswered""}, {""id"": 22, ""answer"": ""中国"", ""status"": ""correct""}, {""id"": 23, ""answer"": ""4"", ""status"": ""correct""}, {""id"": 24, ""status"": ""unanswered""}, {""id"": 25, ""status"": ""unanswered""}], ""totalQuestions"": 25}"
019a3e08-3f57-7644-85d5-522f015c52ca,019a3dfc-7b5f-7b64-8e06-1d18877acfcb,18,2025-11-01 06:08:39.256268+00,2025-11-01 06:08:39.256268+00,"{""groupId"": ""019a3dfc-7b5f-7b64-8e06-1d18877acfcb"", ""startedAt"": ""2025-11-01T05:58:20.104Z"", ""questionStates"": [{""id"": 1, ""status"": ""unanswered""}, {""id"": 2, ""status"": ""unanswered""}, {""id"": 3, ""status"": ""unanswered""}, {""id"": 4, ""answer"": ""ふぁみれす"", ""status"": ""correct""}, {""id"": 5, ""answer"": ""INTERNET"", ""status"": ""incorrect""}, {""id"": 6, ""status"": ""unanswered""}, {""id"": 7, ""answer"": ""はんだい"", ""status"": ""correct""}, {""id"": 8, ""answer"": ""SCIENCE"", ""status"": ""correct""}, {""id"": 9, ""status"": ""unanswered""}, {""id"": 10, ""status"": ""unanswered""}, {""id"": 11, ""status"": ""unanswered""}, {""id"": 12, ""status"": ""unanswered""}, {""id"": 13, ""answer"": ""さんごくし"", ""status"": ""correct""}, {""id"": 14, ""answer"": ""げんざいしんこうけい"", ""status"": ""correct""}, {""id"": 15, ""answer"": ""ちしき"", ""status"": ""correct""}, {""id"": 16, ""status"": ""unanswered""}, {""id"": 17, ""answer"": ""ちえ"", ""status"": ""correct""}, {""id"": 18, ""answer"": ""ばーど"", ""status"": ""correct""}, {""id"": 19, ""status"": ""unanswered""}, {""id"": 20, ""answer"": ""えんすい"", ""status"": ""correct""}, {""id"": 21, ""answer"": ""こい"", ""status"": ""correct""}, {""id"": 22, ""answer"": ""中国"", ""status"": ""correct""}, {""id"": 23, ""answer"": ""4"", ""status"": ""correct""}, {""id"": 24, ""status"": ""unanswered""}, {""id"": 25, ""status"": ""unanswered""}], ""totalQuestions"": 25}"
019a3e08-6e52-7b54-bd46-3a4063bd51d4,019a3dfb-d812-79e8-94ee-27eba9c88569,15,2025-11-01 06:08:51.283533+00,2025-11-01 06:08:51.283533+00,"{""groupId"": ""019a3dfb-d812-79e8-94ee-27eba9c88569"", ""startedAt"": ""2025-11-01T05:58:03.454Z"", ""questionStates"": [{""id"": 1, ""answer"": ""たんい"", ""status"": ""correct""}, {""id"": 2, ""answer"": ""たいへいよう"", ""status"": ""correct""}, {""id"": 3, ""status"": ""unanswered""}, {""id"": 4, ""status"": ""unanswered""}, {""id"": 5, ""answer"": ""INTERNET"", ""status"": ""incorrect""}, {""id"": 6, ""status"": ""unanswered""}, {""id"": 7, ""status"": ""unanswered""}, {""id"": 8, ""answer"": ""SCIENCE"", ""status"": ""correct""}, {""id"": 9, ""status"": ""unanswered""}, {""id"": 10, ""status"": ""unanswered""}, {""id"": 11, ""answer"": ""B"", ""status"": ""incorrect""}, {""id"": 12, ""answer"": ""HANDAISEI"", ""status"": ""correct""}, {""id"": 13, ""answer"": ""三国志"", ""status"": ""correct""}, {""id"": 14, ""answer"": ""現在進行形"", ""status"": ""correct""}, {""id"": 15, ""answer"": ""ちしき"", ""status"": ""correct""}, {""id"": 16, ""answer"": ""年月"", ""status"": ""incorrect""}, {""id"": 17, ""status"": ""unanswered""}, {""id"": 18, ""answer"": ""バード"", ""status"": ""correct""}, {""id"": 19, ""answer"": ""クリスマス"", ""status"": ""correct""}, {""id"": 20, ""status"": ""unanswered""}, {""id"": 21, ""status"": ""unanswered""}, {""id"": 22, ""answer"": ""中国"", ""status"": ""correct""}, {""id"": 23, ""status"": ""unanswered""}, {""id"": 24, ""status"": ""unanswered""}, {""id"": 25, ""status"": ""unanswered""}], ""totalQuestions"": 25}"
019a3e1b-fa61-7721-9184-09ba048534df,019a3e12-4049-7f0b-9e6f-ba76f55d7884,8,2025-11-01 06:30:12.329432+00,2025-11-01 06:30:12.329432+00,"{""groupId"": ""019a3e12-4049-7f0b-9e6f-ba76f55d7884"", ""startedAt"": ""2025-11-01T06:20:09.595Z"", ""questionStates"": [{""id"": 1, ""status"": ""unanswered""}, {""id"": 2, ""answer"": ""たいへいよう"", ""status"": ""correct""}, {""id"": 3, ""status"": ""unanswered""}, {""id"": 4, ""answer"": ""ふぁ"", ""status"": ""incorrect""}, {""id"": 5, ""status"": ""unanswered""}, {""id"": 6, ""status"": ""unanswered""}, {""id"": 7, ""answer"": ""はんだい"", ""status"": ""correct""}, {""id"": 8, ""status"": ""unanswered""}, {""id"": 9, ""status"": ""unanswered""}, {""id"": 10, ""answer"": ""まちかね"", ""status"": ""correct""}, {""id"": 11, ""status"": ""unanswered""}, {""id"": 12, ""answer"": ""HANDAISEI"", ""status"": ""correct""}, {""id"": 13, ""status"": ""unanswered""}, {""id"": 14, ""status"": ""unanswered""}, {""id"": 15, ""answer"": ""ちしき"", ""status"": ""correct""}, {""id"": 16, ""status"": ""unanswered""}, {""id"": 17, ""status"": ""unanswered""}, {""id"": 18, ""status"": ""unanswered""}, {""id"": 19, ""status"": ""unanswered""}, {""id"": 20, ""status"": ""unanswered""}, {""id"": 21, ""status"": ""unanswered""}, {""id"": 22, ""answer"": ""中国"", ""status"": ""correct""}, {""id"": 23, ""status"": ""unanswered""}, {""id"": 24, ""status"": ""unanswered""}, {""id"": 25, ""status"": ""unanswered""}], ""totalQuestions"": 25}"
019a3e1b-fa60-74b7-8dca-085604c22db9,019a3e10-9dfc-79f3-b879-fb3ea097cae5,15,2025-11-01 06:30:12.329774+00,2025-11-01 06:30:12.329774+00,"{""groupId"": ""019a3e10-9dfc-79f3-b879-fb3ea097cae5"", ""startedAt"": ""2025-11-01T06:20:11.027Z"", ""questionStates"": [{""id"": 1, ""status"": ""unanswered""}, {""id"": 2, ""status"": ""unanswered""}, {""id"": 3, ""status"": ""unanswered""}, {""id"": 4, ""answer"": ""ファミレス"", ""status"": ""correct""}, {""id"": 5, ""answer"": ""internet"", ""status"": ""correct""}, {""id"": 6, ""status"": ""unanswered""}, {""id"": 7, ""status"": ""unanswered""}, {""id"": 8, ""answer"": ""science"", ""status"": ""correct""}, {""id"": 9, ""status"": ""unanswered""}, {""id"": 10, ""status"": ""unanswered""}, {""id"": 11, ""status"": ""unanswered""}, {""id"": 12, ""status"": ""unanswered""}, {""id"": 13, ""answer"": ""三国志"", ""status"": ""correct""}, {""id"": 14, ""answer"": ""現在進行形"", ""status"": ""correct""}, {""id"": 15, ""status"": ""unanswered""}, {""id"": 16, ""status"": ""unanswered""}, {""id"": 17, ""answer"": ""ちえ"", ""status"": ""correct""}, {""id"": 18, ""status"": ""unanswered""}, {""id"": 19, ""answer"": ""クリスマス"", ""status"": ""correct""}, {""id"": 20, ""status"": ""unanswered""}, {""id"": 21, ""status"": ""unanswered""}, {""id"": 22, ""answer"": ""中国"", ""status"": ""correct""}, {""id"": 23, ""answer"": ""4"", ""status"": ""correct""}, {""id"": 24, ""status"": ""unanswered""}, {""id"": 25, ""status"": ""unanswered""}], ""totalQuestions"": 25}"
019a3e1c-07bd-701d-81be-f47b7a7d682e,019a3e11-b1bb-75c3-95dd-5d5b82d6a208,8,2025-11-01 06:30:15.741571+00,2025-11-01 06:30:15.741571+00,"{""groupId"": ""019a3e11-b1bb-75c3-95dd-5d5b82d6a208"", ""startedAt"": ""2025-11-01T06:20:12.197Z"", ""questionStates"": [{""id"": 1, ""status"": ""unanswered""}, {""id"": 2, ""answer"": ""たいへいよう"", ""status"": ""correct""}, {""id"": 3, ""status"": ""unanswered""}, {""id"": 4, ""status"": ""unanswered""}, {""id"": 5, ""answer"": ""INTERNET"", ""status"": ""incorrect""}, {""id"": 6, ""status"": ""unanswered""}, {""id"": 7, ""status"": ""unanswered""}, {""id"": 8, ""answer"": ""SCIENCE"", ""status"": ""correct""}, {""id"": 9, ""status"": ""unanswered""}, {""id"": 10, ""status"": ""unanswered""}, {""id"": 11, ""status"": ""unanswered""}, {""id"": 12, ""answer"": ""HANDAISEI"", ""status"": ""correct""}, {""id"": 13, ""answer"": ""さんごくし"", ""status"": ""correct""}, {""id"": 14, ""answer"": ""現在進行系"", ""status"": ""incorrect""}, {""id"": 15, ""answer"": ""ちしき"", ""status"": ""correct""}, {""id"": 16, ""status"": ""unanswered""}, {""id"": 17, ""status"": ""unanswered""}, {""id"": 18, ""status"": ""unanswered""}, {""id"": 19, ""status"": ""unanswered""}, {""id"": 20, ""status"": ""unanswered""}, {""id"": 21, ""status"": ""unanswered""}, {""id"": 22, ""answer"": ""中国"", ""status"": ""correct""}, {""id"": 23, ""status"": ""unanswered""}, {""id"": 24, ""status"": ""unanswered""}, {""id"": 25, ""status"": ""unanswered""}], ""totalQuestions"": 25}"
019a3e1c-0eaf-7b67-a6e7-29d760d78a50,019a3e0f-a70a-7c5f-90ac-cc5e8f3c002f,9,2025-11-01 06:30:17.519968+00,2025-11-01 06:30:17.519968+00,"{""groupId"": ""019a3e0f-a70a-7c5f-90ac-cc5e8f3c002f"", ""startedAt"": ""2025-11-01T06:20:09.865Z"", ""questionStates"": [{""id"": 1, ""status"": ""unanswered""}, {""id"": 2, ""status"": ""unanswered""}, {""id"": 3, ""status"": ""unanswered""}, {""id"": 4, ""status"": ""unanswered""}, {""id"": 5, ""answer"": ""INTERNET"", ""status"": ""incorrect""}, {""id"": 6, ""status"": ""unanswered""}, {""id"": 7, ""status"": ""unanswered""}, {""id"": 8, ""status"": ""unanswered""}, {""id"": 9, ""answer"": ""バード"", ""status"": ""incorrect""}, {""id"": 10, ""answer"": ""まちかね"", ""status"": ""correct""}, {""id"": 11, ""answer"": ""B"", ""status"": ""incorrect""}, {""id"": 12, ""answer"": ""HANDAISEI"", ""status"": ""correct""}, {""id"": 13, ""status"": ""unanswered""}, {""id"": 14, ""answer"": ""現在進行形"", ""status"": ""correct""}, {""id"": 15, ""status"": ""unanswered""}, {""id"": 16, ""status"": ""unanswered""}, {""id"": 17, ""status"": ""unanswered""}, {""id"": 18, ""status"": ""unanswered""}, {""id"": 19, ""status"": ""unanswered""}, {""id"": 20, ""answer"": ""えんすい"", ""status"": ""correct""}, {""id"": 21, ""answer"": ""こい"", ""status"": ""correct""}, {""id"": 22, ""answer"": ""中国"", ""status"": ""correct""}, {""id"": 23, ""status"": ""unanswered""}, {""id"": 24, ""status"": ""unanswered""}, {""id"": 25, ""status"": ""unanswered""}], ""totalQuestions"": 25}"
019a3e1c-167a-7c6a-bfc5-224d21f33e97,019a3e10-8271-731d-8711-41e83aab7500,28,2025-11-01 06:30:19.515049+00,2025-11-01 06:30:19.515049+00,"{""groupId"": ""019a3e10-8271-731d-8711-41e83aab7500"", ""startedAt"": ""2025-11-01T06:20:11.795Z"", ""questionStates"": [{""id"": 1, ""status"": ""unanswered""}, {""id"": 2, ""answer"": ""たいへいよう"", ""status"": ""correct""}, {""id"": 3, ""status"": ""unanswered""}, {""id"": 4, ""answer"": ""ファミレス"", ""status"": ""correct""}, {""id"": 5, ""answer"": ""INTERNET"", ""status"": ""incorrect""}, {""id"": 6, ""status"": ""unanswered""}, {""id"": 7, ""answer"": ""はんだい"", ""status"": ""correct""}, {""id"": 8, ""status"": ""unanswered""}, {""id"": 9, ""answer"": ""ハングル"", ""status"": ""correct""}, {""id"": 10, ""status"": ""unanswered""}, {""id"": 11, ""status"": ""unanswered""}, {""id"": 12, ""status"": ""unanswered""}, {""id"": 13, ""answer"": ""さんごくし"", ""status"": ""correct""}, {""id"": 14, ""answer"": ""げんざいしんこうけい"", ""status"": ""correct""}, {""id"": 15, ""answer"": ""ちしき"", ""status"": ""correct""}, {""id"": 16, ""answer"": ""ねんげつ"", ""status"": ""correct""}, {""id"": 17, ""answer"": ""ちえ"", ""status"": ""correct""}, {""id"": 18, ""answer"": ""バード"", ""status"": ""correct""}, {""id"": 19, ""answer"": ""クリスマス"", ""status"": ""correct""}, {""id"": 20, ""answer"": ""えんすい"", ""status"": ""correct""}, {""id"": 21, ""answer"": ""こい"", ""status"": ""correct""}, {""id"": 22, ""answer"": ""中国"", ""status"": ""correct""}, {""id"": 23, ""answer"": ""4"", ""status"": ""correct""}, {""id"": 24, ""answer"": ""いんしん"", ""status"": ""correct""}, {""id"": 25, ""status"": ""unanswered""}], ""totalQuestions"": 25}"
019a3e1c-418a-70a7-9edc-d7b3eade347c,019a3e0f-d5f4-7b0f-b592-861e3c401f5c,15,2025-11-01 06:30:30.538272+00,2025-11-01 06:30:30.538272+00,"{""groupId"": ""019a3e0f-d5f4-7b0f-b592-861e3c401f5c"", ""startedAt"": ""2025-11-01T06:20:12.042Z"", ""questionStates"": [{""id"": 1, ""answer"": ""たんい"", ""status"": ""correct""}, {""id"": 2, ""status"": ""unanswered""}, {""id"": 3, ""status"": ""unanswered""}, {""id"": 4, ""answer"": ""ファミレス"", ""status"": ""correct""}, {""id"": 5, ""status"": ""unanswered""}, {""id"": 6, ""status"": ""unanswered""}, {""id"": 7, ""answer"": ""はんだい"", ""status"": ""correct""}, {""id"": 8, ""answer"": ""sience"", ""status"": ""incorrect""}, {""id"": 9, ""status"": ""unanswered""}, {""id"": 10, ""answer"": ""まちかね"", ""status"": ""correct""}, {""id"": 11, ""status"": ""unanswered""}, {""id"": 12, ""status"": ""unanswered""}, {""id"": 13, ""answer"": ""さんごくし"", ""status"": ""correct""}, {""id"": 14, ""answer"": ""げんざいしんこうけい"", ""status"": ""correct""}, {""id"": 15, ""status"": ""unanswered""}, {""id"": 16, ""status"": ""unanswered""}, {""id"": 17, ""status"": ""unanswered""}, {""id"": 18, ""status"": ""unanswered""}, {""id"": 19, ""status"": ""unanswered""}, {""id"": 20, ""answer"": ""えんすい"", ""status"": ""correct""}, {""id"": 21, ""answer"": ""こい"", ""status"": ""correct""}, {""id"": 22, ""status"": ""unanswered""}, {""id"": 23, ""status"": ""unanswered""}, {""id"": 24, ""answer"": ""はんしん"", ""status"": ""incorrect""}, {""id"": 25, ""status"": ""unanswered""}], ""totalQuestions"": 25}"
019a3e2f-2ae2-72c5-81b6-598adf64bdc1,019a3e23-5739-7eb3-847f-35dd4628d236,11,2025-11-01 06:51:09.930227+00,2025-11-01 06:51:09.930227+00,"{""groupId"": ""019a3e23-5739-7eb3-847f-35dd4628d236"", ""startedAt"": ""2025-11-01T06:41:07.573Z"", ""questionStates"": [{""id"": 1, ""answer"": ""たんい"", ""status"": ""correct""}, {""id"": 2, ""status"": ""unanswered""}, {""id"": 3, ""status"": ""unanswered""}, {""id"": 4, ""answer"": ""ふぁみれす"", ""status"": ""correct""}, {""id"": 5, ""status"": ""unanswered""}, {""id"": 6, ""status"": ""unanswered""}, {""id"": 7, ""answer"": ""はんだい"", ""status"": ""correct""}, {""id"": 8, ""status"": ""unanswered""}, {""id"": 9, ""status"": ""unanswered""}, {""id"": 10, ""status"": ""unanswered""}, {""id"": 11, ""status"": ""unanswered""}, {""id"": 12, ""status"": ""unanswered""}, {""id"": 13, ""status"": ""unanswered""}, {""id"": 14, ""answer"": ""げんざいしんこうけい"", ""status"": ""correct""}, {""id"": 15, ""status"": ""unanswered""}, {""id"": 16, ""status"": ""unanswered""}, {""id"": 17, ""answer"": ""ちえ"", ""status"": ""correct""}, {""id"": 18, ""status"": ""unanswered""}, {""id"": 19, ""status"": ""unanswered""}, {""id"": 20, ""status"": ""unanswered""}, {""id"": 21, ""answer"": ""こい"", ""status"": ""correct""}, {""id"": 22, ""status"": ""unanswered""}, {""id"": 23, ""status"": ""unanswered""}, {""id"": 24, ""status"": ""unanswered""}, {""id"": 25, ""status"": ""unanswered""}], ""totalQuestions"": 25}"
019a3e2f-2b22-77e6-8b1a-eae7158863d4,019a3e25-51ab-79e8-a958-f14cdf76ccf1,16,2025-11-01 06:51:09.986544+00,2025-11-01 06:51:09.986544+00,"{""groupId"": ""019a3e25-51ab-79e8-a958-f14cdf76ccf1"", ""startedAt"": ""2025-11-01T06:41:05.917Z"", ""questionStates"": [{""id"": 1, ""status"": ""unanswered""}, {""id"": 2, ""answer"": ""たいへいよう"", ""status"": ""correct""}, {""id"": 3, ""status"": ""unanswered""}, {""id"": 4, ""answer"": ""ファミレス"", ""status"": ""correct""}, {""id"": 5, ""status"": ""unanswered""}, {""id"": 6, ""answer"": ""波"", ""status"": ""correct""}, {""id"": 7, ""answer"": ""はんだい"", ""status"": ""correct""}, {""id"": 8, ""answer"": ""Science"", ""status"": ""incorrect""}, {""id"": 9, ""status"": ""unanswered""}, {""id"": 10, ""answer"": ""まちかね"", ""status"": ""correct""}, {""id"": 11, ""answer"": ""B"", ""status"": ""incorrect""}, {""id"": 12, ""answer"": ""Hanna"", ""status"": ""incorrect""}, {""id"": 13, ""answer"": ""三国志"", ""status"": ""correct""}, {""id"": 14, ""answer"": ""現在進行形"", ""status"": ""correct""}, {""id"": 15, ""status"": ""unanswered""}, {""id"": 16, ""status"": ""unanswered""}, {""id"": 17, ""status"": ""unanswered""}, {""id"": 18, ""status"": ""unanswered""}, {""id"": 19, ""answer"": ""クリスマス"", ""status"": ""correct""}, {""id"": 20, ""answer"": ""えんすい"", ""status"": ""correct""}, {""id"": 21, ""status"": ""unanswered""}, {""id"": 22, ""status"": ""unanswered""}, {""id"": 23, ""status"": ""unanswered""}, {""id"": 24, ""status"": ""unanswered""}, {""id"": 25, ""status"": ""unanswered""}], ""totalQuestions"": 25}"
019a3e2f-3267-7840-9a86-b2fd2b99a9e0,019a3e25-3e71-79c7-8b9d-028e8baa06fa,5,2025-11-01 06:51:11.847897+00,2025-11-01 06:51:11.847897+00,"{""groupId"": ""019a3e25-3e71-79c7-8b9d-028e8baa06fa"", ""startedAt"": ""2025-11-01T06:41:10.284Z"", ""questionStates"": [{""id"": 1, ""status"": ""unanswered""}, {""id"": 2, ""answer"": ""たいへいよう"", ""status"": ""correct""}, {""id"": 3, ""status"": ""unanswered""}, {""id"": 4, ""status"": ""unanswered""}, {""id"": 5, ""status"": ""unanswered""}, {""id"": 6, ""status"": ""unanswered""}, {""id"": 7, ""answer"": ""はんだい"", ""status"": ""correct""}, {""id"": 8, ""answer"": ""SCIENCE"", ""status"": ""correct""}, {""id"": 9, ""status"": ""unanswered""}, {""id"": 10, ""status"": ""unanswered""}, {""id"": 11, ""answer"": ""B"", ""status"": ""incorrect""}, {""id"": 12, ""status"": ""unanswered""}, {""id"": 13, ""status"": ""unanswered""}, {""id"": 14, ""status"": ""unanswered""}, {""id"": 15, ""answer"": ""ちしき"", ""status"": ""correct""}, {""id"": 16, ""status"": ""unanswered""}, {""id"": 17, ""status"": ""unanswered""}, {""id"": 18, ""status"": ""unanswered""}, {""id"": 19, ""status"": ""unanswered""}, {""id"": 20, ""status"": ""unanswered""}, {""id"": 21, ""answer"": ""鯉"", ""status"": ""correct""}, {""id"": 22, ""status"": ""unanswered""}, {""id"": 23, ""status"": ""unanswered""}, {""id"": 24, ""status"": ""unanswered""}, {""id"": 25, ""status"": ""unanswered""}], ""totalQuestions"": 25}"
019a3e2f-3518-783a-83b0-08ad70af5b6f,019a3e25-3f56-76cd-8d01-0d7f2e748984,7,2025-11-01 06:51:12.536618+00,2025-11-01 06:51:12.536618+00,"{""groupId"": ""019a3e25-3f56-76cd-8d01-0d7f2e748984"", ""startedAt"": ""2025-11-01T06:41:05.291Z"", ""questionStates"": [{""id"": 1, ""status"": ""unanswered""}, {""id"": 2, ""answer"": ""たいへいよう"", ""status"": ""correct""}, {""id"": 3, ""status"": ""unanswered""}, {""id"": 4, ""answer"": ""そみ"", ""status"": ""incorrect""}, {""id"": 5, ""answer"": ""INTERNET"", ""status"": ""incorrect""}, {""id"": 6, ""status"": ""unanswered""}, {""id"": 7, ""answer"": ""はんだい"", ""status"": ""correct""}, {""id"": 8, ""status"": ""unanswered""}, {""id"": 9, ""status"": ""unanswered""}, {""id"": 10, ""status"": ""unanswered""}, {""id"": 11, ""status"": ""unanswered""}, {""id"": 12, ""answer"": ""HANDAISEI"", ""status"": ""correct""}, {""id"": 13, ""status"": ""unanswered""}, {""id"": 14, ""answer"": ""げんざいしんこうけい"", ""status"": ""correct""}, {""id"": 15, ""answer"": ""ちしき"", ""status"": ""correct""}, {""id"": 16, ""status"": ""unanswered""}, {""id"": 17, ""status"": ""unanswered""}, {""id"": 18, ""status"": ""unanswered""}, {""id"": 19, ""status"": ""unanswered""}, {""id"": 20, ""status"": ""unanswered""}, {""id"": 21, ""answer"": ""こい"", ""status"": ""correct""}, {""id"": 22, ""status"": ""unanswered""}, {""id"": 23, ""answer"": ""4"", ""status"": ""correct""}, {""id"": 24, ""answer"": ""にんしん"", ""status"": ""incorrect""}, {""id"": 25, ""status"": ""unanswered""}], ""totalQuestions"": 25}"
019a3e2f-4c02-7407-aa58-f8f2eb7d1bc7,019a3e25-a82b-709e-a4b3-f1a40c3769da,14,2025-11-01 06:51:18.402372+00,2025-11-01 06:51:18.402372+00,"{""groupId"": ""019a3e25-a82b-709e-a4b3-f1a40c3769da"", ""startedAt"": ""2025-11-01T06:41:09.989Z"", ""questionStates"": [{""id"": 1, ""status"": ""unanswered""}, {""id"": 2, ""answer"": ""たいへいよう"", ""status"": ""correct""}, {""id"": 3, ""status"": ""unanswered""}, {""id"": 4, ""answer"": ""ふぁみれす"", ""status"": ""correct""}, {""id"": 5, ""status"": ""unanswered""}, {""id"": 6, ""status"": ""unanswered""}, {""id"": 7, ""answer"": ""はんだい"", ""status"": ""correct""}, {""id"": 8, ""answer"": ""science"", ""status"": ""correct""}, {""id"": 9, ""status"": ""unanswered""}, {""id"": 10, ""answer"": ""まちかね"", ""status"": ""correct""}, {""id"": 11, ""answer"": ""B"", ""status"": ""incorrect""}, {""id"": 12, ""answer"": ""HANDAISEI"", ""status"": ""correct""}, {""id"": 13, ""status"": ""unanswered""}, {""id"": 14, ""status"": ""unanswered""}, {""id"": 15, ""status"": ""unanswered""}, {""id"": 16, ""status"": ""unanswered""}, {""id"": 17, ""answer"": ""ちえ"", ""status"": ""correct""}, {""id"": 18, ""status"": ""unanswered""}, {""id"": 19, ""status"": ""unanswered""}, {""id"": 20, ""answer"": ""えんすい"", ""status"": ""correct""}, {""id"": 21, ""answer"": ""こい"", ""status"": ""correct""}, {""id"": 22, ""status"": ""unanswered""}, {""id"": 23, ""status"": ""unanswered""}, {""id"": 24, ""status"": ""unanswered""}, {""id"": 25, ""status"": ""unanswered""}], ""totalQuestions"": 25}"
019a3e2f-5aba-75ae-8193-fe976412b7c8,019a3e23-10a4-780f-b415-08b270b1bd87,4,2025-11-01 06:51:22.170452+00,2025-11-01 06:51:22.170452+00,"{""groupId"": ""019a3e23-10a4-780f-b415-08b270b1bd87"", ""startedAt"": ""2025-11-01T06:41:07.469Z"", ""questionStates"": [{""id"": 1, ""status"": ""unanswered""}, {""id"": 2, ""status"": ""unanswered""}, {""id"": 3, ""status"": ""unanswered""}, {""id"": 4, ""status"": ""unanswered""}, {""id"": 5, ""status"": ""unanswered""}, {""id"": 6, ""status"": ""unanswered""}, {""id"": 7, ""status"": ""unanswered""}, {""id"": 8, ""status"": ""unanswered""}, {""id"": 9, ""status"": ""unanswered""}, {""id"": 10, ""status"": ""unanswered""}, {""id"": 11, ""status"": ""unanswered""}, {""id"": 12, ""status"": ""unanswered""}, {""id"": 13, ""status"": ""unanswered""}, {""id"": 14, ""status"": ""unanswered""}, {""id"": 15, ""status"": ""unanswered""}, {""id"": 16, ""status"": ""unanswered""}, {""id"": 17, ""status"": ""unanswered""}, {""id"": 18, ""status"": ""unanswered""}, {""id"": 19, ""status"": ""unanswered""}, {""id"": 20, ""answer"": ""エンスイ"", ""status"": ""incorrect""}, {""id"": 21, ""answer"": ""鯉"", ""status"": ""correct""}, {""id"": 22, ""answer"": ""中国"", ""status"": ""correct""}, {""id"": 23, ""answer"": ""4"", ""status"": ""correct""}, {""id"": 24, ""status"": ""unanswered""}, {""id"": 25, ""status"": ""unanswered""}], ""totalQuestions"": 25}"
019a3e2f-b051-721b-8dfb-169c4db9a5a3,019a3e25-c038-7be3-ab0b-277dd37ddacc,6,2025-11-01 06:51:44.086491+00,2025-11-01 06:51:44.086491+00,"{""groupId"": ""019a3e25-c038-7be3-ab0b-277dd37ddacc"", ""startedAt"": ""2025-11-01T06:41:07.213Z"", ""questionStates"": [{""id"": 1, ""answer"": ""たんい"", ""status"": ""correct""}, {""id"": 2, ""status"": ""unanswered""}, {""id"": 3, ""status"": ""unanswered""}, {""id"": 4, ""status"": ""unanswered""}, {""id"": 5, ""answer"": ""INTERNET"", ""status"": ""incorrect""}, {""id"": 6, ""status"": ""unanswered""}, {""id"": 7, ""status"": ""unanswered""}, {""id"": 8, ""status"": ""unanswered""}, {""id"": 9, ""status"": ""unanswered""}, {""id"": 10, ""status"": ""unanswered""}, {""id"": 11, ""status"": ""unanswered""}, {""id"": 12, ""status"": ""unanswered""}, {""id"": 13, ""status"": ""unanswered""}, {""id"": 14, ""answer"": ""現在進行形"", ""status"": ""correct""}, {""id"": 15, ""status"": ""unanswered""}, {""id"": 16, ""status"": ""unanswered""}, {""id"": 17, ""status"": ""unanswered""}, {""id"": 18, ""status"": ""unanswered""}, {""id"": 19, ""answer"": ""クリスマス"", ""status"": ""correct""}, {""id"": 20, ""status"": ""unanswered""}, {""id"": 21, ""status"": ""unanswered""}, {""id"": 22, ""status"": ""unanswered""}, {""id"": 23, ""status"": ""unanswered""}, {""id"": 24, ""status"": ""unanswered""}, {""id"": 25, ""status"": ""unanswered""}], ""totalQuestions"": 25}"
019a3e2f-b806-736b-9c14-51a3671bffcf,019a3e24-b7ea-723d-aa66-e7830cf93ba8,2,2025-11-01 06:51:46.054476+00,2025-11-01 06:51:46.054476+00,"{""groupId"": ""019a3e24-b7ea-723d-aa66-e7830cf93ba8"", ""startedAt"": ""2025-11-01T06:41:08.160Z"", ""questionStates"": [{""id"": 1, ""status"": ""unanswered""}, {""id"": 2, ""status"": ""unanswered""}, {""id"": 3, ""status"": ""unanswered""}, {""id"": 4, ""status"": ""unanswered""}, {""id"": 5, ""status"": ""unanswered""}, {""id"": 6, ""status"": ""unanswered""}, {""id"": 7, ""status"": ""unanswered""}, {""id"": 8, ""answer"": ""SCIENCE"", ""status"": ""correct""}, {""id"": 9, ""status"": ""unanswered""}, {""id"": 10, ""status"": ""unanswered""}, {""id"": 11, ""status"": ""unanswered""}, {""id"": 12, ""status"": ""unanswered""}, {""id"": 13, ""status"": ""unanswered""}, {""id"": 14, ""status"": ""unanswered""}, {""id"": 15, ""status"": ""unanswered""}, {""id"": 16, ""status"": ""unanswered""}, {""id"": 17, ""status"": ""unanswered""}, {""id"": 18, ""status"": ""unanswered""}, {""id"": 19, ""status"": ""unanswered""}, {""id"": 20, ""status"": ""unanswered""}, {""id"": 21, ""status"": ""unanswered""}, {""id"": 22, ""status"": ""unanswered""}, {""id"": 23, ""answer"": ""4"", ""status"": ""correct""}, {""id"": 24, ""status"": ""unanswered""}, {""id"": 25, ""status"": ""unanswered""}], ""totalQuestions"": 25}"
019a3e2f-bc47-73bc-88ae-055f6bd23e67,019a3e23-fdc6-7bf1-bd0e-6a7acb32c8ae,7,2025-11-01 06:51:47.143359+00,2025-11-01 06:51:47.143359+00,"{""groupId"": ""019a3e23-fdc6-7bf1-bd0e-6a7acb32c8ae"", ""startedAt"": ""2025-11-01T06:41:07.854Z"", ""questionStates"": [{""id"": 1, ""status"": ""unanswered""}, {""id"": 2, ""status"": ""unanswered""}, {""id"": 3, ""status"": ""unanswered""}, {""id"": 4, ""status"": ""unanswered""}, {""id"": 5, ""answer"": ""インターネット"", ""status"": ""correct""}, {""id"": 6, ""status"": ""unanswered""}, {""id"": 7, ""status"": ""unanswered""}, {""id"": 8, ""status"": ""unanswered""}, {""id"": 9, ""status"": ""unanswered""}, {""id"": 10, ""status"": ""unanswered""}, {""id"": 11, ""status"": ""unanswered""}, {""id"": 12, ""status"": ""unanswered""}, {""id"": 13, ""status"": ""unanswered""}, {""id"": 14, ""answer"": ""現在進行形"", ""status"": ""correct""}, {""id"": 15, ""answer"": ""知識"", ""status"": ""correct""}, {""id"": 16, ""status"": ""unanswered""}, {""id"": 17, ""status"": ""unanswered""}, {""id"": 18, ""answer"": ""バード"", ""status"": ""correct""}, {""id"": 19, ""status"": ""unanswered""}, {""id"": 20, ""status"": ""unanswered""}, {""id"": 21, ""status"": ""unanswered""}, {""id"": 22, ""answer"": ""中国"", ""status"": ""correct""}, {""id"": 23, ""answer"": ""4"", ""status"": ""correct""}, {""id"": 24, ""status"": ""unanswered""}, {""id"": 25, ""status"": ""unanswered""}], ""totalQuestions"": 25}"
019a3e3f-d4b4-7ad2-9a3a-23b576bfef25,019a3e36-a04e-7036-8626-50efc3c197fb,0,2025-11-01 07:09:21.972743+00,2025-11-01 07:09:21.972743+00,"{""groupId"": ""019a3e36-a04e-7036-8626-50efc3c197fb"", ""startedAt"": ""2025-11-01T06:59:21.635Z"", ""questionStates"": [{""id"": 1, ""status"": ""unanswered""}, {""id"": 2, ""status"": ""unanswered""}, {""id"": 3, ""status"": ""unanswered""}, {""id"": 4, ""status"": ""unanswered""}, {""id"": 5, ""answer"": ""INTERNET"", ""status"": ""incorrect""}, {""id"": 6, ""status"": ""unanswered""}, {""id"": 7, ""status"": ""unanswered""}, {""id"": 8, ""status"": ""unanswered""}, {""id"": 9, ""status"": ""unanswered""}, {""id"": 10, ""status"": ""unanswered""}, {""id"": 11, ""status"": ""unanswered""}, {""id"": 12, ""status"": ""unanswered""}, {""id"": 13, ""status"": ""unanswered""}, {""id"": 14, ""status"": ""unanswered""}, {""id"": 15, ""status"": ""unanswered""}, {""id"": 16, ""status"": ""unanswered""}, {""id"": 17, ""status"": ""unanswered""}, {""id"": 18, ""status"": ""unanswered""}, {""id"": 19, ""status"": ""unanswered""}, {""id"": 20, ""status"": ""unanswered""}, {""id"": 21, ""status"": ""unanswered""}, {""id"": 22, ""status"": ""unanswered""}, {""id"": 23, ""status"": ""unanswered""}, {""id"": 24, ""status"": ""unanswered""}, {""id"": 25, ""status"": ""unanswered""}], ""totalQuestions"": 25}"
019a3e41-ebcf-7425-839e-895397ead5b4,019a3e36-8c04-7b1e-bd0c-ce791714fad5,10,2025-11-01 07:11:38.959374+00,2025-11-01 07:11:38.959374+00,"{""groupId"": ""019a3e36-8c04-7b1e-bd0c-ce791714fad5"", ""startedAt"": ""2025-11-01T07:01:36.534Z"", ""questionStates"": [{""id"": 1, ""status"": ""unanswered""}, {""id"": 2, ""answer"": ""たいせいよう"", ""status"": ""incorrect""}, {""id"": 3, ""status"": ""unanswered""}, {""id"": 4, ""status"": ""unanswered""}, {""id"": 5, ""status"": ""unanswered""}, {""id"": 6, ""answer"": ""なみ"", ""status"": ""correct""}, {""id"": 7, ""status"": ""unanswered""}, {""id"": 8, ""status"": ""unanswered""}, {""id"": 9, ""status"": ""unanswered""}, {""id"": 10, ""status"": ""unanswered""}, {""id"": 11, ""answer"": ""B"", ""status"": ""incorrect""}, {""id"": 12, ""answer"": ""HANDAISEI"", ""status"": ""correct""}, {""id"": 13, ""status"": ""unanswered""}, {""id"": 14, ""status"": ""unanswered""}, {""id"": 15, ""answer"": ""ちしき"", ""status"": ""correct""}, {""id"": 16, ""status"": ""unanswered""}, {""id"": 17, ""status"": ""unanswered""}, {""id"": 18, ""status"": ""unanswered""}, {""id"": 19, ""status"": ""unanswered""}, {""id"": 20, ""answer"": ""えんすい"", ""status"": ""correct""}, {""id"": 21, ""answer"": ""こい"", ""status"": ""correct""}, {""id"": 22, ""answer"": ""中国"", ""status"": ""correct""}, {""id"": 23, ""answer"": ""4"", ""status"": ""correct""}, {""id"": 24, ""answer"": ""にんしん"", ""status"": ""incorrect""}, {""id"": 25, ""status"": ""unanswered""}], ""totalQuestions"": 25}"
019a3e41-f6ed-7add-9301-18fbcd1f9c38,019a3e37-8e9e-7bc0-994e-ee9a27f18025,8,2025-11-01 07:11:41.805696+00,2025-11-01 07:11:41.805696+00,"{""groupId"": ""019a3e37-8e9e-7bc0-994e-ee9a27f18025"", ""startedAt"": ""2025-11-01T07:01:39.410Z"", ""questionStates"": [{""id"": 1, ""status"": ""unanswered""}, {""id"": 2, ""answer"": ""たいへいよう"", ""status"": ""correct""}, {""id"": 3, ""status"": ""unanswered""}, {""id"": 4, ""answer"": ""ファミレス"", ""status"": ""correct""}, {""id"": 5, ""status"": ""unanswered""}, {""id"": 6, ""status"": ""unanswered""}, {""id"": 7, ""answer"": ""はんだい"", ""status"": ""correct""}, {""id"": 8, ""status"": ""unanswered""}, {""id"": 9, ""status"": ""unanswered""}, {""id"": 10, ""answer"": ""まちかね"", ""status"": ""correct""}, {""id"": 11, ""status"": ""unanswered""}, {""id"": 12, ""status"": ""unanswered""}, {""id"": 13, ""status"": ""unanswered""}, {""id"": 14, ""status"": ""unanswered""}, {""id"": 15, ""status"": ""unanswered""}, {""id"": 16, ""status"": ""unanswered""}, {""id"": 17, ""status"": ""unanswered""}, {""id"": 18, ""status"": ""unanswered""}, {""id"": 19, ""status"": ""unanswered""}, {""id"": 20, ""status"": ""unanswered""}, {""id"": 21, ""answer"": ""こい"", ""status"": ""correct""}, {""id"": 22, ""status"": ""unanswered""}, {""id"": 23, ""status"": ""unanswered""}, {""id"": 24, ""status"": ""unanswered""}, {""id"": 25, ""status"": ""unanswered""}], ""totalQuestions"": 25}"
019a3e42-0045-751b-a4df-0811367043cd,019a3e38-44c8-76cf-b9fb-fd152dea8820,5,2025-11-01 07:11:44.197506+00,2025-11-01 07:11:44.197506+00,"{""groupId"": ""019a3e38-44c8-76cf-b9fb-fd152dea8820"", ""startedAt"": ""2025-11-01T07:01:36.229Z"", ""questionStates"": [{""id"": 1, ""status"": ""unanswered""}, {""id"": 2, ""status"": ""unanswered""}, {""id"": 3, ""status"": ""unanswered""}, {""id"": 4, ""status"": ""unanswered""}, {""id"": 5, ""status"": ""unanswered""}, {""id"": 6, ""status"": ""unanswered""}, {""id"": 7, ""status"": ""unanswered""}, {""id"": 8, ""status"": ""unanswered""}, {""id"": 9, ""status"": ""unanswered""}, {""id"": 10, ""status"": ""unanswered""}, {""id"": 11, ""status"": ""unanswered""}, {""id"": 12, ""status"": ""unanswered""}, {""id"": 13, ""answer"": ""三国志"", ""status"": ""correct""}, {""id"": 14, ""answer"": ""現在は不公平"", ""status"": ""incorrect""}, {""id"": 15, ""status"": ""unanswered""}, {""id"": 16, ""status"": ""unanswered""}, {""id"": 17, ""status"": ""unanswered""}, {""id"": 18, ""status"": ""unanswered""}, {""id"": 19, ""answer"": ""クリスマス"", ""status"": ""correct""}, {""id"": 20, ""answer"": ""まちかね"", ""status"": ""incorrect""}, {""id"": 21, ""answer"": ""こい"", ""status"": ""correct""}, {""id"": 22, ""status"": ""unanswered""}, {""id"": 23, ""status"": ""unanswered""}, {""id"": 24, ""status"": ""unanswered""}, {""id"": 25, ""status"": ""unanswered""}], ""totalQuestions"": 25}"
019a3e42-0302-7bf1-ad18-36f1647b603e,019a3e36-e1a7-710a-bb81-679e191a1fc6,4,2025-11-01 07:11:44.898918+00,2025-11-01 07:11:44.898918+00,"{""groupId"": ""019a3e36-e1a7-710a-bb81-679e191a1fc6"", ""startedAt"": ""2025-11-01T07:01:35.574Z"", ""questionStates"": [{""id"": 1, ""status"": ""unanswered""}, {""id"": 2, ""answer"": ""たいへいよう"", ""status"": ""correct""}, {""id"": 3, ""status"": ""unanswered""}, {""id"": 4, ""status"": ""unanswered""}, {""id"": 5, ""status"": ""unanswered""}, {""id"": 6, ""status"": ""unanswered""}, {""id"": 7, ""status"": ""unanswered""}, {""id"": 8, ""status"": ""unanswered""}, {""id"": 9, ""status"": ""unanswered""}, {""id"": 10, ""status"": ""unanswered""}, {""id"": 11, ""status"": ""unanswered""}, {""id"": 12, ""answer"": ""handaisu"", ""status"": ""incorrect""}, {""id"": 13, ""status"": ""unanswered""}, {""id"": 14, ""status"": ""unanswered""}, {""id"": 15, ""answer"": ""にしき"", ""status"": ""incorrect""}, {""id"": 16, ""status"": ""unanswered""}, {""id"": 17, ""status"": ""unanswered""}, {""id"": 18, ""status"": ""unanswered""}, {""id"": 19, ""status"": ""unanswered""}, {""id"": 20, ""status"": ""unanswered""}, {""id"": 21, ""answer"": ""こおり"", ""status"": ""incorrect""}, {""id"": 22, ""answer"": ""中国"", ""status"": ""correct""}, {""id"": 23, ""answer"": ""4"", ""status"": ""correct""}, {""id"": 24, ""answer"": ""へんしん"", ""status"": ""incorrect""}, {""id"": 25, ""status"": ""unanswered""}], ""totalQuestions"": 25}"
019a3e42-0469-797c-939e-9d2e25893884,019a3e36-7cf2-7951-9703-7ae782830440,19,2025-11-01 07:11:45.257529+00,2025-11-01 07:11:45.257529+00,"{""groupId"": ""019a3e36-7cf2-7951-9703-7ae782830440"", ""startedAt"": ""2025-11-01T07:01:36.151Z"", ""questionStates"": [{""id"": 1, ""status"": ""unanswered""}, {""id"": 2, ""answer"": ""たいへいよう"", ""status"": ""correct""}, {""id"": 3, ""status"": ""unanswered""}, {""id"": 4, ""answer"": ""ふぁみれす"", ""status"": ""correct""}, {""id"": 5, ""answer"": ""INTERNET"", ""status"": ""incorrect""}, {""id"": 6, ""answer"": ""なみ"", ""status"": ""correct""}, {""id"": 7, ""answer"": ""はんだい"", ""status"": ""correct""}, {""id"": 8, ""status"": ""unanswered""}, {""id"": 9, ""answer"": ""ハングル"", ""status"": ""correct""}, {""id"": 10, ""answer"": ""まちかね"", ""status"": ""correct""}, {""id"": 11, ""answer"": ""B"", ""status"": ""incorrect""}, {""id"": 12, ""status"": ""unanswered""}, {""id"": 13, ""status"": ""unanswered""}, {""id"": 14, ""status"": ""unanswered""}, {""id"": 15, ""answer"": ""ちしき"", ""status"": ""correct""}, {""id"": 16, ""status"": ""unanswered""}, {""id"": 17, ""answer"": ""ちえ"", ""status"": ""correct""}, {""id"": 18, ""answer"": ""ばーど"", ""status"": ""correct""}, {""id"": 19, ""status"": ""unanswered""}, {""id"": 20, ""status"": ""unanswered""}, {""id"": 21, ""status"": ""unanswered""}, {""id"": 22, ""answer"": ""ちゅうごく"", ""status"": ""correct""}, {""id"": 23, ""answer"": ""4"", ""status"": ""correct""}, {""id"": 24, ""status"": ""unanswered""}, {""id"": 25, ""status"": ""unanswered""}], ""totalQuestions"": 25}"
019a3e42-0c1e-7ce0-85e0-ab5db2466c85,019a3e37-f797-7aa2-862e-2bead2821bc9,4,2025-11-01 07:11:47.230846+00,2025-11-01 07:11:47.230846+00,"{""groupId"": ""019a3e37-f797-7aa2-862e-2bead2821bc9"", ""startedAt"": ""2025-11-01T07:01:38.359Z"", ""questionStates"": [{""id"": 1, ""answer"": ""たんい"", ""status"": ""correct""}, {""id"": 2, ""status"": ""unanswered""}, {""id"": 3, ""status"": ""unanswered""}, {""id"": 4, ""status"": ""unanswered""}, {""id"": 5, ""answer"": ""INTERNET"", ""status"": ""incorrect""}, {""id"": 6, ""status"": ""unanswered""}, {""id"": 7, ""status"": ""unanswered""}, {""id"": 8, ""status"": ""unanswered""}, {""id"": 9, ""status"": ""unanswered""}, {""id"": 10, ""status"": ""unanswered""}, {""id"": 11, ""status"": ""unanswered""}, {""id"": 12, ""status"": ""unanswered""}, {""id"": 13, ""status"": ""unanswered""}, {""id"": 14, ""status"": ""unanswered""}, {""id"": 15, ""answer"": ""ちしき"", ""status"": ""correct""}, {""id"": 16, ""status"": ""unanswered""}, {""id"": 17, ""status"": ""unanswered""}, {""id"": 18, ""status"": ""unanswered""}, {""id"": 19, ""status"": ""unanswered""}, {""id"": 20, ""status"": ""unanswered""}, {""id"": 21, ""status"": ""unanswered""}, {""id"": 22, ""status"": ""unanswered""}, {""id"": 23, ""status"": ""unanswered""}, {""id"": 24, ""status"": ""unanswered""}, {""id"": 25, ""status"": ""unanswered""}], ""totalQuestions"": 25}"
019a3e42-38d7-7eb7-8e5f-4a3a94256c70,019a3e35-f13f-78a7-8193-575f34c6a5a5,14,2025-11-01 07:11:58.680037+00,2025-11-01 07:11:58.680037+00,"{""groupId"": ""019a3e35-f13f-78a7-8193-575f34c6a5a5"", ""startedAt"": ""2025-11-01T07:01:36.607Z"", ""questionStates"": [{""id"": 1, ""status"": ""unanswered""}, {""id"": 2, ""status"": ""unanswered""}, {""id"": 3, ""status"": ""unanswered""}, {""id"": 4, ""answer"": ""ファミレス"", ""status"": ""correct""}, {""id"": 5, ""answer"": ""INTERNET"", ""status"": ""incorrect""}, {""id"": 6, ""status"": ""unanswered""}, {""id"": 7, ""answer"": ""はんだい"", ""status"": ""correct""}, {""id"": 8, ""status"": ""unanswered""}, {""id"": 9, ""status"": ""unanswered""}, {""id"": 10, ""status"": ""unanswered""}, {""id"": 11, ""status"": ""unanswered""}, {""id"": 12, ""status"": ""unanswered""}, {""id"": 13, ""status"": ""unanswered""}, {""id"": 14, ""answer"": ""現在進行形"", ""status"": ""correct""}, {""id"": 15, ""answer"": ""ちしき"", ""status"": ""correct""}, {""id"": 16, ""status"": ""unanswered""}, {""id"": 17, ""answer"": ""ちえ"", ""status"": ""correct""}, {""id"": 18, ""answer"": ""バード"", ""status"": ""correct""}, {""id"": 19, ""answer"": ""クリスマス"", ""status"": ""correct""}, {""id"": 20, ""status"": ""unanswered""}, {""id"": 21, ""answer"": ""こい"", ""status"": ""correct""}, {""id"": 22, ""answer"": ""中国"", ""status"": ""correct""}, {""id"": 23, ""status"": ""unanswered""}, {""id"": 24, ""answer"": ""4"", ""status"": ""incorrect""}, {""id"": 25, ""status"": ""unanswered""}], ""totalQuestions"": 25}"
019a3e54-ec35-74b6-852e-48c0723d4cab,019a3e48-ff46-7295-ac1f-86626f1d68fe,15,2025-11-01 07:32:24.245385+00,2025-11-01 07:32:24.245385+00,"{""groupId"": ""019a3e48-ff46-7295-ac1f-86626f1d68fe"", ""startedAt"": ""2025-11-01T07:22:22.694Z"", ""questionStates"": [{""id"": 1, ""status"": ""unanswered""}, {""id"": 2, ""answer"": ""たいへいよう"", ""status"": ""correct""}, {""id"": 3, ""status"": ""unanswered""}, {""id"": 4, ""answer"": ""ファミレス"", ""status"": ""correct""}, {""id"": 5, ""status"": ""unanswered""}, {""id"": 6, ""answer"": ""波"", ""status"": ""correct""}, {""id"": 7, ""answer"": ""はんだい"", ""status"": ""correct""}, {""id"": 8, ""answer"": ""SCIENCE"", ""status"": ""correct""}, {""id"": 9, ""status"": ""unanswered""}, {""id"": 10, ""answer"": ""まちかね"", ""status"": ""correct""}, {""id"": 11, ""status"": ""unanswered""}, {""id"": 12, ""answer"": ""HANDAISEI"", ""status"": ""correct""}, {""id"": 13, ""status"": ""unanswered""}, {""id"": 14, ""answer"": ""げんざいしんこうけい"", ""status"": ""correct""}, {""id"": 15, ""status"": ""unanswered""}, {""id"": 16, ""status"": ""unanswered""}, {""id"": 17, ""answer"": ""ちえ"", ""status"": ""correct""}, {""id"": 18, ""status"": ""unanswered""}, {""id"": 19, ""status"": ""unanswered""}, {""id"": 20, ""status"": ""unanswered""}, {""id"": 21, ""answer"": ""鯉"", ""status"": ""correct""}, {""id"": 22, ""status"": ""unanswered""}, {""id"": 23, ""status"": ""unanswered""}, {""id"": 24, ""status"": ""unanswered""}, {""id"": 25, ""status"": ""unanswered""}], ""totalQuestions"": 25}"
019a3e54-f416-793f-b116-87690465cec7,019a3e49-83bc-7b52-9d26-563bdfbe0e02,8,2025-11-01 07:32:26.262544+00,2025-11-01 07:32:26.262544+00,"{""groupId"": ""019a3e49-83bc-7b52-9d26-563bdfbe0e02"", ""startedAt"": ""2025-11-01T07:22:24.088Z"", ""questionStates"": [{""id"": 1, ""status"": ""unanswered""}, {""id"": 2, ""status"": ""unanswered""}, {""id"": 3, ""status"": ""unanswered""}, {""id"": 4, ""status"": ""unanswered""}, {""id"": 5, ""answer"": ""internet"", ""status"": ""correct""}, {""id"": 6, ""status"": ""unanswered""}, {""id"": 7, ""status"": ""unanswered""}, {""id"": 8, ""status"": ""unanswered""}, {""id"": 9, ""status"": ""unanswered""}, {""id"": 10, ""status"": ""unanswered""}, {""id"": 11, ""status"": ""unanswered""}, {""id"": 12, ""status"": ""unanswered""}, {""id"": 13, ""answer"": ""三国志"", ""status"": ""correct""}, {""id"": 14, ""answer"": ""現在進行形"", ""status"": ""correct""}, {""id"": 15, ""answer"": ""ちしき"", ""status"": ""correct""}, {""id"": 16, ""status"": ""unanswered""}, {""id"": 17, ""status"": ""unanswered""}, {""id"": 18, ""status"": ""unanswered""}, {""id"": 19, ""status"": ""unanswered""}, {""id"": 20, ""status"": ""unanswered""}, {""id"": 21, ""status"": ""unanswered""}, {""id"": 22, ""answer"": ""中国"", ""status"": ""correct""}, {""id"": 23, ""answer"": ""4"", ""status"": ""correct""}, {""id"": 24, ""status"": ""unanswered""}, {""id"": 25, ""status"": ""unanswered""}], ""totalQuestions"": 25}"
019a3e54-f6e8-7828-80c1-996fb1d396ed,019a3e49-f544-77b3-9569-aa6dcc06fea1,9,2025-11-01 07:32:26.984443+00,2025-11-01 07:32:26.984443+00,"{""groupId"": ""019a3e49-f544-77b3-9569-aa6dcc06fea1"", ""startedAt"": ""2025-11-01T07:22:24.855Z"", ""questionStates"": [{""id"": 1, ""status"": ""unanswered""}, {""id"": 2, ""answer"": ""たいへいよう"", ""status"": ""correct""}, {""id"": 3, ""status"": ""unanswered""}, {""id"": 4, ""status"": ""unanswered""}, {""id"": 5, ""answer"": ""Internet"", ""status"": ""correct""}, {""id"": 6, ""status"": ""unanswered""}, {""id"": 7, ""status"": ""unanswered""}, {""id"": 8, ""status"": ""unanswered""}, {""id"": 9, ""status"": ""unanswered""}, {""id"": 10, ""status"": ""unanswered""}, {""id"": 11, ""answer"": ""B"", ""status"": ""incorrect""}, {""id"": 12, ""answer"": ""handaisei"", ""status"": ""incorrect""}, {""id"": 13, ""status"": ""unanswered""}, {""id"": 14, ""answer"": ""げんざいしんこうけい"", ""status"": ""correct""}, {""id"": 15, ""answer"": ""ちしき"", ""status"": ""correct""}, {""id"": 16, ""status"": ""unanswered""}, {""id"": 17, ""status"": ""unanswered""}, {""id"": 18, ""answer"": ""バード"", ""status"": ""correct""}, {""id"": 19, ""answer"": ""クリスマス"", ""status"": ""correct""}, {""id"": 20, ""status"": ""unanswered""}, {""id"": 21, ""status"": ""unanswered""}, {""id"": 22, ""answer"": ""中国"", ""status"": ""correct""}, {""id"": 23, ""status"": ""unanswered""}, {""id"": 24, ""status"": ""unanswered""}, {""id"": 25, ""status"": ""unanswered""}], ""totalQuestions"": 25}"
019a3e55-0704-7730-9ce1-ee2bd1bf684c,019a3e49-de6b-79fd-8c07-5cbc8a3be14c,10,2025-11-01 07:32:31.10858+00,2025-11-01 07:32:31.10858+00,"{""groupId"": ""019a3e49-de6b-79fd-8c07-5cbc8a3be14c"", ""startedAt"": ""2025-11-01T07:22:23.125Z"", ""questionStates"": [{""id"": 1, ""answer"": ""たんい"", ""status"": ""correct""}, {""id"": 2, ""answer"": ""たいへいよう"", ""status"": ""correct""}, {""id"": 3, ""status"": ""unanswered""}, {""id"": 4, ""status"": ""unanswered""}, {""id"": 5, ""answer"": ""Internet"", ""status"": ""correct""}, {""id"": 6, ""status"": ""unanswered""}, {""id"": 7, ""status"": ""unanswered""}, {""id"": 8, ""status"": ""unanswered""}, {""id"": 9, ""status"": ""unanswered""}, {""id"": 10, ""status"": ""unanswered""}, {""id"": 11, ""answer"": ""b"", ""status"": ""incorrect""}, {""id"": 12, ""answer"": ""はんだいめい"", ""status"": ""incorrect""}, {""id"": 13, ""status"": ""unanswered""}, {""id"": 14, ""status"": ""unanswered""}, {""id"": 15, ""answer"": ""ちしき"", ""status"": ""correct""}, {""id"": 16, ""status"": ""unanswered""}, {""id"": 17, ""status"": ""unanswered""}, {""id"": 18, ""answer"": ""バード"", ""status"": ""correct""}, {""id"": 19, ""status"": ""unanswered""}, {""id"": 20, ""status"": ""unanswered""}, {""id"": 21, ""status"": ""unanswered""}, {""id"": 22, ""answer"": ""中国"", ""status"": ""correct""}, {""id"": 23, ""answer"": ""4"", ""status"": ""correct""}, {""id"": 24, ""status"": ""unanswered""}, {""id"": 25, ""status"": ""unanswered""}], ""totalQuestions"": 25}"
019a3e55-18cc-7ac4-be68-abbb5e8cf13d,019a3e49-5fb4-7ee3-9257-44b052b8eb9b,21,2025-11-01 07:32:35.660886+00,2025-11-01 07:32:35.660886+00,"{""groupId"": ""019a3e49-5fb4-7ee3-9257-44b052b8eb9b"", ""startedAt"": ""2025-11-01T07:22:24.734Z"", ""questionStates"": [{""id"": 1, ""answer"": ""たんい"", ""status"": ""correct""}, {""id"": 2, ""status"": ""unanswered""}, {""id"": 3, ""status"": ""unanswered""}, {""id"": 4, ""answer"": ""ファミレス"", ""status"": ""correct""}, {""id"": 5, ""status"": ""unanswered""}, {""id"": 6, ""status"": ""unanswered""}, {""id"": 7, ""status"": ""unanswered""}, {""id"": 8, ""answer"": ""science"", ""status"": ""correct""}, {""id"": 9, ""status"": ""unanswered""}, {""id"": 10, ""status"": ""unanswered""}, {""id"": 11, ""status"": ""unanswered""}, {""id"": 12, ""status"": ""unanswered""}, {""id"": 13, ""answer"": ""三国志"", ""status"": ""correct""}, {""id"": 14, ""answer"": ""現在進行形"", ""status"": ""correct""}, {""id"": 15, ""answer"": ""知識"", ""status"": ""correct""}, {""id"": 16, ""status"": ""unanswered""}, {""id"": 17, ""answer"": ""知恵"", ""status"": ""correct""}, {""id"": 18, ""answer"": ""バード"", ""status"": ""correct""}, {""id"": 19, ""answer"": ""クリスマス"", ""status"": ""correct""}, {""id"": 20, ""answer"": ""円錐"", ""status"": ""correct""}, {""id"": 21, ""status"": ""unanswered""}, {""id"": 22, ""answer"": ""中国"", ""status"": ""correct""}, {""id"": 23, ""answer"": ""4"", ""status"": ""correct""}, {""id"": 24, ""status"": ""unanswered""}, {""id"": 25, ""status"": ""unanswered""}], ""totalQuestions"": 25}"
019a3e55-1cdd-7ca5-a0d6-7171d7f3b957,019a3e4a-355c-758f-865b-7c7c2ffdc25e,1,2025-11-01 07:32:36.702083+00,2025-11-01 07:32:36.702083+00,"{""groupId"": ""019a3e4a-355c-758f-865b-7c7c2ffdc25e"", ""startedAt"": ""2025-11-01T07:22:25.015Z"", ""questionStates"": [{""id"": 1, ""status"": ""unanswered""}, {""id"": 2, ""status"": ""unanswered""}, {""id"": 3, ""status"": ""unanswered""}, {""id"": 4, ""status"": ""unanswered""}, {""id"": 5, ""status"": ""unanswered""}, {""id"": 6, ""status"": ""unanswered""}, {""id"": 7, ""status"": ""unanswered""}, {""id"": 8, ""answer"": ""SCIENCE"", ""status"": ""correct""}, {""id"": 9, ""status"": ""unanswered""}, {""id"": 10, ""status"": ""unanswered""}, {""id"": 11, ""status"": ""unanswered""}, {""id"": 12, ""status"": ""unanswered""}, {""id"": 13, ""status"": ""unanswered""}, {""id"": 14, ""status"": ""unanswered""}, {""id"": 15, ""status"": ""unanswered""}, {""id"": 16, ""status"": ""unanswered""}, {""id"": 17, ""status"": ""unanswered""}, {""id"": 18, ""status"": ""unanswered""}, {""id"": 19, ""status"": ""unanswered""}, {""id"": 20, ""status"": ""unanswered""}, {""id"": 21, ""status"": ""unanswered""}, {""id"": 22, ""status"": ""unanswered""}, {""id"": 23, ""status"": ""unanswered""}, {""id"": 24, ""status"": ""unanswered""}, {""id"": 25, ""status"": ""unanswered""}], ""totalQuestions"": 25}"
019a3e55-1de7-7eb6-926f-9c3fd03bdf02,019a3e49-0eee-7e85-8bb0-7c8f39f4b90a,14,2025-11-01 07:32:36.968189+00,2025-11-01 07:32:36.968189+00,"{""groupId"": ""019a3e49-0eee-7e85-8bb0-7c8f39f4b90a"", ""startedAt"": ""2025-11-01T07:22:34.899Z"", ""questionStates"": [{""id"": 1, ""status"": ""unanswered""}, {""id"": 2, ""answer"": ""太平洋"", ""status"": ""correct""}, {""id"": 3, ""status"": ""unanswered""}, {""id"": 4, ""answer"": ""ふぁみれす"", ""status"": ""correct""}, {""id"": 5, ""status"": ""unanswered""}, {""id"": 6, ""status"": ""unanswered""}, {""id"": 7, ""answer"": ""はんだい"", ""status"": ""correct""}, {""id"": 8, ""answer"": ""science"", ""status"": ""correct""}, {""id"": 9, ""status"": ""unanswered""}, {""id"": 10, ""status"": ""unanswered""}, {""id"": 11, ""answer"": ""B"", ""status"": ""incorrect""}, {""id"": 12, ""status"": ""unanswered""}, {""id"": 13, ""answer"": ""三国志"", ""status"": ""correct""}, {""id"": 14, ""status"": ""unanswered""}, {""id"": 15, ""answer"": ""ちしき"", ""status"": ""correct""}, {""id"": 16, ""status"": ""unanswered""}, {""id"": 17, ""answer"": ""ちえ"", ""status"": ""correct""}, {""id"": 18, ""status"": ""unanswered""}, {""id"": 19, ""status"": ""unanswered""}, {""id"": 20, ""status"": ""unanswered""}, {""id"": 21, ""status"": ""unanswered""}, {""id"": 22, ""answer"": ""中国"", ""status"": ""correct""}, {""id"": 23, ""answer"": ""4"", ""status"": ""correct""}, {""id"": 24, ""status"": ""unanswered""}, {""id"": 25, ""status"": ""unanswered""}], ""totalQuestions"": 25}"
019a3e55-7681-78e3-8b5b-7610d4b9fd2c,019a3e4b-4f45-773f-93b6-d403ef20309a,8,2025-11-01 07:32:59.649458+00,2025-11-01 07:32:59.649458+00,"{""groupId"": ""019a3e4b-4f45-773f-93b6-d403ef20309a"", ""startedAt"": ""2025-11-01T07:22:24.007Z"", ""questionStates"": [{""id"": 1, ""status"": ""unanswered""}, {""id"": 2, ""status"": ""unanswered""}, {""id"": 3, ""status"": ""unanswered""}, {""id"": 4, ""status"": ""unanswered""}, {""id"": 5, ""answer"": ""Internet"", ""status"": ""correct""}, {""id"": 6, ""status"": ""unanswered""}, {""id"": 7, ""status"": ""unanswered""}, {""id"": 8, ""status"": ""unanswered""}, {""id"": 9, ""status"": ""unanswered""}, {""id"": 10, ""status"": ""unanswered""}, {""id"": 11, ""status"": ""unanswered""}, {""id"": 12, ""status"": ""unanswered""}, {""id"": 13, ""answer"": ""さんごくし"", ""status"": ""correct""}, {""id"": 14, ""status"": ""unanswered""}, {""id"": 15, ""answer"": ""ちしき"", ""status"": ""correct""}, {""id"": 16, ""status"": ""unanswered""}, {""id"": 17, ""status"": ""unanswered""}, {""id"": 18, ""status"": ""unanswered""}, {""id"": 19, ""status"": ""unanswered""}, {""id"": 20, ""status"": ""unanswered""}, {""id"": 21, ""answer"": ""こい"", ""status"": ""correct""}, {""id"": 22, ""answer"": ""中国"", ""status"": ""correct""}, {""id"": 23, ""answer"": ""4"", ""status"": ""correct""}, {""id"": 24, ""status"": ""unanswered""}, {""id"": 25, ""status"": ""unanswered""}], ""totalQuestions"": 25}"
019a3e55-d3ec-7252-ad28-dc8ad3d65a30,019a3e4a-2a8f-77b8-9771-9d0fc2745dbf,2,2025-11-01 07:33:23.564093+00,2025-11-01 07:33:23.564093+00,"{""groupId"": ""019a3e4a-2a8f-77b8-9771-9d0fc2745dbf"", ""startedAt"": ""2025-11-01T07:22:25.033Z"", ""questionStates"": [{""id"": 1, ""status"": ""unanswered""}, {""id"": 2, ""status"": ""unanswered""}, {""id"": 3, ""status"": ""unanswered""}, {""id"": 4, ""status"": ""unanswered""}, {""id"": 5, ""answer"": ""Internet"", ""status"": ""correct""}, {""id"": 6, ""status"": ""unanswered""}, {""id"": 7, ""status"": ""unanswered""}, {""id"": 8, ""status"": ""unanswered""}, {""id"": 9, ""status"": ""unanswered""}, {""id"": 10, ""status"": ""unanswered""}, {""id"": 11, ""status"": ""unanswered""}, {""id"": 12, ""status"": ""unanswered""}, {""id"": 13, ""status"": ""unanswered""}, {""id"": 14, ""status"": ""unanswered""}, {""id"": 15, ""status"": ""unanswered""}, {""id"": 16, ""status"": ""unanswered""}, {""id"": 17, ""status"": ""unanswered""}, {""id"": 18, ""status"": ""unanswered""}, {""id"": 19, ""status"": ""unanswered""}, {""id"": 20, ""status"": ""unanswered""}, {""id"": 21, ""answer"": ""鯉"", ""status"": ""correct""}, {""id"": 22, ""status"": ""unanswered""}, {""id"": 23, ""status"": ""unanswered""}, {""id"": 24, ""status"": ""unanswered""}, {""id"": 25, ""status"": ""unanswered""}], ""totalQuestions"": 25}"
019a3e56-c88b-7317-9eaf-fea39072fbb5,019a3e49-8f33-79f5-862a-23200a5fbac3,8,2025-11-01 07:34:26.187422+00,2025-11-01 07:34:26.187422+00,"{""groupId"": ""019a3e49-8f33-79f5-862a-23200a5fbac3"", ""startedAt"": ""2025-11-01T07:22:24.141Z"", ""questionStates"": [{""id"": 1, ""status"": ""unanswered""}, {""id"": 2, ""answer"": ""たいへいよう"", ""status"": ""correct""}, {""id"": 3, ""status"": ""unanswered""}, {""id"": 4, ""status"": ""unanswered""}, {""id"": 5, ""status"": ""unanswered""}, {""id"": 6, ""status"": ""unanswered""}, {""id"": 7, ""answer"": ""はんだい"", ""status"": ""correct""}, {""id"": 8, ""status"": ""unanswered""}, {""id"": 9, ""status"": ""unanswered""}, {""id"": 10, ""answer"": ""まちかね"", ""status"": ""correct""}, {""id"": 11, ""answer"": ""B"", ""status"": ""incorrect""}, {""id"": 12, ""answer"": ""Handaisei"", ""status"": ""incorrect""}, {""id"": 13, ""status"": ""unanswered""}, {""id"": 14, ""status"": ""unanswered""}, {""id"": 15, ""answer"": ""ちしき"", ""status"": ""correct""}, {""id"": 16, ""status"": ""unanswered""}, {""id"": 17, ""status"": ""unanswered""}, {""id"": 18, ""status"": ""unanswered""}, {""id"": 19, ""status"": ""unanswered""}, {""id"": 20, ""answer"": ""えんすい"", ""status"": ""correct""}, {""id"": 21, ""answer"": ""こい"", ""status"": ""correct""}, {""id"": 22, ""status"": ""unanswered""}, {""id"": 23, ""status"": ""unanswered""}, {""id"": 24, ""answer"": ""きんしん"", ""status"": ""incorrect""}, {""id"": 25, ""status"": ""unanswered""}], ""totalQuestions"": 25}"
019a3e69-6038-79fa-aff8-f954963bcbf7,019a3e5b-9995-7270-b2f0-ba544508e775,10,2025-11-01 07:54:44.678234+00,2025-11-01 07:54:44.678234+00,"{""groupId"": ""019a3e5b-9995-7270-b2f0-ba544508e775"", ""startedAt"": ""2025-11-01T07:44:42.614Z"", ""questionStates"": [{""id"": 1, ""status"": ""unanswered""}, {""id"": 2, ""answer"": ""たいへいよう"", ""status"": ""correct""}, {""id"": 3, ""status"": ""unanswered""}, {""id"": 4, ""status"": ""unanswered""}, {""id"": 5, ""status"": ""unanswered""}, {""id"": 6, ""status"": ""unanswered""}, {""id"": 7, ""status"": ""unanswered""}, {""id"": 8, ""answer"": ""science"", ""status"": ""correct""}, {""id"": 9, ""status"": ""unanswered""}, {""id"": 10, ""status"": ""unanswered""}, {""id"": 11, ""answer"": ""B"", ""status"": ""incorrect""}, {""id"": 12, ""status"": ""unanswered""}, {""id"": 13, ""answer"": ""三国志"", ""status"": ""correct""}, {""id"": 14, ""answer"": ""現在進行形"", ""status"": ""correct""}, {""id"": 15, ""status"": ""unanswered""}, {""id"": 16, ""status"": ""unanswered""}, {""id"": 17, ""answer"": ""知恵"", ""status"": ""correct""}, {""id"": 18, ""status"": ""unanswered""}, {""id"": 19, ""status"": ""unanswered""}, {""id"": 20, ""status"": ""unanswered""}, {""id"": 21, ""status"": ""unanswered""}, {""id"": 22, ""answer"": ""中国"", ""status"": ""correct""}, {""id"": 23, ""answer"": ""4"", ""status"": ""correct""}, {""id"": 24, ""status"": ""unanswered""}, {""id"": 25, ""status"": ""unanswered""}], ""totalQuestions"": 25}"
019a3e69-6889-7029-a430-3f9040e2d1ce,019a3e5d-5cb3-7608-a3cf-b279da3223f1,1,2025-11-01 07:54:46.793124+00,2025-11-01 07:54:46.793124+00,"{""groupId"": ""019a3e5d-5cb3-7608-a3cf-b279da3223f1"", ""startedAt"": ""2025-11-01T07:44:45.514Z"", ""questionStates"": [{""id"": 1, ""status"": ""unanswered""}, {""id"": 2, ""status"": ""unanswered""}, {""id"": 3, ""status"": ""unanswered""}, {""id"": 4, ""status"": ""unanswered""}, {""id"": 5, ""status"": ""unanswered""}, {""id"": 6, ""status"": ""unanswered""}, {""id"": 7, ""status"": ""unanswered""}, {""id"": 8, ""status"": ""unanswered""}, {""id"": 9, ""status"": ""unanswered""}, {""id"": 10, ""status"": ""unanswered""}, {""id"": 11, ""status"": ""unanswered""}, {""id"": 12, ""answer"": ""HANDAISEI"", ""status"": ""correct""}, {""id"": 13, ""status"": ""unanswered""}, {""id"": 14, ""status"": ""unanswered""}, {""id"": 15, ""status"": ""unanswered""}, {""id"": 16, ""status"": ""unanswered""}, {""id"": 17, ""status"": ""unanswered""}, {""id"": 18, ""status"": ""unanswered""}, {""id"": 19, ""status"": ""unanswered""}, {""id"": 20, ""status"": ""unanswered""}, {""id"": 21, ""status"": ""unanswered""}, {""id"": 22, ""status"": ""unanswered""}, {""id"": 23, ""status"": ""unanswered""}, {""id"": 24, ""status"": ""unanswered""}, {""id"": 25, ""status"": ""unanswered""}], ""totalQuestions"": 25}"
019a3e69-688e-7cf6-b6e1-9e2c0d8be965,019a3e5d-7825-7758-b6db-f45b1d1e8aa3,4,2025-11-01 07:54:46.800031+00,2025-11-01 07:54:46.800031+00,"{""groupId"": ""019a3e5d-7825-7758-b6db-f45b1d1e8aa3"", ""startedAt"": ""2025-11-01T07:44:44.398Z"", ""questionStates"": [{""id"": 1, ""status"": ""unanswered""}, {""id"": 2, ""status"": ""unanswered""}, {""id"": 3, ""status"": ""unanswered""}, {""id"": 4, ""status"": ""unanswered""}, {""id"": 5, ""status"": ""unanswered""}, {""id"": 6, ""status"": ""unanswered""}, {""id"": 7, ""status"": ""unanswered""}, {""id"": 8, ""status"": ""unanswered""}, {""id"": 9, ""status"": ""unanswered""}, {""id"": 10, ""status"": ""unanswered""}, {""id"": 11, ""status"": ""unanswered""}, {""id"": 12, ""status"": ""unanswered""}, {""id"": 13, ""status"": ""unanswered""}, {""id"": 14, ""answer"": ""現在進行形"", ""status"": ""correct""}, {""id"": 15, ""status"": ""unanswered""}, {""id"": 16, ""status"": ""unanswered""}, {""id"": 17, ""status"": ""unanswered""}, {""id"": 18, ""answer"": ""バーヤ"", ""status"": ""incorrect""}, {""id"": 19, ""answer"": ""クリスマス"", ""status"": ""correct""}, {""id"": 20, ""answer"": ""まんすい"", ""status"": ""incorrect""}, {""id"": 21, ""answer"": ""鯉"", ""status"": ""correct""}, {""id"": 22, ""status"": ""unanswered""}, {""id"": 23, ""status"": ""unanswered""}, {""id"": 24, ""status"": ""unanswered""}, {""id"": 25, ""status"": ""unanswered""}], ""totalQuestions"": 25}"
019a3e69-68ef-7085-831c-0281db439987,019a3e5d-f7c7-7051-acf1-e76bee7a60ee,6,2025-11-01 07:54:46.894862+00,2025-11-01 07:54:46.894862+00,"{""groupId"": ""019a3e5d-f7c7-7051-acf1-e76bee7a60ee"", ""startedAt"": ""2025-11-01T07:44:44.104Z"", ""questionStates"": [{""id"": 1, ""status"": ""unanswered""}, {""id"": 2, ""status"": ""unanswered""}, {""id"": 3, ""status"": ""unanswered""}, {""id"": 4, ""answer"": ""ファミレス"", ""status"": ""correct""}, {""id"": 5, ""answer"": ""INTERNET"", ""status"": ""incorrect""}, {""id"": 6, ""status"": ""unanswered""}, {""id"": 7, ""status"": ""unanswered""}, {""id"": 8, ""status"": ""unanswered""}, {""id"": 9, ""status"": ""unanswered""}, {""id"": 10, ""status"": ""unanswered""}, {""id"": 11, ""status"": ""unanswered""}, {""id"": 12, ""status"": ""unanswered""}, {""id"": 13, ""status"": ""unanswered""}, {""id"": 14, ""status"": ""unanswered""}, {""id"": 15, ""status"": ""unanswered""}, {""id"": 16, ""status"": ""unanswered""}, {""id"": 17, ""answer"": ""ちえ"", ""status"": ""correct""}, {""id"": 18, ""status"": ""unanswered""}, {""id"": 19, ""status"": ""unanswered""}, {""id"": 20, ""status"": ""unanswered""}, {""id"": 21, ""answer"": ""こい"", ""status"": ""correct""}, {""id"": 22, ""answer"": ""げん"", ""status"": ""incorrect""}, {""id"": 23, ""status"": ""unanswered""}, {""id"": 24, ""status"": ""unanswered""}, {""id"": 25, ""status"": ""unanswered""}], ""totalQuestions"": 25}"
019a3e69-6d39-7845-a447-190eb211d6d7,019a3e5c-8ad8-7620-bbd6-13a30ed16a6c,7,2025-11-01 07:54:47.993421+00,2025-11-01 07:54:47.993421+00,"{""groupId"": ""019a3e5c-8ad8-7620-bbd6-13a30ed16a6c"", ""startedAt"": ""2025-11-01T07:44:44.766Z"", ""questionStates"": [{""id"": 1, ""status"": ""unanswered""}, {""id"": 2, ""answer"": ""たいへいよう"", ""status"": ""correct""}, {""id"": 3, ""status"": ""unanswered""}, {""id"": 4, ""answer"": ""ふぁみれす"", ""status"": ""correct""}, {""id"": 5, ""status"": ""unanswered""}, {""id"": 6, ""status"": ""unanswered""}, {""id"": 7, ""answer"": ""はんだい"", ""status"": ""correct""}, {""id"": 8, ""status"": ""unanswered""}, {""id"": 9, ""status"": ""unanswered""}, {""id"": 10, ""status"": ""unanswered""}, {""id"": 11, ""status"": ""unanswered""}, {""id"": 12, ""status"": ""unanswered""}, {""id"": 13, ""answer"": ""三国志"", ""status"": ""correct""}, {""id"": 14, ""status"": ""unanswered""}, {""id"": 15, ""status"": ""unanswered""}, {""id"": 16, ""status"": ""unanswered""}, {""id"": 17, ""status"": ""unanswered""}, {""id"": 18, ""status"": ""unanswered""}, {""id"": 19, ""status"": ""unanswered""}, {""id"": 20, ""status"": ""unanswered""}, {""id"": 21, ""status"": ""unanswered""}, {""id"": 22, ""status"": ""unanswered""}, {""id"": 23, ""status"": ""unanswered""}, {""id"": 24, ""status"": ""unanswered""}, {""id"": 25, ""status"": ""unanswered""}], ""totalQuestions"": 25}"
019a3e69-7b61-7b0b-8cae-63a3f6c166f7,019a3e5c-5d45-7995-ad9d-667dc3bd029a,5,2025-11-01 07:54:51.617559+00,2025-11-01 07:54:51.617559+00,"{""groupId"": ""019a3e5c-5d45-7995-ad9d-667dc3bd029a"", ""startedAt"": ""2025-11-01T07:44:47.887Z"", ""questionStates"": [{""id"": 1, ""status"": ""unanswered""}, {""id"": 2, ""status"": ""unanswered""}, {""id"": 3, ""status"": ""unanswered""}, {""id"": 4, ""status"": ""unanswered""}, {""id"": 5, ""status"": ""unanswered""}, {""id"": 6, ""status"": ""unanswered""}, {""id"": 7, ""status"": ""unanswered""}, {""id"": 8, ""status"": ""unanswered""}, {""id"": 9, ""status"": ""unanswered""}, {""id"": 10, ""status"": ""unanswered""}, {""id"": 11, ""answer"": ""B"", ""status"": ""incorrect""}, {""id"": 12, ""answer"": ""HANDAISEI"", ""status"": ""correct""}, {""id"": 13, ""status"": ""unanswered""}, {""id"": 14, ""status"": ""unanswered""}, {""id"": 15, ""answer"": ""ちしき"", ""status"": ""correct""}, {""id"": 16, ""status"": ""unanswered""}, {""id"": 17, ""status"": ""unanswered""}, {""id"": 18, ""status"": ""unanswered""}, {""id"": 19, ""status"": ""unanswered""}, {""id"": 20, ""status"": ""unanswered""}, {""id"": 21, ""answer"": ""こい"", ""status"": ""correct""}, {""id"": 22, ""answer"": ""中国"", ""status"": ""correct""}, {""id"": 23, ""status"": ""unanswered""}, {""id"": 24, ""status"": ""unanswered""}, {""id"": 25, ""status"": ""unanswered""}], ""totalQuestions"": 25}"
019a3e69-72fa-72ec-8d5d-1d51bd8ac9dc,019a3e5c-6391-7915-b912-c16b5b6c71e9,14,2025-11-01 07:54:49.466373+00,2025-11-01 07:54:49.466373+00,"{""groupId"": ""019a3e5c-6391-7915-b912-c16b5b6c71e9"", ""startedAt"": ""2025-11-01T07:44:44.220Z"", ""questionStates"": [{""id"": 1, ""status"": ""unanswered""}, {""id"": 2, ""status"": ""unanswered""}, {""id"": 3, ""status"": ""unanswered""}, {""id"": 4, ""answer"": ""ファミレス"", ""status"": ""correct""}, {""id"": 5, ""status"": ""unanswered""}, {""id"": 6, ""status"": ""unanswered""}, {""id"": 7, ""answer"": ""はんだい"", ""status"": ""correct""}, {""id"": 8, ""status"": ""unanswered""}, {""id"": 9, ""status"": ""unanswered""}, {""id"": 10, ""answer"": ""まちかね"", ""status"": ""correct""}, {""id"": 11, ""status"": ""unanswered""}, {""id"": 12, ""status"": ""unanswered""}, {""id"": 13, ""answer"": ""三国志"", ""status"": ""correct""}, {""id"": 14, ""status"": ""unanswered""}, {""id"": 15, ""answer"": ""ちしき"", ""status"": ""correct""}, {""id"": 16, ""status"": ""unanswered""}, {""id"": 17, ""answer"": ""うに"", ""status"": ""incorrect""}, {""id"": 18, ""status"": ""unanswered""}, {""id"": 19, ""status"": ""unanswered""}, {""id"": 20, ""answer"": ""えんすい"", ""status"": ""correct""}, {""id"": 21, ""answer"": ""こい"", ""status"": ""correct""}, {""id"": 22, ""answer"": ""中国"", ""status"": ""correct""}, {""id"": 23, ""status"": ""unanswered""}, {""id"": 24, ""status"": ""unanswered""}, {""id"": 25, ""status"": ""unanswered""}], ""totalQuestions"": 25}"
019a3e69-767f-7b81-830e-988e5a9b3def,019a3e5c-5433-79ab-a576-bbe31c5c71a0,7,2025-11-01 07:54:50.367821+00,2025-11-01 07:54:50.367821+00,"{""groupId"": ""019a3e5c-5433-79ab-a576-bbe31c5c71a0"", ""startedAt"": ""2025-11-01T07:44:45.134Z"", ""questionStates"": [{""id"": 1, ""status"": ""unanswered""}, {""id"": 2, ""answer"": ""たいへいよう"", ""status"": ""correct""}, {""id"": 3, ""status"": ""unanswered""}, {""id"": 4, ""status"": ""unanswered""}, {""id"": 5, ""answer"": ""internet"", ""status"": ""correct""}, {""id"": 6, ""status"": ""unanswered""}, {""id"": 7, ""answer"": ""はんだい"", ""status"": ""correct""}, {""id"": 8, ""status"": ""unanswered""}, {""id"": 9, ""status"": ""unanswered""}, {""id"": 10, ""status"": ""unanswered""}, {""id"": 11, ""status"": ""unanswered""}, {""id"": 12, ""status"": ""unanswered""}, {""id"": 13, ""status"": ""unanswered""}, {""id"": 14, ""answer"": ""現在進行形"", ""status"": ""correct""}, {""id"": 15, ""status"": ""unanswered""}, {""id"": 16, ""status"": ""unanswered""}, {""id"": 17, ""status"": ""unanswered""}, {""id"": 18, ""answer"": ""バード"", ""status"": ""correct""}, {""id"": 19, ""answer"": ""クリスマス"", ""status"": ""correct""}, {""id"": 20, ""status"": ""unanswered""}, {""id"": 21, ""status"": ""unanswered""}, {""id"": 22, ""status"": ""unanswered""}, {""id"": 23, ""status"": ""unanswered""}, {""id"": 24, ""status"": ""unanswered""}, {""id"": 25, ""status"": ""unanswered""}], ""totalQuestions"": 25}"
019a3e69-7a56-73b7-98d7-7dda2e70751c,019a3e5b-95fa-748c-90bd-c23164448f03,5,2025-11-01 07:54:51.350069+00,2025-11-01 07:54:51.350069+00,"{""groupId"": ""019a3e5b-95fa-748c-90bd-c23164448f03"", ""startedAt"": ""2025-11-01T07:44:44.480Z"", ""questionStates"": [{""id"": 1, ""status"": ""unanswered""}, {""id"": 2, ""status"": ""unanswered""}, {""id"": 3, ""status"": ""unanswered""}, {""id"": 4, ""status"": ""unanswered""}, {""id"": 5, ""status"": ""unanswered""}, {""id"": 6, ""status"": ""unanswered""}, {""id"": 7, ""answer"": ""はんだい"", ""status"": ""correct""}, {""id"": 8, ""status"": ""unanswered""}, {""id"": 9, ""status"": ""unanswered""}, {""id"": 10, ""status"": ""unanswered""}, {""id"": 11, ""status"": ""unanswered""}, {""id"": 12, ""status"": ""unanswered""}, {""id"": 13, ""status"": ""unanswered""}, {""id"": 14, ""answer"": ""げんざいしんこうけい"", ""status"": ""correct""}, {""id"": 15, ""status"": ""unanswered""}, {""id"": 16, ""status"": ""unanswered""}, {""id"": 17, ""answer"": ""ちち"", ""status"": ""incorrect""}, {""id"": 18, ""status"": ""unanswered""}, {""id"": 19, ""answer"": ""クリスマス"", ""status"": ""correct""}, {""id"": 20, ""status"": ""unanswered""}, {""id"": 21, ""answer"": ""こい"", ""status"": ""correct""}, {""id"": 22, ""status"": ""unanswered""}, {""id"": 23, ""status"": ""unanswered""}, {""id"": 24, ""status"": ""unanswered""}, {""id"": 25, ""status"": ""unanswered""}], ""totalQuestions"": 25}"
019a3e69-7a9b-7dab-b2de-d9dff008abf9,019a3e5d-6193-764c-881b-5bbb868f49b3,5,2025-11-01 07:54:51.419704+00,2025-11-01 07:54:51.419704+00,"{""groupId"": ""019a3e5d-6193-764c-881b-5bbb868f49b3"", ""startedAt"": ""2025-11-01T07:44:44.714Z"", ""questionStates"": [{""id"": 1, ""status"": ""unanswered""}, {""id"": 2, ""status"": ""unanswered""}, {""id"": 3, ""status"": ""unanswered""}, {""id"": 4, ""status"": ""unanswered""}, {""id"": 5, ""status"": ""unanswered""}, {""id"": 6, ""status"": ""unanswered""}, {""id"": 7, ""status"": ""unanswered""}, {""id"": 8, ""answer"": ""science"", ""status"": ""correct""}, {""id"": 9, ""status"": ""unanswered""}, {""id"": 10, ""status"": ""unanswered""}, {""id"": 11, ""status"": ""unanswered""}, {""id"": 12, ""status"": ""unanswered""}, {""id"": 13, ""status"": ""unanswered""}, {""id"": 14, ""status"": ""unanswered""}, {""id"": 15, ""answer"": ""ちしき"", ""status"": ""correct""}, {""id"": 16, ""answer"": ""バード"", ""status"": ""incorrect""}, {""id"": 17, ""status"": ""unanswered""}, {""id"": 18, ""status"": ""unanswered""}, {""id"": 19, ""status"": ""unanswered""}, {""id"": 20, ""answer"": ""えんすい"", ""status"": ""correct""}, {""id"": 21, ""status"": ""unanswered""}, {""id"": 22, ""status"": ""unanswered""}, {""id"": 23, ""answer"": ""4"", ""status"": ""correct""}, {""id"": 24, ""status"": ""unanswered""}, {""id"": 25, ""status"": ""unanswered""}], ""totalQuestions"": 25}"
019a3e69-85b5-79cf-b36e-866f54386022,019a3e5c-de64-764e-9727-6dc3ca9d0a12,2,2025-11-01 07:54:54.261461+00,2025-11-01 07:54:54.261461+00,"{""groupId"": ""019a3e5c-de64-764e-9727-6dc3ca9d0a12"", ""startedAt"": ""2025-11-01T07:44:44.225Z"", ""questionStates"": [{""id"": 1, ""status"": ""unanswered""}, {""id"": 2, ""status"": ""unanswered""}, {""id"": 3, ""status"": ""unanswered""}, {""id"": 4, ""status"": ""unanswered""}, {""id"": 5, ""status"": ""unanswered""}, {""id"": 6, ""status"": ""unanswered""}, {""id"": 7, ""answer"": ""阪大はんだい"", ""status"": ""incorrect""}, {""id"": 8, ""answer"": ""science"", ""status"": ""correct""}, {""id"": 9, ""status"": ""unanswered""}, {""id"": 10, ""status"": ""unanswered""}, {""id"": 11, ""status"": ""unanswered""}, {""id"": 12, ""status"": ""unanswered""}, {""id"": 13, ""answer"": ""箕面市"", ""status"": ""incorrect""}, {""id"": 14, ""status"": ""unanswered""}, {""id"": 15, ""answer"": ""知識"", ""status"": ""correct""}, {""id"": 16, ""status"": ""unanswered""}, {""id"": 17, ""status"": ""unanswered""}, {""id"": 18, ""status"": ""unanswered""}, {""id"": 19, ""status"": ""unanswered""}, {""id"": 20, ""status"": ""unanswered""}, {""id"": 21, ""status"": ""unanswered""}, {""id"": 22, ""status"": ""unanswered""}, {""id"": 23, ""status"": ""unanswered""}, {""id"": 24, ""status"": ""unanswered""}, {""id"": 25, ""status"": ""unanswered""}], ""totalQuestions"": 25}"
019a3e7c-6c9c-7a37-bed6-a3e9acc7bc92,019a3e71-0c39-7524-bc93-f42a432d3c7c,8,2025-11-01 08:15:33.020145+00,2025-11-01 08:15:33.020145+00,"{""groupId"": ""019a3e71-0c39-7524-bc93-f42a432d3c7c"", ""startedAt"": ""2025-11-01T08:05:31.261Z"", ""questionStates"": [{""id"": 1, ""status"": ""unanswered""}, {""id"": 2, ""status"": ""unanswered""}, {""id"": 3, ""status"": ""unanswered""}, {""id"": 4, ""status"": ""unanswered""}, {""id"": 5, ""answer"": ""internet"", ""status"": ""correct""}, {""id"": 6, ""status"": ""unanswered""}, {""id"": 7, ""status"": ""unanswered""}, {""id"": 8, ""status"": ""unanswered""}, {""id"": 9, ""status"": ""unanswered""}, {""id"": 10, ""answer"": ""まちかね"", ""status"": ""correct""}, {""id"": 11, ""status"": ""unanswered""}, {""id"": 12, ""status"": ""unanswered""}, {""id"": 13, ""status"": ""unanswered""}, {""id"": 14, ""answer"": ""げんざいしんこうけい"", ""status"": ""correct""}, {""id"": 15, ""status"": ""unanswered""}, {""id"": 16, ""status"": ""unanswered""}, {""id"": 17, ""status"": ""unanswered""}, {""id"": 18, ""answer"": ""バード"", ""status"": ""correct""}, {""id"": 19, ""status"": ""unanswered""}, {""id"": 20, ""answer"": ""えんすい"", ""status"": ""correct""}, {""id"": 21, ""answer"": ""こい"", ""status"": ""correct""}, {""id"": 22, ""status"": ""unanswered""}, {""id"": 23, ""status"": ""unanswered""}, {""id"": 24, ""answer"": ""ぶんしん"", ""status"": ""incorrect""}, {""id"": 25, ""status"": ""unanswered""}], ""totalQuestions"": 25}"
019a3e7c-6fb6-717d-a566-903f4b468e09,019a3e70-9a07-7718-a073-21792357921d,8,2025-11-01 08:15:33.813684+00,2025-11-01 08:15:33.813684+00,"{""groupId"": ""019a3e70-9a07-7718-a073-21792357921d"", ""startedAt"": ""2025-11-01T08:05:33.725Z"", ""questionStates"": [{""id"": 1, ""status"": ""unanswered""}, {""id"": 2, ""answer"": ""たいへいよう"", ""status"": ""correct""}, {""id"": 3, ""status"": ""unanswered""}, {""id"": 4, ""status"": ""unanswered""}, {""id"": 5, ""answer"": ""ENTERNET"", ""status"": ""incorrect""}, {""id"": 6, ""status"": ""unanswered""}, {""id"": 7, ""status"": ""unanswered""}, {""id"": 8, ""status"": ""unanswered""}, {""id"": 9, ""status"": ""unanswered""}, {""id"": 10, ""answer"": ""まちかね"", ""status"": ""correct""}, {""id"": 11, ""answer"": ""B"", ""status"": ""incorrect""}, {""id"": 12, ""answer"": ""hunduimei"", ""status"": ""incorrect""}, {""id"": 13, ""status"": ""unanswered""}, {""id"": 14, ""status"": ""unanswered""}, {""id"": 15, ""answer"": ""知識"", ""status"": ""correct""}, {""id"": 16, ""status"": ""unanswered""}, {""id"": 17, ""status"": ""unanswered""}, {""id"": 18, ""answer"": ""バード"", ""status"": ""correct""}, {""id"": 19, ""status"": ""unanswered""}, {""id"": 20, ""status"": ""unanswered""}, {""id"": 21, ""status"": ""unanswered""}, {""id"": 22, ""answer"": ""中国"", ""status"": ""correct""}, {""id"": 23, ""answer"": ""4"", ""status"": ""correct""}, {""id"": 24, ""status"": ""unanswered""}, {""id"": 25, ""status"": ""unanswered""}], ""totalQuestions"": 25}"
019a3e7c-8692-7a07-ac70-874d5f60ea2e,019a3e70-ea49-7457-8aee-82536f37a250,9,2025-11-01 08:15:39.666091+00,2025-11-01 08:15:39.666091+00,"{""groupId"": ""019a3e70-ea49-7457-8aee-82536f37a250"", ""startedAt"": ""2025-11-01T08:05:30.755Z"", ""questionStates"": [{""id"": 1, ""status"": ""unanswered""}, {""id"": 2, ""status"": ""unanswered""}, {""id"": 3, ""status"": ""unanswered""}, {""id"": 4, ""answer"": ""ふぁみれす"", ""status"": ""correct""}, {""id"": 5, ""status"": ""unanswered""}, {""id"": 6, ""status"": ""unanswered""}, {""id"": 7, ""status"": ""unanswered""}, {""id"": 8, ""status"": ""unanswered""}, {""id"": 9, ""status"": ""unanswered""}, {""id"": 10, ""status"": ""unanswered""}, {""id"": 11, ""status"": ""unanswered""}, {""id"": 12, ""status"": ""unanswered""}, {""id"": 13, ""answer"": ""さんごくし"", ""status"": ""correct""}, {""id"": 14, ""answer"": ""げんざいしんこうけい"", ""status"": ""correct""}, {""id"": 15, ""status"": ""unanswered""}, {""id"": 16, ""status"": ""unanswered""}, {""id"": 17, ""answer"": ""ちえ"", ""status"": ""correct""}, {""id"": 18, ""status"": ""unanswered""}, {""id"": 19, ""answer"": ""くりすます"", ""status"": ""incorrect""}, {""id"": 20, ""status"": ""unanswered""}, {""id"": 21, ""answer"": ""こい"", ""status"": ""correct""}, {""id"": 22, ""status"": ""unanswered""}, {""id"": 23, ""status"": ""unanswered""}, {""id"": 24, ""status"": ""unanswered""}, {""id"": 25, ""status"": ""unanswered""}], ""totalQuestions"": 25}"
019a3e7c-870a-7418-918e-523160e93b65,019a3e72-9daf-7409-a631-b63bb468b998,16,2025-11-01 08:15:39.785717+00,2025-11-01 08:15:39.785717+00,"{""groupId"": ""019a3e72-9daf-7409-a631-b63bb468b998"", ""startedAt"": ""2025-11-01T08:05:34.560Z"", ""questionStates"": [{""id"": 1, ""status"": ""unanswered""}, {""id"": 2, ""answer"": ""太平洋"", ""status"": ""correct""}, {""id"": 3, ""status"": ""unanswered""}, {""id"": 4, ""answer"": ""ファミレス"", ""status"": ""correct""}, {""id"": 5, ""status"": ""unanswered""}, {""id"": 6, ""status"": ""unanswered""}, {""id"": 7, ""status"": ""unanswered""}, {""id"": 8, ""answer"": ""science"", ""status"": ""correct""}, {""id"": 9, ""status"": ""unanswered""}, {""id"": 10, ""answer"": ""まちかね"", ""status"": ""correct""}, {""id"": 11, ""status"": ""unanswered""}, {""id"": 12, ""status"": ""unanswered""}, {""id"": 13, ""answer"": ""三国志"", ""status"": ""correct""}, {""id"": 14, ""status"": ""unanswered""}, {""id"": 15, ""status"": ""unanswered""}, {""id"": 16, ""status"": ""unanswered""}, {""id"": 17, ""answer"": ""ちえ"", ""status"": ""correct""}, {""id"": 18, ""status"": ""unanswered""}, {""id"": 19, ""status"": ""unanswered""}, {""id"": 20, ""answer"": ""円錐"", ""status"": ""correct""}, {""id"": 21, ""answer"": ""鯉"", ""status"": ""correct""}, {""id"": 22, ""status"": ""unanswered""}, {""id"": 23, ""status"": ""unanswered""}, {""id"": 24, ""answer"": ""いんしん"", ""status"": ""correct""}, {""id"": 25, ""status"": ""unanswered""}], ""totalQuestions"": 25}"
019a3e7c-89e0-7529-8ade-f691c4f847c1,019a3e72-4d4d-7f15-b9c0-b98f4f4d71f3,0,2025-11-01 08:15:40.512006+00,2025-11-01 08:15:40.512006+00,"{""groupId"": ""019a3e72-4d4d-7f15-b9c0-b98f4f4d71f3"", ""startedAt"": ""2025-11-01T08:05:33.187Z"", ""questionStates"": [{""id"": 1, ""status"": ""unanswered""}, {""id"": 2, ""status"": ""unanswered""}, {""id"": 3, ""status"": ""unanswered""}, {""id"": 4, ""status"": ""unanswered""}, {""id"": 5, ""status"": ""unanswered""}, {""id"": 6, ""status"": ""unanswered""}, {""id"": 7, ""status"": ""unanswered""}, {""id"": 8, ""status"": ""unanswered""}, {""id"": 9, ""status"": ""unanswered""}, {""id"": 10, ""status"": ""unanswered""}, {""id"": 11, ""status"": ""unanswered""}, {""id"": 12, ""status"": ""unanswered""}, {""id"": 13, ""status"": ""unanswered""}, {""id"": 14, ""status"": ""unanswered""}, {""id"": 15, ""status"": ""unanswered""}, {""id"": 16, ""status"": ""unanswered""}, {""id"": 17, ""status"": ""unanswered""}, {""id"": 18, ""status"": ""unanswered""}, {""id"": 19, ""status"": ""unanswered""}, {""id"": 20, ""status"": ""unanswered""}, {""id"": 21, ""status"": ""unanswered""}, {""id"": 22, ""status"": ""unanswered""}, {""id"": 23, ""status"": ""unanswered""}, {""id"": 24, ""status"": ""unanswered""}, {""id"": 25, ""status"": ""unanswered""}], ""totalQuestions"": 25}"
019a3e7c-9dc3-7ead-8d72-9c5531287c88,019a3e72-7aac-7451-b69a-09fff1599225,0,2025-11-01 08:15:45.604138+00,2025-11-01 08:15:45.604138+00,"{""groupId"": ""019a3e72-7aac-7451-b69a-09fff1599225"", ""startedAt"": ""2025-11-01T08:05:31.724Z"", ""questionStates"": [{""id"": 1, ""status"": ""unanswered""}, {""id"": 2, ""answer"": ""もくひょうだせい"", ""status"": ""incorrect""}, {""id"": 3, ""status"": ""unanswered""}, {""id"": 4, ""status"": ""unanswered""}, {""id"": 5, ""status"": ""unanswered""}, {""id"": 6, ""answer"": ""忠"", ""status"": ""incorrect""}, {""id"": 7, ""status"": ""unanswered""}, {""id"": 8, ""status"": ""unanswered""}, {""id"": 9, ""status"": ""unanswered""}, {""id"": 10, ""answer"": ""かね"", ""status"": ""incorrect""}, {""id"": 11, ""status"": ""unanswered""}, {""id"": 12, ""status"": ""unanswered""}, {""id"": 13, ""status"": ""unanswered""}, {""id"": 14, ""status"": ""unanswered""}, {""id"": 15, ""status"": ""unanswered""}, {""id"": 16, ""status"": ""unanswered""}, {""id"": 17, ""status"": ""unanswered""}, {""id"": 18, ""status"": ""unanswered""}, {""id"": 19, ""status"": ""unanswered""}, {""id"": 20, ""answer"": ""4276"", ""status"": ""incorrect""}, {""id"": 21, ""status"": ""unanswered""}, {""id"": 22, ""status"": ""unanswered""}, {""id"": 23, ""status"": ""unanswered""}, {""id"": 24, ""status"": ""unanswered""}, {""id"": 25, ""status"": ""unanswered""}], ""totalQuestions"": 25}"
019a3e7c-bf54-7246-92aa-85be2c48127a,019a3e70-d052-70c6-a3fd-dce7253318fa,4,2025-11-01 08:15:54.195606+00,2025-11-01 08:15:54.195606+00,"{""groupId"": ""019a3e70-d052-70c6-a3fd-dce7253318fa"", ""startedAt"": ""2025-11-01T08:05:34.047Z"", ""questionStates"": [{""id"": 1, ""status"": ""unanswered""}, {""id"": 2, ""status"": ""unanswered""}, {""id"": 3, ""status"": ""unanswered""}, {""id"": 4, ""status"": ""unanswered""}, {""id"": 5, ""answer"": ""internet"", ""status"": ""correct""}, {""id"": 6, ""status"": ""unanswered""}, {""id"": 7, ""status"": ""unanswered""}, {""id"": 8, ""status"": ""unanswered""}, {""id"": 9, ""status"": ""unanswered""}, {""id"": 10, ""status"": ""unanswered""}, {""id"": 11, ""status"": ""unanswered""}, {""id"": 12, ""status"": ""unanswered""}, {""id"": 13, ""status"": ""unanswered""}, {""id"": 14, ""answer"": ""げんざいしんこうけい"", ""status"": ""correct""}, {""id"": 15, ""answer"": ""ちしき"", ""status"": ""correct""}, {""id"": 16, ""status"": ""unanswered""}, {""id"": 17, ""status"": ""unanswered""}, {""id"": 18, ""status"": ""unanswered""}, {""id"": 19, ""status"": ""unanswered""}, {""id"": 20, ""status"": ""unanswered""}, {""id"": 21, ""status"": ""unanswered""}, {""id"": 22, ""status"": ""unanswered""}, {""id"": 23, ""answer"": ""4"", ""status"": ""correct""}, {""id"": 24, ""status"": ""unanswered""}, {""id"": 25, ""status"": ""unanswered""}], ""totalQuestions"": 25}"
019a42d4-62e3-7134-b87a-ae5c8c583e8c,019a42c9-8598-757f-94e3-2768c8492aae,3,2025-11-02 04:30:06.564287+00,2025-11-02 04:30:06.564287+00,"{""groupId"": ""019a42c9-8598-757f-94e3-2768c8492aae"", ""startedAt"": ""2025-11-02T04:19:36.321Z"", ""questionStates"": [{""id"": 1, ""status"": ""unanswered""}, {""id"": 2, ""status"": ""unanswered""}, {""id"": 3, ""status"": ""unanswered""}, {""id"": 4, ""status"": ""unanswered""}, {""id"": 5, ""status"": ""unanswered""}, {""id"": 6, ""status"": ""unanswered""}, {""id"": 7, ""answer"": ""はんだい"", ""status"": ""correct""}, {""id"": 8, ""answer"": ""Science"", ""status"": ""incorrect""}, {""id"": 9, ""status"": ""unanswered""}, {""id"": 10, ""status"": ""unanswered""}, {""id"": 11, ""status"": ""unanswered""}, {""id"": 12, ""status"": ""unanswered""}, {""id"": 13, ""answer"": ""三国志"", ""status"": ""correct""}, {""id"": 14, ""status"": ""unanswered""}, {""id"": 15, ""status"": ""unanswered""}, {""id"": 16, ""status"": ""unanswered""}, {""id"": 17, ""status"": ""unanswered""}, {""id"": 18, ""status"": ""unanswered""}, {""id"": 19, ""status"": ""unanswered""}, {""id"": 20, ""status"": ""unanswered""}, {""id"": 21, ""status"": ""unanswered""}, {""id"": 22, ""status"": ""unanswered""}, {""id"": 23, ""status"": ""unanswered""}, {""id"": 24, ""status"": ""unanswered""}, {""id"": 25, ""status"": ""unanswered""}], ""totalQuestions"": 25}"
019a3e7c-fcc3-7b08-87b6-cd60cf04f310,019a3e72-87fb-7b05-aed7-777adaec94a7,7,2025-11-01 08:16:09.923322+00,2025-11-01 08:16:09.923322+00,"{""groupId"": ""019a3e72-87fb-7b05-aed7-777adaec94a7"", ""startedAt"": ""2025-11-01T08:05:33.527Z"", ""questionStates"": [{""id"": 1, ""status"": ""unanswered""}, {""id"": 2, ""answer"": ""たいへいよう"", ""status"": ""correct""}, {""id"": 3, ""status"": ""unanswered""}, {""id"": 4, ""status"": ""unanswered""}, {""id"": 5, ""answer"": ""INTERNET"", ""status"": ""incorrect""}, {""id"": 6, ""status"": ""unanswered""}, {""id"": 7, ""status"": ""unanswered""}, {""id"": 8, ""status"": ""unanswered""}, {""id"": 9, ""status"": ""unanswered""}, {""id"": 10, ""status"": ""unanswered""}, {""id"": 11, ""status"": ""unanswered""}, {""id"": 12, ""answer"": ""HANDAISEI"", ""status"": ""correct""}, {""id"": 13, ""status"": ""unanswered""}, {""id"": 14, ""answer"": ""げんざいしんこうけい"", ""status"": ""correct""}, {""id"": 15, ""answer"": ""ちしき"", ""status"": ""correct""}, {""id"": 16, ""status"": ""unanswered""}, {""id"": 17, ""status"": ""unanswered""}, {""id"": 18, ""status"": ""unanswered""}, {""id"": 19, ""status"": ""unanswered""}, {""id"": 20, ""status"": ""unanswered""}, {""id"": 21, ""status"": ""unanswered""}, {""id"": 22, ""answer"": ""ちゅうごく"", ""status"": ""correct""}, {""id"": 23, ""answer"": ""4"", ""status"": ""correct""}, {""id"": 24, ""status"": ""unanswered""}, {""id"": 25, ""status"": ""unanswered""}], ""totalQuestions"": 25}"
019a3e8b-90ce-7342-bee0-f4e02a342c12,019a3e70-6f3e-73b5-bff5-4271353f7922,12,2025-11-01 08:32:05.325794+00,2025-11-01 08:32:05.325794+00,"{""groupId"": ""019a3e70-6f3e-73b5-bff5-4271353f7922"", ""startedAt"": ""2025-11-01T08:15:55.345Z"", ""questionStates"": [{""id"": 1, ""answer"": ""たんい"", ""status"": ""correct""}, {""id"": 2, ""status"": ""unanswered""}, {""id"": 3, ""status"": ""unanswered""}, {""id"": 4, ""status"": ""unanswered""}, {""id"": 5, ""answer"": ""Internet"", ""status"": ""correct""}, {""id"": 6, ""status"": ""unanswered""}, {""id"": 7, ""status"": ""unanswered""}, {""id"": 8, ""status"": ""unanswered""}, {""id"": 9, ""status"": ""unanswered""}, {""id"": 10, ""status"": ""unanswered""}, {""id"": 11, ""status"": ""unanswered""}, {""id"": 12, ""status"": ""unanswered""}, {""id"": 13, ""status"": ""unanswered""}, {""id"": 14, ""answer"": ""現在進行形"", ""status"": ""correct""}, {""id"": 15, ""answer"": ""ちしき"", ""status"": ""correct""}, {""id"": 16, ""status"": ""unanswered""}, {""id"": 17, ""status"": ""unanswered""}, {""id"": 18, ""answer"": ""バード"", ""status"": ""correct""}, {""id"": 19, ""answer"": ""クリスマス"", ""status"": ""correct""}, {""id"": 20, ""status"": ""unanswered""}, {""id"": 21, ""status"": ""unanswered""}, {""id"": 22, ""answer"": ""中国"", ""status"": ""correct""}, {""id"": 23, ""answer"": ""4"", ""status"": ""correct""}, {""id"": 24, ""status"": ""unanswered""}, {""id"": 25, ""status"": ""unanswered""}], ""totalQuestions"": 25}"
019a3e8d-9ab5-712a-a952-066200179e55,019a3e84-1142-76cf-8b19-4641b2a6fb61,9,2025-11-01 08:34:18.932402+00,2025-11-01 08:34:18.932402+00,"{""groupId"": ""019a3e84-1142-76cf-8b19-4641b2a6fb61"", ""startedAt"": ""2025-11-01T08:24:17.542Z"", ""questionStates"": [{""id"": 1, ""status"": ""unanswered""}, {""id"": 2, ""answer"": ""太平洋"", ""status"": ""correct""}, {""id"": 3, ""status"": ""unanswered""}, {""id"": 4, ""status"": ""unanswered""}, {""id"": 5, ""status"": ""unanswered""}, {""id"": 6, ""status"": ""unanswered""}, {""id"": 7, ""status"": ""unanswered""}, {""id"": 8, ""status"": ""unanswered""}, {""id"": 9, ""status"": ""unanswered""}, {""id"": 10, ""answer"": ""まちかね"", ""status"": ""correct""}, {""id"": 11, ""answer"": ""B"", ""status"": ""incorrect""}, {""id"": 12, ""answer"": ""HANDAISEI"", ""status"": ""correct""}, {""id"": 13, ""status"": ""unanswered""}, {""id"": 14, ""status"": ""unanswered""}, {""id"": 15, ""answer"": ""知識"", ""status"": ""correct""}, {""id"": 16, ""status"": ""unanswered""}, {""id"": 17, ""status"": ""unanswered""}, {""id"": 18, ""status"": ""unanswered""}, {""id"": 19, ""status"": ""unanswered""}, {""id"": 20, ""answer"": ""えんすい"", ""status"": ""correct""}, {""id"": 21, ""answer"": ""こおり"", ""status"": ""incorrect""}, {""id"": 22, ""answer"": ""中国"", ""status"": ""correct""}, {""id"": 23, ""status"": ""unanswered""}, {""id"": 24, ""status"": ""unanswered""}, {""id"": 25, ""status"": ""unanswered""}], ""totalQuestions"": 25}"
019a4237-8559-7c9c-bd93-c3168556eaf8,019a422b-a40f-7185-84e8-9183d1c654da,1,2025-11-02 01:38:46.242459+00,2025-11-02 01:38:46.242459+00,"{""groupId"": ""019a422b-a40f-7185-84e8-9183d1c654da"", ""startedAt"": ""2025-11-02T01:27:33.429Z"", ""questionStates"": [{""id"": 1, ""status"": ""unanswered""}, {""id"": 2, ""status"": ""unanswered""}, {""id"": 3, ""status"": ""unanswered""}, {""id"": 4, ""status"": ""unanswered""}, {""id"": 5, ""answer"": ""INTERNET"", ""status"": ""incorrect""}, {""id"": 6, ""status"": ""unanswered""}, {""id"": 7, ""answer"": ""はんだい"", ""status"": ""correct""}, {""id"": 8, ""status"": ""unanswered""}, {""id"": 9, ""status"": ""unanswered""}, {""id"": 10, ""status"": ""unanswered""}, {""id"": 11, ""status"": ""unanswered""}, {""id"": 12, ""status"": ""unanswered""}, {""id"": 13, ""status"": ""unanswered""}, {""id"": 14, ""answer"": ""げんさいしんこうけい"", ""status"": ""incorrect""}, {""id"": 15, ""status"": ""unanswered""}, {""id"": 16, ""status"": ""unanswered""}, {""id"": 17, ""status"": ""unanswered""}, {""id"": 18, ""answer"": ""バート"", ""status"": ""incorrect""}, {""id"": 19, ""status"": ""unanswered""}, {""id"": 20, ""status"": ""unanswered""}, {""id"": 21, ""status"": ""unanswered""}, {""id"": 22, ""status"": ""unanswered""}, {""id"": 23, ""status"": ""unanswered""}, {""id"": 24, ""status"": ""unanswered""}, {""id"": 25, ""status"": ""unanswered""}], ""totalQuestions"": 25}"
019a4247-d58b-712a-8041-f840c628533b,019a423c-fd49-7be3-bcc7-63e75925ebf9,5,2025-11-02 01:56:35.348354+00,2025-11-02 01:56:35.348354+00,"{""groupId"": ""019a423c-fd49-7be3-bcc7-63e75925ebf9"", ""startedAt"": ""2025-11-02T01:46:28.807Z"", ""questionStates"": [{""id"": 1, ""status"": ""unanswered""}, {""id"": 2, ""answer"": ""たいへいよう"", ""status"": ""correct""}, {""id"": 3, ""status"": ""unanswered""}, {""id"": 4, ""status"": ""unanswered""}, {""id"": 5, ""status"": ""unanswered""}, {""id"": 6, ""status"": ""unanswered""}, {""id"": 7, ""status"": ""unanswered""}, {""id"": 8, ""status"": ""unanswered""}, {""id"": 9, ""status"": ""unanswered""}, {""id"": 10, ""status"": ""unanswered""}, {""id"": 11, ""answer"": ""B"", ""status"": ""incorrect""}, {""id"": 12, ""answer"": ""HANDAISEI"", ""status"": ""correct""}, {""id"": 13, ""status"": ""unanswered""}, {""id"": 14, ""status"": ""unanswered""}, {""id"": 15, ""answer"": ""ちしき"", ""status"": ""correct""}, {""id"": 16, ""status"": ""unanswered""}, {""id"": 17, ""status"": ""unanswered""}, {""id"": 18, ""status"": ""unanswered""}, {""id"": 19, ""status"": ""unanswered""}, {""id"": 20, ""status"": ""unanswered""}, {""id"": 21, ""status"": ""unanswered""}, {""id"": 22, ""answer"": ""中国"", ""status"": ""correct""}, {""id"": 23, ""status"": ""unanswered""}, {""id"": 24, ""status"": ""unanswered""}, {""id"": 25, ""status"": ""unanswered""}], ""totalQuestions"": 25}"
019a4247-e850-7ebf-898d-f7d31996115b,019a423c-c36e-7109-9885-c24dad24cac2,7,2025-11-02 01:56:40.145092+00,2025-11-02 01:56:40.145092+00,"{""groupId"": ""019a423c-c36e-7109-9885-c24dad24cac2"", ""startedAt"": ""2025-11-02T01:46:27.961Z"", ""questionStates"": [{""id"": 1, ""status"": ""unanswered""}, {""id"": 2, ""status"": ""unanswered""}, {""id"": 3, ""status"": ""unanswered""}, {""id"": 4, ""status"": ""unanswered""}, {""id"": 5, ""answer"": ""INTERNET"", ""status"": ""incorrect""}, {""id"": 6, ""status"": ""unanswered""}, {""id"": 7, ""status"": ""unanswered""}, {""id"": 8, ""answer"": ""science"", ""status"": ""correct""}, {""id"": 9, ""status"": ""unanswered""}, {""id"": 10, ""status"": ""unanswered""}, {""id"": 11, ""status"": ""unanswered""}, {""id"": 12, ""status"": ""unanswered""}, {""id"": 13, ""answer"": ""三国志"", ""status"": ""correct""}, {""id"": 14, ""answer"": ""現在進行形"", ""status"": ""correct""}, {""id"": 15, ""status"": ""unanswered""}, {""id"": 16, ""status"": ""unanswered""}, {""id"": 17, ""status"": ""unanswered""}, {""id"": 18, ""answer"": ""バード"", ""status"": ""correct""}, {""id"": 19, ""answer"": ""クリスマス"", ""status"": ""correct""}, {""id"": 20, ""status"": ""unanswered""}, {""id"": 21, ""status"": ""unanswered""}, {""id"": 22, ""status"": ""unanswered""}, {""id"": 23, ""status"": ""unanswered""}, {""id"": 24, ""status"": ""unanswered""}, {""id"": 25, ""status"": ""unanswered""}], ""totalQuestions"": 25}"
019a4258-4811-7ccc-9107-53c1d2cd77b1,019a424e-b893-77cb-9c98-d4579389a637,10,2025-11-02 02:14:33.250719+00,2025-11-02 02:14:33.250719+00,"{""groupId"": ""019a424e-b893-77cb-9c98-d4579389a637"", ""startedAt"": ""2025-11-02T02:04:30.633Z"", ""questionStates"": [{""id"": 1, ""status"": ""unanswered""}, {""id"": 2, ""answer"": ""たいへいよう"", ""status"": ""correct""}, {""id"": 3, ""answer"": ""秋刀魚"", ""status"": ""correct""}, {""id"": 4, ""status"": ""unanswered""}, {""id"": 5, ""status"": ""unanswered""}, {""id"": 6, ""answer"": ""波"", ""status"": ""correct""}, {""id"": 7, ""status"": ""unanswered""}, {""id"": 8, ""status"": ""unanswered""}, {""id"": 9, ""status"": ""unanswered""}, {""id"": 10, ""status"": ""unanswered""}, {""id"": 11, ""answer"": ""B"", ""status"": ""incorrect""}, {""id"": 12, ""answer"": ""handaisei"", ""status"": ""incorrect""}, {""id"": 13, ""status"": ""unanswered""}, {""id"": 14, ""status"": ""unanswered""}, {""id"": 15, ""answer"": ""知識"", ""status"": ""correct""}, {""id"": 16, ""status"": ""unanswered""}, {""id"": 17, ""status"": ""unanswered""}, {""id"": 18, ""status"": ""unanswered""}, {""id"": 19, ""status"": ""unanswered""}, {""id"": 20, ""status"": ""unanswered""}, {""id"": 21, ""answer"": ""こい"", ""status"": ""correct""}, {""id"": 22, ""answer"": ""中国"", ""status"": ""correct""}, {""id"": 23, ""answer"": ""4"", ""status"": ""correct""}, {""id"": 24, ""status"": ""unanswered""}, {""id"": 25, ""status"": ""unanswered""}], ""totalQuestions"": 25}"
019a4258-512e-7737-8c02-16e780e4a6a5,019a424e-3c6c-789d-827c-acb2e4003027,11,2025-11-02 02:14:35.566794+00,2025-11-02 02:14:35.566794+00,"{""groupId"": ""019a424e-3c6c-789d-827c-acb2e4003027"", ""startedAt"": ""2025-11-02T02:04:29.965Z"", ""questionStates"": [{""id"": 1, ""status"": ""unanswered""}, {""id"": 2, ""answer"": ""太平洋"", ""status"": ""correct""}, {""id"": 3, ""status"": ""unanswered""}, {""id"": 4, ""answer"": ""ふぁみれす"", ""status"": ""correct""}, {""id"": 5, ""status"": ""unanswered""}, {""id"": 6, ""status"": ""unanswered""}, {""id"": 7, ""status"": ""unanswered""}, {""id"": 8, ""answer"": ""SCIENCE"", ""status"": ""correct""}, {""id"": 9, ""status"": ""unanswered""}, {""id"": 10, ""status"": ""unanswered""}, {""id"": 11, ""answer"": ""B"", ""status"": ""incorrect""}, {""id"": 12, ""status"": ""unanswered""}, {""id"": 13, ""answer"": ""三国志"", ""status"": ""correct""}, {""id"": 14, ""answer"": ""現在進行形"", ""status"": ""correct""}, {""id"": 15, ""answer"": ""知識"", ""status"": ""correct""}, {""id"": 16, ""status"": ""unanswered""}, {""id"": 17, ""status"": ""unanswered""}, {""id"": 18, ""status"": ""unanswered""}, {""id"": 19, ""answer"": ""クリスマス"", ""status"": ""correct""}, {""id"": 20, ""status"": ""unanswered""}, {""id"": 21, ""answer"": ""氷"", ""status"": ""incorrect""}, {""id"": 22, ""status"": ""unanswered""}, {""id"": 23, ""status"": ""unanswered""}, {""id"": 24, ""status"": ""unanswered""}, {""id"": 25, ""status"": ""unanswered""}], ""totalQuestions"": 25}"
019a4258-6acf-75e0-926c-73e703d90565,019a424d-b1d9-76ec-9957-f95e70f3f076,8,2025-11-02 02:14:42.127773+00,2025-11-02 02:14:42.127773+00,"{""groupId"": ""019a424d-b1d9-76ec-9957-f95e70f3f076"", ""startedAt"": ""2025-11-02T02:04:30.683Z"", ""questionStates"": [{""id"": 1, ""answer"": ""たんい"", ""status"": ""correct""}, {""id"": 2, ""status"": ""unanswered""}, {""id"": 3, ""status"": ""unanswered""}, {""id"": 4, ""status"": ""unanswered""}, {""id"": 5, ""answer"": ""INTERNET"", ""status"": ""incorrect""}, {""id"": 6, ""status"": ""unanswered""}, {""id"": 7, ""status"": ""unanswered""}, {""id"": 8, ""answer"": ""SCIENCE"", ""status"": ""correct""}, {""id"": 9, ""status"": ""unanswered""}, {""id"": 10, ""status"": ""unanswered""}, {""id"": 11, ""status"": ""unanswered""}, {""id"": 12, ""status"": ""unanswered""}, {""id"": 13, ""answer"": ""三国志"", ""status"": ""correct""}, {""id"": 14, ""answer"": ""現在進行形"", ""status"": ""correct""}, {""id"": 15, ""status"": ""unanswered""}, {""id"": 16, ""status"": ""unanswered""}, {""id"": 17, ""status"": ""unanswered""}, {""id"": 18, ""answer"": ""バード"", ""status"": ""correct""}, {""id"": 19, ""status"": ""unanswered""}, {""id"": 20, ""status"": ""unanswered""}, {""id"": 21, ""status"": ""unanswered""}, {""id"": 22, ""status"": ""unanswered""}, {""id"": 23, ""status"": ""unanswered""}, {""id"": 24, ""status"": ""unanswered""}, {""id"": 25, ""status"": ""unanswered""}], ""totalQuestions"": 25}"
019a4258-7aed-7ecd-8fe2-fa658be7ec3d,019a424e-a145-79f8-ad7d-7f4a6a9d2197,15,2025-11-02 02:14:46.254646+00,2025-11-02 02:14:46.254646+00,"{""groupId"": ""019a424e-a145-79f8-ad7d-7f4a6a9d2197"", ""startedAt"": ""2025-11-02T02:04:29.963Z"", ""questionStates"": [{""id"": 1, ""status"": ""unanswered""}, {""id"": 2, ""status"": ""unanswered""}, {""id"": 3, ""status"": ""unanswered""}, {""id"": 4, ""answer"": ""ふぁみれす"", ""status"": ""correct""}, {""id"": 5, ""status"": ""unanswered""}, {""id"": 6, ""status"": ""unanswered""}, {""id"": 7, ""answer"": ""はんだい"", ""status"": ""correct""}, {""id"": 8, ""status"": ""unanswered""}, {""id"": 9, ""status"": ""unanswered""}, {""id"": 10, ""answer"": ""まちかね"", ""status"": ""correct""}, {""id"": 11, ""status"": ""unanswered""}, {""id"": 12, ""status"": ""unanswered""}, {""id"": 13, ""status"": ""unanswered""}, {""id"": 14, ""answer"": ""現在進行形"", ""status"": ""correct""}, {""id"": 15, ""answer"": ""知識"", ""status"": ""correct""}, {""id"": 16, ""status"": ""unanswered""}, {""id"": 17, ""answer"": ""ちえ"", ""status"": ""correct""}, {""id"": 18, ""status"": ""unanswered""}, {""id"": 19, ""status"": ""unanswered""}, {""id"": 20, ""answer"": ""まるすい"", ""status"": ""incorrect""}, {""id"": 21, ""status"": ""unanswered""}, {""id"": 22, ""answer"": ""中国"", ""status"": ""correct""}, {""id"": 23, ""answer"": ""4"", ""status"": ""correct""}, {""id"": 24, ""answer"": ""いんしん"", ""status"": ""correct""}, {""id"": 25, ""status"": ""unanswered""}], ""totalQuestions"": 25}"
019a426a-b09b-79a4-b3c2-8ebd9a3a493c,019a4261-2348-7a6d-b15f-58aeab0b914d,6,2025-11-02 02:34:39.644597+00,2025-11-02 02:34:39.644597+00,"{""groupId"": ""019a4261-2348-7a6d-b15f-58aeab0b914d"", ""startedAt"": ""2025-11-02T02:24:35.212Z"", ""questionStates"": [{""id"": 1, ""status"": ""unanswered""}, {""id"": 2, ""status"": ""unanswered""}, {""id"": 3, ""status"": ""unanswered""}, {""id"": 4, ""answer"": ""ファミレス"", ""status"": ""correct""}, {""id"": 5, ""status"": ""unanswered""}, {""id"": 6, ""status"": ""unanswered""}, {""id"": 7, ""status"": ""unanswered""}, {""id"": 8, ""answer"": ""science"", ""status"": ""correct""}, {""id"": 9, ""status"": ""unanswered""}, {""id"": 10, ""status"": ""unanswered""}, {""id"": 11, ""status"": ""unanswered""}, {""id"": 12, ""status"": ""unanswered""}, {""id"": 13, ""status"": ""unanswered""}, {""id"": 14, ""status"": ""unanswered""}, {""id"": 15, ""status"": ""unanswered""}, {""id"": 16, ""status"": ""unanswered""}, {""id"": 17, ""status"": ""unanswered""}, {""id"": 18, ""answer"": ""バード"", ""status"": ""correct""}, {""id"": 19, ""status"": ""unanswered""}, {""id"": 20, ""status"": ""unanswered""}, {""id"": 21, ""answer"": ""こい"", ""status"": ""correct""}, {""id"": 22, ""status"": ""unanswered""}, {""id"": 23, ""status"": ""unanswered""}, {""id"": 24, ""status"": ""unanswered""}, {""id"": 25, ""status"": ""unanswered""}], ""totalQuestions"": 25}"
019a426a-c141-732d-b5a9-9b2ce9031b78,019a4260-6446-749a-95ca-c3d11b311538,10,2025-11-02 02:34:43.905259+00,2025-11-02 02:34:43.905259+00,"{""groupId"": ""019a4260-6446-749a-95ca-c3d11b311538"", ""startedAt"": ""2025-11-02T02:24:36.676Z"", ""questionStates"": [{""id"": 1, ""answer"": ""たんい"", ""status"": ""correct""}, {""id"": 2, ""status"": ""unanswered""}, {""id"": 3, ""status"": ""unanswered""}, {""id"": 4, ""status"": ""unanswered""}, {""id"": 5, ""answer"": ""INTERNET"", ""status"": ""incorrect""}, {""id"": 6, ""status"": ""unanswered""}, {""id"": 7, ""status"": ""unanswered""}, {""id"": 8, ""answer"": ""SCIENCE"", ""status"": ""correct""}, {""id"": 9, ""status"": ""unanswered""}, {""id"": 10, ""status"": ""unanswered""}, {""id"": 11, ""status"": ""unanswered""}, {""id"": 12, ""status"": ""unanswered""}, {""id"": 13, ""answer"": ""三国志"", ""status"": ""correct""}, {""id"": 14, ""status"": ""unanswered""}, {""id"": 15, ""status"": ""unanswered""}, {""id"": 16, ""status"": ""unanswered""}, {""id"": 17, ""status"": ""unanswered""}, {""id"": 18, ""answer"": ""バード"", ""status"": ""correct""}, {""id"": 19, ""answer"": ""クリスマス"", ""status"": ""correct""}, {""id"": 20, ""status"": ""unanswered""}, {""id"": 21, ""status"": ""unanswered""}, {""id"": 22, ""status"": ""unanswered""}, {""id"": 23, ""answer"": ""4"", ""status"": ""correct""}, {""id"": 24, ""status"": ""unanswered""}, {""id"": 25, ""status"": ""unanswered""}], ""totalQuestions"": 25}"
019a426a-c2f1-70fd-89ba-89b3d14796ac,019a425f-e086-792a-b9e3-91d6d0e49425,13,2025-11-02 02:34:44.337214+00,2025-11-02 02:34:44.337214+00,"{""groupId"": ""019a425f-e086-792a-b9e3-91d6d0e49425"", ""startedAt"": ""2025-11-02T02:24:34.620Z"", ""questionStates"": [{""id"": 1, ""status"": ""unanswered""}, {""id"": 2, ""status"": ""unanswered""}, {""id"": 3, ""status"": ""unanswered""}, {""id"": 4, ""answer"": ""ふぁみれす"", ""status"": ""correct""}, {""id"": 5, ""answer"": ""INTERNET"", ""status"": ""incorrect""}, {""id"": 6, ""status"": ""unanswered""}, {""id"": 7, ""answer"": ""はんだい"", ""status"": ""correct""}, {""id"": 8, ""answer"": ""SCIENCE"", ""status"": ""correct""}, {""id"": 9, ""status"": ""unanswered""}, {""id"": 10, ""status"": ""unanswered""}, {""id"": 11, ""status"": ""unanswered""}, {""id"": 12, ""answer"": ""HANDAISEI"", ""status"": ""correct""}, {""id"": 13, ""status"": ""unanswered""}, {""id"": 14, ""answer"": ""げんざいしんこうけい"", ""status"": ""correct""}, {""id"": 15, ""answer"": ""ちしき"", ""status"": ""correct""}, {""id"": 16, ""status"": ""unanswered""}, {""id"": 17, ""status"": ""unanswered""}, {""id"": 18, ""answer"": ""バード"", ""status"": ""correct""}, {""id"": 19, ""answer"": ""クリスマス"", ""status"": ""correct""}, {""id"": 20, ""status"": ""unanswered""}, {""id"": 21, ""status"": ""unanswered""}, {""id"": 22, ""answer"": ""ちゅうごく"", ""status"": ""correct""}, {""id"": 23, ""status"": ""unanswered""}, {""id"": 24, ""status"": ""unanswered""}, {""id"": 25, ""status"": ""unanswered""}], ""totalQuestions"": 25}"
019a426a-cbeb-7895-bd77-06fb16cd4dd5,019a4260-dd1e-7303-ba7d-cb81e52bb835,2,2025-11-02 02:34:46.636056+00,2025-11-02 02:34:46.636056+00,"{""groupId"": ""019a4260-dd1e-7303-ba7d-cb81e52bb835"", ""startedAt"": ""2025-11-02T02:24:33.597Z"", ""questionStates"": [{""id"": 1, ""status"": ""unanswered""}, {""id"": 2, ""status"": ""unanswered""}, {""id"": 3, ""status"": ""unanswered""}, {""id"": 4, ""status"": ""unanswered""}, {""id"": 5, ""status"": ""unanswered""}, {""id"": 6, ""status"": ""unanswered""}, {""id"": 7, ""status"": ""unanswered""}, {""id"": 8, ""status"": ""unanswered""}, {""id"": 9, ""status"": ""unanswered""}, {""id"": 10, ""status"": ""unanswered""}, {""id"": 11, ""status"": ""unanswered""}, {""id"": 12, ""status"": ""unanswered""}, {""id"": 13, ""status"": ""unanswered""}, {""id"": 14, ""status"": ""unanswered""}, {""id"": 15, ""status"": ""unanswered""}, {""id"": 16, ""status"": ""unanswered""}, {""id"": 17, ""status"": ""unanswered""}, {""id"": 18, ""status"": ""unanswered""}, {""id"": 19, ""status"": ""unanswered""}, {""id"": 20, ""answer"": ""えんすい"", ""status"": ""correct""}, {""id"": 21, ""status"": ""unanswered""}, {""id"": 22, ""status"": ""unanswered""}, {""id"": 23, ""status"": ""unanswered""}, {""id"": 24, ""status"": ""unanswered""}, {""id"": 25, ""status"": ""unanswered""}], ""totalQuestions"": 25}"
019a426a-e736-7ee5-b835-c9cd8cd83d08,019a425d-dffa-79db-ac78-e6f06b490dee,9,2025-11-02 02:34:53.623333+00,2025-11-02 02:34:53.623333+00,"{""groupId"": ""019a425d-dffa-79db-ac78-e6f06b490dee"", ""startedAt"": ""2025-11-02T02:24:34.850Z"", ""questionStates"": [{""id"": 1, ""status"": ""unanswered""}, {""id"": 2, ""answer"": ""たいへいよう"", ""status"": ""correct""}, {""id"": 3, ""status"": ""unanswered""}, {""id"": 4, ""status"": ""unanswered""}, {""id"": 5, ""status"": ""unanswered""}, {""id"": 6, ""status"": ""unanswered""}, {""id"": 7, ""status"": ""unanswered""}, {""id"": 8, ""status"": ""unanswered""}, {""id"": 9, ""status"": ""unanswered""}, {""id"": 10, ""answer"": ""まちかね"", ""status"": ""correct""}, {""id"": 11, ""answer"": ""B"", ""status"": ""incorrect""}, {""id"": 12, ""answer"": ""HANDAISEI"", ""status"": ""correct""}, {""id"": 13, ""status"": ""unanswered""}, {""id"": 14, ""answer"": ""げんざいしんこうけい"", ""status"": ""correct""}, {""id"": 15, ""answer"": ""ちしき"", ""status"": ""correct""}, {""id"": 16, ""status"": ""unanswered""}, {""id"": 17, ""status"": ""unanswered""}, {""id"": 18, ""status"": ""unanswered""}, {""id"": 19, ""status"": ""unanswered""}, {""id"": 20, ""status"": ""unanswered""}, {""id"": 21, ""status"": ""unanswered""}, {""id"": 22, ""answer"": ""中国"", ""status"": ""correct""}, {""id"": 23, ""answer"": ""4"", ""status"": ""correct""}, {""id"": 24, ""status"": ""unanswered""}, {""id"": 25, ""status"": ""unanswered""}], ""totalQuestions"": 25}"
019a426b-0ce7-7e97-abd7-ab7ce627d660,019a4260-30f4-7ae5-9667-0d5007f4303b,1,2025-11-02 02:35:03.272449+00,2025-11-02 02:35:03.272449+00,"{""groupId"": ""019a4260-30f4-7ae5-9667-0d5007f4303b"", ""startedAt"": ""2025-11-02T02:24:34.458Z"", ""questionStates"": [{""id"": 1, ""status"": ""unanswered""}, {""id"": 2, ""status"": ""unanswered""}, {""id"": 3, ""status"": ""unanswered""}, {""id"": 4, ""status"": ""unanswered""}, {""id"": 5, ""status"": ""unanswered""}, {""id"": 6, ""status"": ""unanswered""}, {""id"": 7, ""status"": ""unanswered""}, {""id"": 8, ""status"": ""unanswered""}, {""id"": 9, ""status"": ""unanswered""}, {""id"": 10, ""status"": ""unanswered""}, {""id"": 11, ""status"": ""unanswered""}, {""id"": 12, ""status"": ""unanswered""}, {""id"": 13, ""status"": ""unanswered""}, {""id"": 14, ""status"": ""unanswered""}, {""id"": 15, ""status"": ""unanswered""}, {""id"": 16, ""status"": ""unanswered""}, {""id"": 17, ""status"": ""unanswered""}, {""id"": 18, ""status"": ""unanswered""}, {""id"": 19, ""status"": ""unanswered""}, {""id"": 20, ""answer"": ""まるすい"", ""status"": ""incorrect""}, {""id"": 21, ""answer"": ""こい"", ""status"": ""correct""}, {""id"": 22, ""status"": ""unanswered""}, {""id"": 23, ""status"": ""unanswered""}, {""id"": 24, ""status"": ""unanswered""}, {""id"": 25, ""status"": ""unanswered""}], ""totalQuestions"": 25}"
019a426b-0d8c-7970-8a62-83c154c76b1e,019a425f-a3e4-71c7-92bd-e9cd29975d8b,4,2025-11-02 02:35:03.437264+00,2025-11-02 02:35:03.437264+00,"{""groupId"": ""019a425f-a3e4-71c7-92bd-e9cd29975d8b"", ""startedAt"": ""2025-11-02T02:24:35.158Z"", ""questionStates"": [{""id"": 1, ""status"": ""unanswered""}, {""id"": 2, ""answer"": ""たいへいよう"", ""status"": ""correct""}, {""id"": 3, ""status"": ""unanswered""}, {""id"": 4, ""status"": ""unanswered""}, {""id"": 5, ""status"": ""unanswered""}, {""id"": 6, ""answer"": ""波"", ""status"": ""correct""}, {""id"": 7, ""status"": ""unanswered""}, {""id"": 8, ""status"": ""unanswered""}, {""id"": 9, ""status"": ""unanswered""}, {""id"": 10, ""status"": ""unanswered""}, {""id"": 11, ""answer"": ""B"", ""status"": ""incorrect""}, {""id"": 12, ""status"": ""unanswered""}, {""id"": 13, ""status"": ""unanswered""}, {""id"": 14, ""status"": ""unanswered""}, {""id"": 15, ""answer"": ""ちしき"", ""status"": ""correct""}, {""id"": 16, ""status"": ""unanswered""}, {""id"": 17, ""status"": ""unanswered""}, {""id"": 18, ""status"": ""unanswered""}, {""id"": 19, ""status"": ""unanswered""}, {""id"": 20, ""status"": ""unanswered""}, {""id"": 21, ""status"": ""unanswered""}, {""id"": 22, ""status"": ""unanswered""}, {""id"": 23, ""status"": ""unanswered""}, {""id"": 24, ""status"": ""unanswered""}, {""id"": 25, ""status"": ""unanswered""}], ""totalQuestions"": 25}"
019a427c-a8be-7d66-9c4b-33e7b26e52f7,019a4273-40c6-7c6a-b7b2-eb5e80b61597,1,2025-11-02 02:54:17.279659+00,2025-11-02 02:54:17.279659+00,"{""groupId"": ""019a4273-40c6-7c6a-b7b2-eb5e80b61597"", ""startedAt"": ""2025-11-02T02:44:04.268Z"", ""questionStates"": [{""id"": 1, ""status"": ""unanswered""}, {""id"": 2, ""status"": ""unanswered""}, {""id"": 3, ""status"": ""unanswered""}, {""id"": 4, ""status"": ""unanswered""}, {""id"": 5, ""status"": ""unanswered""}, {""id"": 6, ""status"": ""unanswered""}, {""id"": 7, ""answer"": ""はんだい"", ""status"": ""correct""}, {""id"": 8, ""answer"": ""SCIENSE"", ""status"": ""incorrect""}, {""id"": 9, ""status"": ""unanswered""}, {""id"": 10, ""status"": ""unanswered""}, {""id"": 11, ""status"": ""unanswered""}, {""id"": 12, ""status"": ""unanswered""}, {""id"": 13, ""status"": ""unanswered""}, {""id"": 14, ""status"": ""unanswered""}, {""id"": 15, ""status"": ""unanswered""}, {""id"": 16, ""status"": ""unanswered""}, {""id"": 17, ""answer"": ""ふね"", ""status"": ""incorrect""}, {""id"": 18, ""status"": ""unanswered""}, {""id"": 19, ""status"": ""unanswered""}, {""id"": 20, ""status"": ""unanswered""}, {""id"": 21, ""status"": ""unanswered""}, {""id"": 22, ""status"": ""unanswered""}, {""id"": 23, ""status"": ""unanswered""}, {""id"": 24, ""status"": ""unanswered""}, {""id"": 25, ""status"": ""unanswered""}], ""totalQuestions"": 25}"
019a427d-9d4d-79b9-a82a-7c639fccff1f,019a4274-6148-76c3-bca1-007528466164,16,2025-11-02 02:55:19.886359+00,2025-11-02 02:55:19.886359+00,"{""groupId"": ""019a4274-6148-76c3-bca1-007528466164"", ""startedAt"": ""2025-11-02T02:45:19.121Z"", ""questionStates"": [{""id"": 1, ""answer"": ""t"", ""status"": ""incorrect""}, {""id"": 2, ""answer"": ""たいへいよう"", ""status"": ""correct""}, {""id"": 3, ""status"": ""unanswered""}, {""id"": 4, ""status"": ""unanswered""}, {""id"": 5, ""status"": ""unanswered""}, {""id"": 6, ""answer"": ""波"", ""status"": ""correct""}, {""id"": 7, ""answer"": ""はんだい"", ""status"": ""correct""}, {""id"": 8, ""answer"": ""science"", ""status"": ""correct""}, {""id"": 9, ""status"": ""unanswered""}, {""id"": 10, ""answer"": ""まちかね"", ""status"": ""correct""}, {""id"": 11, ""status"": ""unanswered""}, {""id"": 12, ""answer"": ""はんだいせい"", ""status"": ""correct""}, {""id"": 13, ""answer"": ""三国志"", ""status"": ""correct""}, {""id"": 14, ""answer"": ""現在進行形"", ""status"": ""correct""}, {""id"": 15, ""status"": ""unanswered""}, {""id"": 16, ""status"": ""unanswered""}, {""id"": 17, ""status"": ""unanswered""}, {""id"": 18, ""answer"": ""バード"", ""status"": ""correct""}, {""id"": 19, ""answer"": ""クリスマス"", ""status"": ""correct""}, {""id"": 20, ""answer"": ""円錐"", ""status"": ""correct""}, {""id"": 21, ""answer"": ""氷"", ""status"": ""incorrect""}, {""id"": 22, ""status"": ""unanswered""}, {""id"": 23, ""status"": ""unanswered""}, {""id"": 24, ""status"": ""unanswered""}, {""id"": 25, ""status"": ""unanswered""}], ""totalQuestions"": 25}"
019a427d-a6c4-7ae1-a813-708ec45e55c6,019a4272-7fc7-7cc7-a502-1a2d9259ce87,10,2025-11-02 02:55:22.309617+00,2025-11-02 02:55:22.309617+00,"{""groupId"": ""019a4272-7fc7-7cc7-a502-1a2d9259ce87"", ""startedAt"": ""2025-11-02T02:45:20.246Z"", ""questionStates"": [{""id"": 1, ""status"": ""unanswered""}, {""id"": 2, ""answer"": ""たいへいよう"", ""status"": ""correct""}, {""id"": 3, ""answer"": ""あきさなはさかな"", ""status"": ""incorrect""}, {""id"": 4, ""status"": ""unanswered""}, {""id"": 5, ""status"": ""unanswered""}, {""id"": 6, ""status"": ""unanswered""}, {""id"": 7, ""status"": ""unanswered""}, {""id"": 8, ""status"": ""unanswered""}, {""id"": 9, ""status"": ""unanswered""}, {""id"": 10, ""answer"": ""まちかね"", ""status"": ""correct""}, {""id"": 11, ""answer"": ""B"", ""status"": ""incorrect""}, {""id"": 12, ""answer"": ""HANDAISEI"", ""status"": ""correct""}, {""id"": 13, ""status"": ""unanswered""}, {""id"": 14, ""status"": ""unanswered""}, {""id"": 15, ""answer"": ""知識"", ""status"": ""correct""}, {""id"": 16, ""status"": ""unanswered""}, {""id"": 17, ""status"": ""unanswered""}, {""id"": 18, ""status"": ""unanswered""}, {""id"": 19, ""status"": ""unanswered""}, {""id"": 20, ""answer"": ""えんすい"", ""status"": ""correct""}, {""id"": 21, ""status"": ""unanswered""}, {""id"": 22, ""answer"": ""中国"", ""status"": ""correct""}, {""id"": 23, ""answer"": ""4"", ""status"": ""correct""}, {""id"": 24, ""status"": ""unanswered""}, {""id"": 25, ""status"": ""unanswered""}], ""totalQuestions"": 25}"
019a427d-a98f-7a92-86cc-3c75244991db,019a4273-9c6a-72bc-8b12-70e13b96f827,13,2025-11-02 02:55:23.024352+00,2025-11-02 02:55:23.024352+00,"{""groupId"": ""019a4273-9c6a-72bc-8b12-70e13b96f827"", ""startedAt"": ""2025-11-02T02:45:19.428Z"", ""questionStates"": [{""id"": 1, ""status"": ""unanswered""}, {""id"": 2, ""answer"": ""たいへいよう"", ""status"": ""correct""}, {""id"": 3, ""status"": ""unanswered""}, {""id"": 4, ""answer"": ""ふぁみれす"", ""status"": ""correct""}, {""id"": 5, ""answer"": ""INTERNET"", ""status"": ""incorrect""}, {""id"": 6, ""status"": ""unanswered""}, {""id"": 7, ""answer"": ""はんだい"", ""status"": ""correct""}, {""id"": 8, ""status"": ""unanswered""}, {""id"": 9, ""status"": ""unanswered""}, {""id"": 10, ""answer"": ""まちかね"", ""status"": ""correct""}, {""id"": 11, ""answer"": ""B"", ""status"": ""incorrect""}, {""id"": 12, ""answer"": ""HANDAISHI"", ""status"": ""incorrect""}, {""id"": 13, ""answer"": ""三国志"", ""status"": ""correct""}, {""id"": 14, ""answer"": ""げんざいしんこうけい"", ""status"": ""correct""}, {""id"": 15, ""answer"": ""ちしき"", ""status"": ""correct""}, {""id"": 16, ""status"": ""unanswered""}, {""id"": 17, ""status"": ""unanswered""}, {""id"": 18, ""answer"": ""バード"", ""status"": ""correct""}, {""id"": 19, ""status"": ""unanswered""}, {""id"": 20, ""status"": ""unanswered""}, {""id"": 21, ""status"": ""unanswered""}, {""id"": 22, ""status"": ""unanswered""}, {""id"": 23, ""answer"": ""4"", ""status"": ""correct""}, {""id"": 24, ""status"": ""unanswered""}, {""id"": 25, ""status"": ""unanswered""}], ""totalQuestions"": 25}"
019a427d-aaa3-7468-80f7-2299a6bf6a1a,019a4272-34e9-7ab2-a92c-97e95d7d0400,22,2025-11-02 02:55:23.299745+00,2025-11-02 02:55:23.299745+00,"{""groupId"": ""019a4272-34e9-7ab2-a92c-97e95d7d0400"", ""startedAt"": ""2025-11-02T02:45:19.125Z"", ""questionStates"": [{""id"": 1, ""status"": ""unanswered""}, {""id"": 2, ""answer"": ""太平洋"", ""status"": ""correct""}, {""id"": 3, ""status"": ""unanswered""}, {""id"": 4, ""answer"": ""ファミレス"", ""status"": ""correct""}, {""id"": 5, ""answer"": ""internet"", ""status"": ""correct""}, {""id"": 6, ""status"": ""unanswered""}, {""id"": 7, ""answer"": ""はんだい"", ""status"": ""correct""}, {""id"": 8, ""answer"": ""science"", ""status"": ""correct""}, {""id"": 9, ""status"": ""unanswered""}, {""id"": 10, ""answer"": ""まちかね"", ""status"": ""correct""}, {""id"": 11, ""answer"": ""B"", ""status"": ""incorrect""}, {""id"": 12, ""answer"": ""HANDAISEI"", ""status"": ""correct""}, {""id"": 13, ""answer"": ""三国志"", ""status"": ""correct""}, {""id"": 14, ""answer"": ""現在進行形"", ""status"": ""correct""}, {""id"": 15, ""answer"": ""知識"", ""status"": ""correct""}, {""id"": 16, ""status"": ""unanswered""}, {""id"": 17, ""answer"": ""ちえ"", ""status"": ""correct""}, {""id"": 18, ""answer"": ""バード"", ""status"": ""correct""}, {""id"": 19, ""answer"": ""クリスマス"", ""status"": ""correct""}, {""id"": 20, ""status"": ""unanswered""}, {""id"": 21, ""status"": ""unanswered""}, {""id"": 22, ""answer"": ""中国"", ""status"": ""correct""}, {""id"": 23, ""answer"": ""4"", ""status"": ""correct""}, {""id"": 24, ""status"": ""unanswered""}, {""id"": 25, ""status"": ""unanswered""}], ""totalQuestions"": 25}"
019a427e-286c-7226-b75b-75d13d7675e5,019a4273-cce2-7bda-9a12-ad28a484bfc7,4,2025-11-02 02:55:55.500345+00,2025-11-02 02:55:55.500345+00,"{""groupId"": ""019a4273-cce2-7bda-9a12-ad28a484bfc7"", ""startedAt"": ""2025-11-02T02:45:19.443Z"", ""questionStates"": [{""id"": 1, ""status"": ""unanswered""}, {""id"": 2, ""status"": ""unanswered""}, {""id"": 3, ""status"": ""unanswered""}, {""id"": 4, ""status"": ""unanswered""}, {""id"": 5, ""answer"": ""internet"", ""status"": ""correct""}, {""id"": 6, ""status"": ""unanswered""}, {""id"": 7, ""answer"": ""阪大"", ""status"": ""incorrect""}, {""id"": 8, ""status"": ""unanswered""}, {""id"": 9, ""status"": ""unanswered""}, {""id"": 10, ""status"": ""unanswered""}, {""id"": 11, ""status"": ""unanswered""}, {""id"": 12, ""status"": ""unanswered""}, {""id"": 13, ""answer"": ""三国志"", ""status"": ""correct""}, {""id"": 14, ""status"": ""unanswered""}, {""id"": 15, ""status"": ""unanswered""}, {""id"": 16, ""status"": ""unanswered""}, {""id"": 17, ""status"": ""unanswered""}, {""id"": 18, ""status"": ""unanswered""}, {""id"": 19, ""status"": ""unanswered""}, {""id"": 20, ""status"": ""unanswered""}, {""id"": 21, ""answer"": ""鯉"", ""status"": ""correct""}, {""id"": 22, ""status"": ""unanswered""}, {""id"": 23, ""status"": ""unanswered""}, {""id"": 24, ""status"": ""unanswered""}, {""id"": 25, ""status"": ""unanswered""}], ""totalQuestions"": 25}"
019a4292-a4b4-7c57-80de-22a9fbe585c6,019a4288-12fe-7ebe-8bdc-496f80c5a316,6,2025-11-02 03:18:18.052216+00,2025-11-02 03:18:18.052216+00,"{""groupId"": ""019a4288-12fe-7ebe-8bdc-496f80c5a316"", ""startedAt"": ""2025-11-02T03:08:17.803Z"", ""questionStates"": [{""id"": 1, ""status"": ""unanswered""}, {""id"": 2, ""answer"": ""たいへいよう"", ""status"": ""correct""}, {""id"": 3, ""status"": ""unanswered""}, {""id"": 4, ""answer"": ""ふぁみれす"", ""status"": ""correct""}, {""id"": 5, ""status"": ""unanswered""}, {""id"": 6, ""status"": ""unanswered""}, {""id"": 7, ""answer"": ""はんだい"", ""status"": ""correct""}, {""id"": 8, ""answer"": ""sience"", ""status"": ""incorrect""}, {""id"": 9, ""status"": ""unanswered""}, {""id"": 10, ""status"": ""unanswered""}, {""id"": 11, ""status"": ""unanswered""}, {""id"": 12, ""status"": ""unanswered""}, {""id"": 13, ""status"": ""unanswered""}, {""id"": 14, ""status"": ""unanswered""}, {""id"": 15, ""status"": ""unanswered""}, {""id"": 16, ""status"": ""unanswered""}, {""id"": 17, ""status"": ""unanswered""}, {""id"": 18, ""status"": ""unanswered""}, {""id"": 19, ""status"": ""unanswered""}, {""id"": 20, ""answer"": ""まるすい"", ""status"": ""incorrect""}, {""id"": 21, ""answer"": ""こい"", ""status"": ""correct""}, {""id"": 22, ""status"": ""unanswered""}, {""id"": 23, ""status"": ""unanswered""}, {""id"": 24, ""status"": ""unanswered""}, {""id"": 25, ""status"": ""unanswered""}], ""totalQuestions"": 25}"
019a4292-a79f-7669-88e8-a1e08a33e895,019a4288-ef40-75f5-9585-058899f90a82,7,2025-11-02 03:18:18.784132+00,2025-11-02 03:18:18.784132+00,"{""groupId"": ""019a4288-ef40-75f5-9585-058899f90a82"", ""startedAt"": ""2025-11-02T03:08:17.232Z"", ""questionStates"": [{""id"": 1, ""status"": ""unanswered""}, {""id"": 2, ""answer"": ""たいへいよう"", ""status"": ""correct""}, {""id"": 3, ""status"": ""unanswered""}, {""id"": 4, ""status"": ""unanswered""}, {""id"": 5, ""status"": ""unanswered""}, {""id"": 6, ""status"": ""unanswered""}, {""id"": 7, ""status"": ""unanswered""}, {""id"": 8, ""status"": ""unanswered""}, {""id"": 9, ""status"": ""unanswered""}, {""id"": 10, ""status"": ""unanswered""}, {""id"": 11, ""answer"": ""A"", ""status"": ""incorrect""}, {""id"": 12, ""answer"": ""HANDAISEI"", ""status"": ""correct""}, {""id"": 13, ""status"": ""unanswered""}, {""id"": 14, ""status"": ""unanswered""}, {""id"": 15, ""answer"": ""知識"", ""status"": ""correct""}, {""id"": 16, ""status"": ""unanswered""}, {""id"": 17, ""status"": ""unanswered""}, {""id"": 18, ""status"": ""unanswered""}, {""id"": 19, ""status"": ""unanswered""}, {""id"": 20, ""status"": ""unanswered""}, {""id"": 21, ""answer"": ""こい"", ""status"": ""correct""}, {""id"": 22, ""answer"": ""中国"", ""status"": ""correct""}, {""id"": 23, ""answer"": ""4"", ""status"": ""correct""}, {""id"": 24, ""status"": ""unanswered""}, {""id"": 25, ""status"": ""unanswered""}], ""totalQuestions"": 25}"
019a4292-ae68-76cd-83bf-de19bad604ab,019a4289-0dff-73fe-a272-4e09dd5e7e20,20,2025-11-02 03:18:20.520857+00,2025-11-02 03:18:20.520857+00,"{""groupId"": ""019a4289-0dff-73fe-a272-4e09dd5e7e20"", ""startedAt"": ""2025-11-02T03:08:17.595Z"", ""questionStates"": [{""id"": 1, ""status"": ""unanswered""}, {""id"": 2, ""answer"": ""太平洋"", ""status"": ""correct""}, {""id"": 3, ""status"": ""unanswered""}, {""id"": 4, ""answer"": ""ファミレス"", ""status"": ""correct""}, {""id"": 5, ""answer"": ""INTERNET"", ""status"": ""incorrect""}, {""id"": 6, ""answer"": ""波"", ""status"": ""correct""}, {""id"": 7, ""answer"": ""阪大"", ""status"": ""incorrect""}, {""id"": 8, ""answer"": ""SCIENCE"", ""status"": ""correct""}, {""id"": 9, ""status"": ""unanswered""}, {""id"": 10, ""answer"": ""まちかね"", ""status"": ""correct""}, {""id"": 11, ""answer"": ""B"", ""status"": ""incorrect""}, {""id"": 12, ""answer"": ""阪大生"", ""status"": ""correct""}, {""id"": 13, ""answer"": ""三国志"", ""status"": ""correct""}, {""id"": 14, ""answer"": ""現在進行形"", ""status"": ""correct""}, {""id"": 15, ""answer"": ""知識"", ""status"": ""correct""}, {""id"": 16, ""answer"": ""年月"", ""status"": ""incorrect""}, {""id"": 17, ""status"": ""unanswered""}, {""id"": 18, ""status"": ""unanswered""}, {""id"": 19, ""answer"": ""クリスマス"", ""status"": ""correct""}, {""id"": 20, ""status"": ""unanswered""}, {""id"": 21, ""answer"": ""鯉"", ""status"": ""correct""}, {""id"": 22, ""answer"": ""中国"", ""status"": ""correct""}, {""id"": 23, ""answer"": ""4"", ""status"": ""correct""}, {""id"": 24, ""status"": ""unanswered""}, {""id"": 25, ""status"": ""unanswered""}], ""totalQuestions"": 25}"
019a4292-b1ca-71f7-9757-25511abb4df2,019a4289-1216-7ccf-962a-d796a133c1eb,4,2025-11-02 03:18:21.38693+00,2025-11-02 03:18:21.38693+00,"{""groupId"": ""019a4289-1216-7ccf-962a-d796a133c1eb"", ""startedAt"": ""2025-11-02T03:08:17.411Z"", ""questionStates"": [{""id"": 1, ""status"": ""unanswered""}, {""id"": 2, ""status"": ""unanswered""}, {""id"": 3, ""status"": ""unanswered""}, {""id"": 4, ""status"": ""unanswered""}, {""id"": 5, ""answer"": ""INTERNET"", ""status"": ""incorrect""}, {""id"": 6, ""status"": ""unanswered""}, {""id"": 7, ""status"": ""unanswered""}, {""id"": 8, ""status"": ""unanswered""}, {""id"": 9, ""status"": ""unanswered""}, {""id"": 10, ""status"": ""unanswered""}, {""id"": 11, ""status"": ""unanswered""}, {""id"": 12, ""status"": ""unanswered""}, {""id"": 13, ""answer"": ""三国志"", ""status"": ""correct""}, {""id"": 14, ""answer"": ""現在進行形"", ""status"": ""correct""}, {""id"": 15, ""status"": ""unanswered""}, {""id"": 16, ""status"": ""unanswered""}, {""id"": 17, ""status"": ""unanswered""}, {""id"": 18, ""answer"": ""バード"", ""status"": ""correct""}, {""id"": 19, ""status"": ""unanswered""}, {""id"": 20, ""status"": ""unanswered""}, {""id"": 21, ""status"": ""unanswered""}, {""id"": 22, ""status"": ""unanswered""}, {""id"": 23, ""status"": ""unanswered""}, {""id"": 24, ""status"": ""unanswered""}, {""id"": 25, ""status"": ""unanswered""}], ""totalQuestions"": 25}"
019a4292-e0e3-7451-931e-b88cc3a0fc31,019a4289-06c4-77f2-a2a3-13d876bc4a6f,6,2025-11-02 03:18:33.444198+00,2025-11-02 03:18:33.444198+00,"{""groupId"": ""019a4289-06c4-77f2-a2a3-13d876bc4a6f"", ""startedAt"": ""2025-11-02T03:08:32.268Z"", ""questionStates"": [{""id"": 1, ""status"": ""unanswered""}, {""id"": 2, ""status"": ""unanswered""}, {""id"": 3, ""status"": ""unanswered""}, {""id"": 4, ""status"": ""unanswered""}, {""id"": 5, ""status"": ""unanswered""}, {""id"": 6, ""status"": ""unanswered""}, {""id"": 7, ""answer"": ""はんだい"", ""status"": ""correct""}, {""id"": 8, ""status"": ""unanswered""}, {""id"": 9, ""status"": ""unanswered""}, {""id"": 10, ""status"": ""unanswered""}, {""id"": 11, ""status"": ""unanswered""}, {""id"": 12, ""status"": ""unanswered""}, {""id"": 13, ""answer"": ""さんごくし"", ""status"": ""correct""}, {""id"": 14, ""answer"": ""げんざいしんこうけい"", ""status"": ""correct""}, {""id"": 15, ""status"": ""unanswered""}, {""id"": 16, ""status"": ""unanswered""}, {""id"": 17, ""answer"": ""ちえ"", ""status"": ""correct""}, {""id"": 18, ""answer"": ""ばー"", ""status"": ""incorrect""}, {""id"": 19, ""status"": ""unanswered""}, {""id"": 20, ""status"": ""unanswered""}, {""id"": 21, ""status"": ""unanswered""}, {""id"": 22, ""status"": ""unanswered""}, {""id"": 23, ""status"": ""unanswered""}, {""id"": 24, ""status"": ""unanswered""}, {""id"": 25, ""status"": ""unanswered""}], ""totalQuestions"": 25}"
019a4293-10d6-751f-9f29-79cacf908557,019a4288-cc32-74df-af16-59372fcfac88,5,2025-11-02 03:18:45.718868+00,2025-11-02 03:18:45.718868+00,"{""groupId"": ""019a4288-cc32-74df-af16-59372fcfac88"", ""startedAt"": ""2025-11-02T03:08:18.167Z"", ""questionStates"": [{""id"": 1, ""status"": ""unanswered""}, {""id"": 2, ""status"": ""unanswered""}, {""id"": 3, ""status"": ""unanswered""}, {""id"": 4, ""status"": ""unanswered""}, {""id"": 5, ""answer"": ""INTERNET"", ""status"": ""incorrect""}, {""id"": 6, ""status"": ""unanswered""}, {""id"": 7, ""status"": ""unanswered""}, {""id"": 8, ""answer"": ""SCIENCE"", ""status"": ""correct""}, {""id"": 9, ""status"": ""unanswered""}, {""id"": 10, ""status"": ""unanswered""}, {""id"": 11, ""status"": ""unanswered""}, {""id"": 12, ""status"": ""unanswered""}, {""id"": 13, ""status"": ""unanswered""}, {""id"": 14, ""status"": ""unanswered""}, {""id"": 15, ""status"": ""unanswered""}, {""id"": 16, ""status"": ""unanswered""}, {""id"": 17, ""status"": ""unanswered""}, {""id"": 18, ""status"": ""unanswered""}, {""id"": 19, ""answer"": ""クリスマス"", ""status"": ""correct""}, {""id"": 20, ""status"": ""unanswered""}, {""id"": 21, ""status"": ""unanswered""}, {""id"": 22, ""answer"": ""中国"", ""status"": ""correct""}, {""id"": 23, ""status"": ""unanswered""}, {""id"": 24, ""status"": ""unanswered""}, {""id"": 25, ""status"": ""unanswered""}], ""totalQuestions"": 25}"
019a42a8-2d10-773b-8d88-42af9450410a,019a429d-2014-7d7f-81f1-8b6c324d7dac,3,2025-11-02 03:41:49.200963+00,2025-11-02 03:41:49.200963+00,"{""groupId"": ""019a429d-2014-7d7f-81f1-8b6c324d7dac"", ""startedAt"": ""2025-11-02T03:31:46.733Z"", ""questionStates"": [{""id"": 1, ""status"": ""unanswered""}, {""id"": 2, ""status"": ""unanswered""}, {""id"": 3, ""status"": ""unanswered""}, {""id"": 4, ""status"": ""unanswered""}, {""id"": 5, ""status"": ""unanswered""}, {""id"": 6, ""status"": ""unanswered""}, {""id"": 7, ""status"": ""unanswered""}, {""id"": 8, ""answer"": ""science"", ""status"": ""correct""}, {""id"": 9, ""status"": ""unanswered""}, {""id"": 10, ""status"": ""unanswered""}, {""id"": 11, ""status"": ""unanswered""}, {""id"": 12, ""status"": ""unanswered""}, {""id"": 13, ""answer"": ""さんごくし"", ""status"": ""correct""}, {""id"": 14, ""answer"": ""かんさいははんぶんこうけい"", ""status"": ""incorrect""}, {""id"": 15, ""status"": ""unanswered""}, {""id"": 16, ""status"": ""unanswered""}, {""id"": 17, ""status"": ""unanswered""}, {""id"": 18, ""status"": ""unanswered""}, {""id"": 19, ""status"": ""unanswered""}, {""id"": 20, ""status"": ""unanswered""}, {""id"": 21, ""status"": ""unanswered""}, {""id"": 22, ""status"": ""unanswered""}, {""id"": 23, ""status"": ""unanswered""}, {""id"": 24, ""status"": ""unanswered""}, {""id"": 25, ""status"": ""unanswered""}], ""totalQuestions"": 25}"
019a42a8-3a86-7035-8126-33750c343a55,019a429d-1d16-7b19-94a2-9632e528343a,30,2025-11-02 03:41:52.646625+00,2025-11-02 03:41:52.646625+00,"{""groupId"": ""019a429d-1d16-7b19-94a2-9632e528343a"", ""startedAt"": ""2025-11-02T03:31:51.125Z"", ""questionStates"": [{""id"": 1, ""answer"": ""たんい"", ""status"": ""correct""}, {""id"": 2, ""answer"": ""たいへいよう"", ""status"": ""correct""}, {""id"": 3, ""answer"": ""さんま"", ""status"": ""correct""}, {""id"": 4, ""answer"": ""ふぁみれす"", ""status"": ""correct""}, {""id"": 5, ""answer"": ""いんたーねっと"", ""status"": ""incorrect""}, {""id"": 6, ""answer"": ""なみ"", ""status"": ""correct""}, {""id"": 7, ""status"": ""unanswered""}, {""id"": 8, ""answer"": ""さいえんす"", ""status"": ""incorrect""}, {""id"": 9, ""status"": ""unanswered""}, {""id"": 10, ""answer"": ""まちかね"", ""status"": ""correct""}, {""id"": 11, ""answer"": ""B"", ""status"": ""incorrect""}, {""id"": 12, ""answer"": ""はんだいせい"", ""status"": ""correct""}, {""id"": 13, ""answer"": ""さんごくし"", ""status"": ""correct""}, {""id"": 14, ""answer"": ""げんざいしんこうけい"", ""status"": ""correct""}, {""id"": 15, ""answer"": ""ちしき"", ""status"": ""correct""}, {""id"": 16, ""answer"": ""ねんげつ"", ""status"": ""correct""}, {""id"": 17, ""answer"": ""ちえ"", ""status"": ""correct""}, {""id"": 18, ""answer"": ""ばーど"", ""status"": ""correct""}, {""id"": 19, ""answer"": ""くりすます"", ""status"": ""incorrect""}, {""id"": 20, ""answer"": ""えんすい"", ""status"": ""correct""}, {""id"": 21, ""answer"": ""こい"", ""status"": ""correct""}, {""id"": 22, ""answer"": ""ちゅうごく"", ""status"": ""correct""}, {""id"": 23, ""answer"": ""4"", ""status"": ""correct""}, {""id"": 24, ""answer"": ""いんかん"", ""status"": ""incorrect""}, {""id"": 25, ""status"": ""unanswered""}], ""totalQuestions"": 25}"
019a42a8-549d-744b-a6e5-a842bbe5f3ec,019a429e-7da1-728a-97df-eec6b2cae193,2,2025-11-02 03:41:59.325933+00,2025-11-02 03:41:59.325933+00,"{""groupId"": ""019a429e-7da1-728a-97df-eec6b2cae193"", ""startedAt"": ""2025-11-02T03:31:48.648Z"", ""questionStates"": [{""id"": 1, ""status"": ""unanswered""}, {""id"": 2, ""status"": ""unanswered""}, {""id"": 3, ""status"": ""unanswered""}, {""id"": 4, ""status"": ""unanswered""}, {""id"": 5, ""status"": ""unanswered""}, {""id"": 6, ""status"": ""unanswered""}, {""id"": 7, ""answer"": ""はんだい"", ""status"": ""correct""}, {""id"": 8, ""status"": ""unanswered""}, {""id"": 9, ""status"": ""unanswered""}, {""id"": 10, ""status"": ""unanswered""}, {""id"": 11, ""status"": ""unanswered""}, {""id"": 12, ""status"": ""unanswered""}, {""id"": 13, ""status"": ""unanswered""}, {""id"": 14, ""status"": ""unanswered""}, {""id"": 15, ""status"": ""unanswered""}, {""id"": 16, ""status"": ""unanswered""}, {""id"": 17, ""status"": ""unanswered""}, {""id"": 18, ""status"": ""unanswered""}, {""id"": 19, ""status"": ""unanswered""}, {""id"": 20, ""status"": ""unanswered""}, {""id"": 21, ""answer"": ""こい"", ""status"": ""correct""}, {""id"": 22, ""status"": ""unanswered""}, {""id"": 23, ""status"": ""unanswered""}, {""id"": 24, ""status"": ""unanswered""}, {""id"": 25, ""status"": ""unanswered""}], ""totalQuestions"": 25}"
019a42a8-5889-7689-a95d-2f92aef52976,019a429d-f1c4-7bdb-a8d9-fb95d69fef81,5,2025-11-02 03:42:00.330296+00,2025-11-02 03:42:00.330296+00,"{""groupId"": ""019a429d-f1c4-7bdb-a8d9-fb95d69fef81"", ""startedAt"": ""2025-11-02T03:31:54.518Z"", ""questionStates"": [{""id"": 1, ""answer"": ""単位"", ""status"": ""correct""}, {""id"": 2, ""status"": ""unanswered""}, {""id"": 3, ""status"": ""unanswered""}, {""id"": 4, ""status"": ""unanswered""}, {""id"": 5, ""answer"": ""Internet"", ""status"": ""correct""}, {""id"": 6, ""status"": ""unanswered""}, {""id"": 7, ""status"": ""unanswered""}, {""id"": 8, ""answer"": ""Science"", ""status"": ""incorrect""}, {""id"": 9, ""status"": ""unanswered""}, {""id"": 10, ""status"": ""unanswered""}, {""id"": 11, ""status"": ""unanswered""}, {""id"": 12, ""status"": ""unanswered""}, {""id"": 13, ""status"": ""unanswered""}, {""id"": 14, ""answer"": ""現在進行形"", ""status"": ""correct""}, {""id"": 15, ""status"": ""unanswered""}, {""id"": 16, ""status"": ""unanswered""}, {""id"": 17, ""status"": ""unanswered""}, {""id"": 18, ""status"": ""unanswered""}, {""id"": 19, ""status"": ""unanswered""}, {""id"": 20, ""status"": ""unanswered""}, {""id"": 21, ""status"": ""unanswered""}, {""id"": 22, ""status"": ""unanswered""}, {""id"": 23, ""status"": ""unanswered""}, {""id"": 24, ""status"": ""unanswered""}, {""id"": 25, ""status"": ""unanswered""}], ""totalQuestions"": 25}"
019a42a8-5e7a-7dc7-b50f-52773a0e3b6c,019a429d-16ae-758d-98f2-9e85f6b9f17b,4,2025-11-02 03:42:01.852018+00,2025-11-02 03:42:01.852018+00,"{""groupId"": ""019a429d-16ae-758d-98f2-9e85f6b9f17b"", ""startedAt"": ""2025-11-02T03:31:46.596Z"", ""questionStates"": [{""id"": 1, ""answer"": ""こい"", ""status"": ""incorrect""}, {""id"": 2, ""answer"": ""たいへいよう"", ""status"": ""correct""}, {""id"": 3, ""status"": ""unanswered""}, {""id"": 4, ""status"": ""unanswered""}, {""id"": 5, ""answer"": ""Internet"", ""status"": ""correct""}, {""id"": 6, ""status"": ""unanswered""}, {""id"": 7, ""status"": ""unanswered""}, {""id"": 8, ""status"": ""unanswered""}, {""id"": 9, ""status"": ""unanswered""}, {""id"": 10, ""answer"": ""まちかね"", ""status"": ""correct""}, {""id"": 11, ""status"": ""unanswered""}, {""id"": 12, ""status"": ""unanswered""}, {""id"": 13, ""status"": ""unanswered""}, {""id"": 14, ""status"": ""unanswered""}, {""id"": 15, ""status"": ""unanswered""}, {""id"": 16, ""status"": ""unanswered""}, {""id"": 17, ""answer"": ""いろくい"", ""status"": ""incorrect""}, {""id"": 18, ""status"": ""unanswered""}, {""id"": 19, ""status"": ""unanswered""}, {""id"": 20, ""status"": ""unanswered""}, {""id"": 21, ""status"": ""unanswered""}, {""id"": 22, ""status"": ""unanswered""}, {""id"": 23, ""status"": ""unanswered""}, {""id"": 24, ""status"": ""unanswered""}, {""id"": 25, ""status"": ""unanswered""}], ""totalQuestions"": 25}"
019a42a8-9c94-756c-bffc-c890be3e3cab,019a429e-b204-79b2-a112-63d80bd16b30,7,2025-11-02 03:42:17.749276+00,2025-11-02 03:42:17.749276+00,"{""groupId"": ""019a429e-b204-79b2-a112-63d80bd16b30"", ""startedAt"": ""2025-11-02T03:31:46.476Z"", ""questionStates"": [{""id"": 1, ""status"": ""unanswered""}, {""id"": 2, ""answer"": ""太平洋"", ""status"": ""correct""}, {""id"": 3, ""status"": ""unanswered""}, {""id"": 4, ""status"": ""unanswered""}, {""id"": 5, ""status"": ""unanswered""}, {""id"": 6, ""status"": ""unanswered""}, {""id"": 7, ""status"": ""unanswered""}, {""id"": 8, ""status"": ""unanswered""}, {""id"": 9, ""status"": ""unanswered""}, {""id"": 10, ""answer"": ""まちかね"", ""status"": ""correct""}, {""id"": 11, ""answer"": ""B"", ""status"": ""incorrect""}, {""id"": 12, ""answer"": ""HANDAISEI"", ""status"": ""correct""}, {""id"": 13, ""status"": ""unanswered""}, {""id"": 14, ""status"": ""unanswered""}, {""id"": 15, ""answer"": ""ちしき"", ""status"": ""correct""}, {""id"": 16, ""status"": ""unanswered""}, {""id"": 17, ""status"": ""unanswered""}, {""id"": 18, ""status"": ""unanswered""}, {""id"": 19, ""status"": ""unanswered""}, {""id"": 20, ""status"": ""unanswered""}, {""id"": 21, ""status"": ""unanswered""}, {""id"": 22, ""answer"": ""中国"", ""status"": ""correct""}, {""id"": 23, ""status"": ""unanswered""}, {""id"": 24, ""status"": ""unanswered""}, {""id"": 25, ""status"": ""unanswered""}], ""totalQuestions"": 25}"
019a42ae-a4f3-7685-8d01-1b5d2f853aa0,019a4296-ae27-7884-b9c3-00467b4c3f79,15,2025-11-02 03:48:53.108387+00,2025-11-02 03:48:53.108387+00,"{""groupId"": ""019a4296-ae27-7884-b9c3-00467b4c3f79"", ""startedAt"": ""2025-11-02T03:23:30.958Z"", ""questionStates"": [{""id"": 1, ""status"": ""unanswered""}, {""id"": 2, ""answer"": ""たいへいよう"", ""status"": ""correct""}, {""id"": 3, ""status"": ""unanswered""}, {""id"": 4, ""answer"": ""ファミレス"", ""status"": ""correct""}, {""id"": 5, ""answer"": ""INTERNET"", ""status"": ""incorrect""}, {""id"": 6, ""answer"": ""波"", ""status"": ""correct""}, {""id"": 7, ""answer"": ""はんだい"", ""status"": ""correct""}, {""id"": 8, ""status"": ""unanswered""}, {""id"": 9, ""status"": ""unanswered""}, {""id"": 10, ""answer"": ""まちかね"", ""status"": ""correct""}, {""id"": 11, ""answer"": ""Ｂ"", ""status"": ""incorrect""}, {""id"": 12, ""status"": ""unanswered""}, {""id"": 13, ""answer"": ""三国志"", ""status"": ""correct""}, {""id"": 14, ""answer"": ""現在進行形"", ""status"": ""correct""}, {""id"": 15, ""status"": ""unanswered""}, {""id"": 16, ""status"": ""unanswered""}, {""id"": 17, ""answer"": ""ちえ"", ""status"": ""correct""}, {""id"": 18, ""status"": ""unanswered""}, {""id"": 19, ""status"": ""unanswered""}, {""id"": 20, ""status"": ""unanswered""}, {""id"": 21, ""answer"": ""こい"", ""status"": ""correct""}, {""id"": 22, ""status"": ""unanswered""}, {""id"": 23, ""status"": ""unanswered""}, {""id"": 24, ""status"": ""unanswered""}, {""id"": 25, ""status"": ""unanswered""}], ""totalQuestions"": 25}"
019a42bf-809c-7d1a-96ae-0039e6f5b64c,019a42a1-d5fb-7855-81bf-b9e3bd8d9eaf,3,2025-11-02 04:07:17.917657+00,2025-11-02 04:07:17.917657+00,"{""groupId"": ""019a42a1-d5fb-7855-81bf-b9e3bd8d9eaf"", ""startedAt"": ""2025-11-02T03:57:17.392Z"", ""questionStates"": [{""id"": 1, ""status"": ""unanswered""}, {""id"": 2, ""status"": ""unanswered""}, {""id"": 3, ""status"": ""unanswered""}, {""id"": 4, ""status"": ""unanswered""}, {""id"": 5, ""status"": ""unanswered""}, {""id"": 6, ""status"": ""unanswered""}, {""id"": 7, ""status"": ""unanswered""}, {""id"": 8, ""status"": ""unanswered""}, {""id"": 9, ""status"": ""unanswered""}, {""id"": 10, ""status"": ""unanswered""}, {""id"": 11, ""status"": ""unanswered""}, {""id"": 12, ""answer"": ""handaisei"", ""status"": ""incorrect""}, {""id"": 13, ""status"": ""unanswered""}, {""id"": 14, ""status"": ""unanswered""}, {""id"": 15, ""status"": ""unanswered""}, {""id"": 16, ""status"": ""unanswered""}, {""id"": 17, ""status"": ""unanswered""}, {""id"": 18, ""status"": ""unanswered""}, {""id"": 19, ""status"": ""unanswered""}, {""id"": 20, ""status"": ""unanswered""}, {""id"": 21, ""status"": ""unanswered""}, {""id"": 22, ""answer"": ""中国"", ""status"": ""correct""}, {""id"": 23, ""answer"": ""4"", ""status"": ""correct""}, {""id"": 24, ""status"": ""unanswered""}, {""id"": 25, ""status"": ""unanswered""}], ""totalQuestions"": 25}"
019a42bf-8293-73bf-8505-cecd0d090b9c,019a42b3-5cb1-791a-bd5a-0a6aa7251982,4,2025-11-02 04:07:18.420106+00,2025-11-02 04:07:18.420106+00,"{""groupId"": ""019a42b3-5cb1-791a-bd5a-0a6aa7251982"", ""startedAt"": ""2025-11-02T03:57:16.687Z"", ""questionStates"": [{""id"": 1, ""status"": ""unanswered""}, {""id"": 2, ""answer"": ""たいへいよう"", ""status"": ""correct""}, {""id"": 3, ""status"": ""unanswered""}, {""id"": 4, ""status"": ""unanswered""}, {""id"": 5, ""answer"": ""INTERNET"", ""status"": ""incorrect""}, {""id"": 6, ""status"": ""unanswered""}, {""id"": 7, ""status"": ""unanswered""}, {""id"": 8, ""status"": ""unanswered""}, {""id"": 9, ""status"": ""unanswered""}, {""id"": 10, ""status"": ""unanswered""}, {""id"": 11, ""status"": ""unanswered""}, {""id"": 12, ""answer"": ""HA"", ""status"": ""incorrect""}, {""id"": 13, ""status"": ""unanswered""}, {""id"": 14, ""status"": ""unanswered""}, {""id"": 15, ""answer"": ""ちしき"", ""status"": ""correct""}, {""id"": 16, ""status"": ""unanswered""}, {""id"": 17, ""status"": ""unanswered""}, {""id"": 18, ""answer"": ""バード"", ""status"": ""correct""}, {""id"": 19, ""status"": ""unanswered""}, {""id"": 20, ""status"": ""unanswered""}, {""id"": 21, ""status"": ""unanswered""}, {""id"": 22, ""answer"": ""中華人民共和国"", ""status"": ""incorrect""}, {""id"": 23, ""answer"": ""4"", ""status"": ""correct""}, {""id"": 24, ""status"": ""unanswered""}, {""id"": 25, ""status"": ""unanswered""}], ""totalQuestions"": 25}"
019a42bf-8354-7834-94d0-00db221883c7,019a42b3-86c7-76cf-abd2-f520ac2e83c7,5,2025-11-02 04:07:18.613316+00,2025-11-02 04:07:18.613316+00,"{""groupId"": ""019a42b3-86c7-76cf-abd2-f520ac2e83c7"", ""startedAt"": ""2025-11-02T03:57:16.544Z"", ""questionStates"": [{""id"": 1, ""status"": ""unanswered""}, {""id"": 2, ""answer"": ""太平洋"", ""status"": ""correct""}, {""id"": 3, ""status"": ""unanswered""}, {""id"": 4, ""status"": ""unanswered""}, {""id"": 5, ""status"": ""unanswered""}, {""id"": 6, ""answer"": ""波"", ""status"": ""correct""}, {""id"": 7, ""status"": ""unanswered""}, {""id"": 8, ""status"": ""unanswered""}, {""id"": 9, ""status"": ""unanswered""}, {""id"": 10, ""answer"": ""まちかね"", ""status"": ""correct""}, {""id"": 11, ""answer"": ""B"", ""status"": ""incorrect""}, {""id"": 12, ""status"": ""unanswered""}, {""id"": 13, ""status"": ""unanswered""}, {""id"": 14, ""status"": ""unanswered""}, {""id"": 15, ""status"": ""unanswered""}, {""id"": 16, ""status"": ""unanswered""}, {""id"": 17, ""status"": ""unanswered""}, {""id"": 18, ""status"": ""unanswered""}, {""id"": 19, ""status"": ""unanswered""}, {""id"": 20, ""status"": ""unanswered""}, {""id"": 21, ""status"": ""unanswered""}, {""id"": 22, ""status"": ""unanswered""}, {""id"": 23, ""status"": ""unanswered""}, {""id"": 24, ""status"": ""unanswered""}, {""id"": 25, ""status"": ""unanswered""}], ""totalQuestions"": 25}"
019a42bf-892f-7cb8-8d44-a003a5fcecd9,019a42b5-bd2b-7855-93b4-e92e31681488,11,2025-11-02 04:07:20.112563+00,2025-11-02 04:07:20.112563+00,"{""groupId"": ""019a42b5-bd2b-7855-93b4-e92e31681488"", ""startedAt"": ""2025-11-02T03:57:15.628Z"", ""questionStates"": [{""id"": 1, ""status"": ""unanswered""}, {""id"": 2, ""status"": ""unanswered""}, {""id"": 3, ""status"": ""unanswered""}, {""id"": 4, ""answer"": ""ふぁみれす"", ""status"": ""correct""}, {""id"": 5, ""status"": ""unanswered""}, {""id"": 6, ""status"": ""unanswered""}, {""id"": 7, ""answer"": ""はんだい"", ""status"": ""correct""}, {""id"": 8, ""answer"": ""さいえんす"", ""status"": ""incorrect""}, {""id"": 9, ""status"": ""unanswered""}, {""id"": 10, ""status"": ""unanswered""}, {""id"": 11, ""status"": ""unanswered""}, {""id"": 12, ""status"": ""unanswered""}, {""id"": 13, ""answer"": ""さんごくし"", ""status"": ""correct""}, {""id"": 14, ""answer"": ""げんざいしんこうけい"", ""status"": ""correct""}, {""id"": 15, ""status"": ""unanswered""}, {""id"": 16, ""status"": ""unanswered""}, {""id"": 17, ""answer"": ""ちえ"", ""status"": ""correct""}, {""id"": 18, ""status"": ""unanswered""}, {""id"": 19, ""status"": ""unanswered""}, {""id"": 20, ""answer"": ""えんすい"", ""status"": ""correct""}, {""id"": 21, ""status"": ""unanswered""}, {""id"": 22, ""status"": ""unanswered""}, {""id"": 23, ""status"": ""unanswered""}, {""id"": 24, ""status"": ""unanswered""}, {""id"": 25, ""answer"": ""こい"", ""status"": ""incorrect""}], ""totalQuestions"": 25}"
019a42bf-8c5f-7bcb-90ce-724eb7f749d4,019a42b2-e527-708a-b3d1-70eca6475e09,14,2025-11-02 04:07:20.928904+00,2025-11-02 04:07:20.928904+00,"{""groupId"": ""019a42b2-e527-708a-b3d1-70eca6475e09"", ""startedAt"": ""2025-11-02T03:57:15.357Z"", ""questionStates"": [{""id"": 1, ""answer"": ""単位"", ""status"": ""correct""}, {""id"": 2, ""status"": ""unanswered""}, {""id"": 3, ""status"": ""unanswered""}, {""id"": 4, ""status"": ""unanswered""}, {""id"": 5, ""answer"": ""INTERNET"", ""status"": ""incorrect""}, {""id"": 6, ""status"": ""unanswered""}, {""id"": 7, ""status"": ""unanswered""}, {""id"": 8, ""status"": ""unanswered""}, {""id"": 9, ""status"": ""unanswered""}, {""id"": 10, ""answer"": ""まちかね"", ""status"": ""correct""}, {""id"": 11, ""status"": ""unanswered""}, {""id"": 12, ""status"": ""unanswered""}, {""id"": 13, ""status"": ""unanswered""}, {""id"": 14, ""answer"": ""関西神後継"", ""status"": ""incorrect""}, {""id"": 15, ""answer"": ""ちしき"", ""status"": ""correct""}, {""id"": 16, ""status"": ""unanswered""}, {""id"": 17, ""status"": ""unanswered""}, {""id"": 18, ""status"": ""unanswered""}, {""id"": 19, ""answer"": ""クリスマス"", ""status"": ""correct""}, {""id"": 20, ""answer"": ""えんすい"", ""status"": ""correct""}, {""id"": 21, ""answer"": ""こい"", ""status"": ""correct""}, {""id"": 22, ""answer"": ""中国"", ""status"": ""correct""}, {""id"": 23, ""answer"": ""4"", ""status"": ""correct""}, {""id"": 24, ""status"": ""unanswered""}, {""id"": 25, ""status"": ""unanswered""}], ""totalQuestions"": 25}"
019a42bf-91dd-7801-b2ea-5796f1985d6d,019a42b2-dd46-7733-a6df-ec6673fa4c82,14,2025-11-02 04:07:22.334304+00,2025-11-02 04:07:22.334304+00,"{""groupId"": ""019a42b2-dd46-7733-a6df-ec6673fa4c82"", ""startedAt"": ""2025-11-02T03:57:15.874Z"", ""questionStates"": [{""id"": 1, ""answer"": ""たんい"", ""status"": ""correct""}, {""id"": 2, ""status"": ""unanswered""}, {""id"": 3, ""status"": ""unanswered""}, {""id"": 4, ""answer"": ""ファミレス"", ""status"": ""correct""}, {""id"": 5, ""answer"": ""INTERNET"", ""status"": ""incorrect""}, {""id"": 6, ""status"": ""unanswered""}, {""id"": 7, ""answer"": ""はんだい"", ""status"": ""correct""}, {""id"": 8, ""status"": ""unanswered""}, {""id"": 9, ""status"": ""unanswered""}, {""id"": 10, ""status"": ""unanswered""}, {""id"": 11, ""status"": ""unanswered""}, {""id"": 12, ""status"": ""unanswered""}, {""id"": 13, ""status"": ""unanswered""}, {""id"": 14, ""answer"": ""現在進行形"", ""status"": ""correct""}, {""id"": 15, ""answer"": ""ちしき"", ""status"": ""correct""}, {""id"": 16, ""status"": ""unanswered""}, {""id"": 17, ""answer"": ""ちえ"", ""status"": ""correct""}, {""id"": 18, ""status"": ""unanswered""}, {""id"": 19, ""answer"": ""クリスマス"", ""status"": ""correct""}, {""id"": 20, ""status"": ""unanswered""}, {""id"": 21, ""answer"": ""こい"", ""status"": ""correct""}, {""id"": 22, ""status"": ""unanswered""}, {""id"": 23, ""status"": ""unanswered""}, {""id"": 24, ""status"": ""unanswered""}, {""id"": 25, ""status"": ""unanswered""}], ""totalQuestions"": 25}"
019a42bf-a213-70b2-af1e-4343b8968454,019a42b1-e5ec-7824-8cd3-12ea2106a346,17,2025-11-02 04:07:26.484617+00,2025-11-02 04:07:26.484617+00,"{""groupId"": ""019a42b1-e5ec-7824-8cd3-12ea2106a346"", ""startedAt"": ""2025-11-02T03:57:24.169Z"", ""questionStates"": [{""id"": 1, ""answer"": ""単位"", ""status"": ""correct""}, {""id"": 2, ""status"": ""unanswered""}, {""id"": 3, ""status"": ""unanswered""}, {""id"": 4, ""answer"": ""ファミレス"", ""status"": ""correct""}, {""id"": 5, ""answer"": ""INTERNET"", ""status"": ""incorrect""}, {""id"": 6, ""status"": ""unanswered""}, {""id"": 7, ""answer"": ""阪大"", ""status"": ""incorrect""}, {""id"": 8, ""status"": ""unanswered""}, {""id"": 9, ""status"": ""unanswered""}, {""id"": 10, ""status"": ""unanswered""}, {""id"": 11, ""status"": ""unanswered""}, {""id"": 12, ""answer"": ""HANDAISEI"", ""status"": ""correct""}, {""id"": 13, ""status"": ""unanswered""}, {""id"": 14, ""answer"": ""現在進行形"", ""status"": ""correct""}, {""id"": 15, ""answer"": ""知識"", ""status"": ""correct""}, {""id"": 16, ""status"": ""unanswered""}, {""id"": 17, ""answer"": ""知恵"", ""status"": ""correct""}, {""id"": 18, ""answer"": ""ダイヤモンド"", ""status"": ""incorrect""}, {""id"": 19, ""answer"": ""クリスマス"", ""status"": ""correct""}, {""id"": 20, ""status"": ""unanswered""}, {""id"": 21, ""answer"": ""こい"", ""status"": ""correct""}, {""id"": 22, ""answer"": ""中国"", ""status"": ""correct""}, {""id"": 23, ""answer"": ""4"", ""status"": ""correct""}, {""id"": 24, ""answer"": ""阪神"", ""status"": ""incorrect""}, {""id"": 25, ""status"": ""unanswered""}], ""totalQuestions"": 25}"
019a42bf-a235-7ed3-bdbf-88099c6de8bc,019a42b5-a482-7471-8447-b98d09f06d40,3,2025-11-02 04:07:26.519512+00,2025-11-02 04:07:26.519512+00,"{""groupId"": ""019a42b5-a482-7471-8447-b98d09f06d40"", ""startedAt"": ""2025-11-02T03:57:16.416Z"", ""questionStates"": [{""id"": 1, ""status"": ""unanswered""}, {""id"": 2, ""status"": ""unanswered""}, {""id"": 3, ""status"": ""unanswered""}, {""id"": 4, ""status"": ""unanswered""}, {""id"": 5, ""status"": ""unanswered""}, {""id"": 6, ""status"": ""unanswered""}, {""id"": 7, ""answer"": ""はんだい"", ""status"": ""correct""}, {""id"": 8, ""status"": ""unanswered""}, {""id"": 9, ""status"": ""unanswered""}, {""id"": 10, ""status"": ""unanswered""}, {""id"": 11, ""status"": ""unanswered""}, {""id"": 12, ""status"": ""unanswered""}, {""id"": 13, ""status"": ""unanswered""}, {""id"": 14, ""status"": ""unanswered""}, {""id"": 15, ""answer"": ""ちしき"", ""status"": ""correct""}, {""id"": 16, ""status"": ""unanswered""}, {""id"": 17, ""status"": ""unanswered""}, {""id"": 18, ""status"": ""unanswered""}, {""id"": 19, ""status"": ""unanswered""}, {""id"": 20, ""status"": ""unanswered""}, {""id"": 21, ""answer"": ""こい"", ""status"": ""correct""}, {""id"": 22, ""answer"": ""げん"", ""status"": ""incorrect""}, {""id"": 23, ""status"": ""unanswered""}, {""id"": 24, ""status"": ""unanswered""}, {""id"": 25, ""status"": ""unanswered""}], ""totalQuestions"": 25}"
019a42bf-a520-7bc4-b261-d98416ff1d65,019a42b2-5742-75fe-9750-4f2133d93130,19,2025-11-02 04:07:27.265657+00,2025-11-02 04:07:27.265657+00,"{""groupId"": ""019a42b2-5742-75fe-9750-4f2133d93130"", ""startedAt"": ""2025-11-02T03:57:18.058Z"", ""questionStates"": [{""id"": 1, ""status"": ""unanswered""}, {""id"": 2, ""answer"": ""たいへいよう"", ""status"": ""correct""}, {""id"": 3, ""status"": ""unanswered""}, {""id"": 4, ""answer"": ""ふぁみれす"", ""status"": ""correct""}, {""id"": 5, ""answer"": ""INTERNET"", ""status"": ""incorrect""}, {""id"": 6, ""answer"": ""かがみ"", ""status"": ""incorrect""}, {""id"": 7, ""answer"": ""はんだい"", ""status"": ""correct""}, {""id"": 8, ""answer"": ""SCIENCE"", ""status"": ""correct""}, {""id"": 9, ""status"": ""unanswered""}, {""id"": 10, ""answer"": ""まちかね"", ""status"": ""correct""}, {""id"": 11, ""answer"": ""B"", ""status"": ""incorrect""}, {""id"": 12, ""answer"": ""HANDAISEI"", ""status"": ""correct""}, {""id"": 13, ""answer"": ""さんごくし"", ""status"": ""correct""}, {""id"": 14, ""answer"": ""げんざいしんこうけい"", ""status"": ""correct""}, {""id"": 15, ""answer"": ""ちしき"", ""status"": ""correct""}, {""id"": 16, ""status"": ""unanswered""}, {""id"": 17, ""status"": ""unanswered""}, {""id"": 18, ""answer"": ""バード"", ""status"": ""correct""}, {""id"": 19, ""answer"": ""クリスマス"", ""status"": ""correct""}, {""id"": 20, ""status"": ""unanswered""}, {""id"": 21, ""answer"": ""こい"", ""status"": ""correct""}, {""id"": 22, ""answer"": ""ちゅうごく"", ""status"": ""correct""}, {""id"": 23, ""status"": ""unanswered""}, {""id"": 24, ""status"": ""unanswered""}, {""id"": 25, ""status"": ""unanswered""}], ""totalQuestions"": 25}"
019a42bf-b9f9-76f4-a836-7012e7dfba89,019a42b2-1add-78d3-8bc1-add4125112f1,2,2025-11-02 04:07:32.602263+00,2025-11-02 04:07:32.602263+00,"{""groupId"": ""019a42b2-1add-78d3-8bc1-add4125112f1"", ""startedAt"": ""2025-11-02T03:57:16.304Z"", ""questionStates"": [{""id"": 1, ""answer"": ""insernet"", ""status"": ""incorrect""}, {""id"": 2, ""status"": ""unanswered""}, {""id"": 3, ""status"": ""unanswered""}, {""id"": 4, ""status"": ""unanswered""}, {""id"": 5, ""answer"": ""insernet"", ""status"": ""incorrect""}, {""id"": 6, ""status"": ""unanswered""}, {""id"": 7, ""status"": ""unanswered""}, {""id"": 8, ""status"": ""unanswered""}, {""id"": 9, ""status"": ""unanswered""}, {""id"": 10, ""status"": ""unanswered""}, {""id"": 11, ""status"": ""unanswered""}, {""id"": 12, ""status"": ""unanswered""}, {""id"": 13, ""answer"": ""三国志"", ""status"": ""correct""}, {""id"": 14, ""status"": ""unanswered""}, {""id"": 15, ""status"": ""unanswered""}, {""id"": 16, ""status"": ""unanswered""}, {""id"": 17, ""status"": ""unanswered""}, {""id"": 18, ""status"": ""unanswered""}, {""id"": 19, ""status"": ""unanswered""}, {""id"": 20, ""status"": ""unanswered""}, {""id"": 21, ""status"": ""unanswered""}, {""id"": 22, ""status"": ""unanswered""}, {""id"": 23, ""status"": ""unanswered""}, {""id"": 24, ""status"": ""unanswered""}, {""id"": 25, ""status"": ""unanswered""}], ""totalQuestions"": 25}"
019a42bf-cdaf-711f-a300-dd4e62734176,019a42b3-cc01-79ed-b0b6-8777aa49d6ba,3,2025-11-02 04:07:37.648641+00,2025-11-02 04:07:37.648641+00,"{""groupId"": ""019a42b3-cc01-79ed-b0b6-8777aa49d6ba"", ""startedAt"": ""2025-11-02T03:57:15.083Z"", ""questionStates"": [{""id"": 1, ""status"": ""unanswered""}, {""id"": 2, ""answer"": ""たいへいよう"", ""status"": ""correct""}, {""id"": 3, ""status"": ""unanswered""}, {""id"": 4, ""status"": ""unanswered""}, {""id"": 5, ""status"": ""unanswered""}, {""id"": 6, ""answer"": ""かがみ"", ""status"": ""incorrect""}, {""id"": 7, ""status"": ""unanswered""}, {""id"": 8, ""status"": ""unanswered""}, {""id"": 9, ""status"": ""unanswered""}, {""id"": 10, ""answer"": ""おかねもち"", ""status"": ""incorrect""}, {""id"": 11, ""answer"": ""B"", ""status"": ""incorrect""}, {""id"": 12, ""status"": ""unanswered""}, {""id"": 13, ""status"": ""unanswered""}, {""id"": 14, ""status"": ""unanswered""}, {""id"": 15, ""status"": ""unanswered""}, {""id"": 16, ""status"": ""unanswered""}, {""id"": 17, ""status"": ""unanswered""}, {""id"": 18, ""status"": ""unanswered""}, {""id"": 19, ""answer"": ""げんばく"", ""status"": ""incorrect""}, {""id"": 20, ""answer"": ""えんすい"", ""status"": ""correct""}, {""id"": 21, ""status"": ""unanswered""}, {""id"": 22, ""status"": ""unanswered""}, {""id"": 23, ""status"": ""unanswered""}, {""id"": 24, ""status"": ""unanswered""}, {""id"": 25, ""status"": ""unanswered""}], ""totalQuestions"": 25}"
019a42bf-d7a3-7d1c-af44-d3faba81f6d0,019a42b1-c4ae-72bc-b8a0-fb1775099658,8,2025-11-02 04:07:40.196636+00,2025-11-02 04:07:40.196636+00,"{""groupId"": ""019a42b1-c4ae-72bc-b8a0-fb1775099658"", ""startedAt"": ""2025-11-02T03:57:15.806Z"", ""questionStates"": [{""id"": 1, ""status"": ""unanswered""}, {""id"": 2, ""answer"": ""たいへいよう"", ""status"": ""correct""}, {""id"": 3, ""status"": ""unanswered""}, {""id"": 4, ""status"": ""unanswered""}, {""id"": 5, ""status"": ""unanswered""}, {""id"": 6, ""status"": ""unanswered""}, {""id"": 7, ""status"": ""unanswered""}, {""id"": 8, ""status"": ""unanswered""}, {""id"": 9, ""status"": ""unanswered""}, {""id"": 10, ""status"": ""unanswered""}, {""id"": 11, ""answer"": ""B"", ""status"": ""incorrect""}, {""id"": 12, ""status"": ""unanswered""}, {""id"": 13, ""status"": ""unanswered""}, {""id"": 14, ""status"": ""unanswered""}, {""id"": 15, ""answer"": ""ちしき"", ""status"": ""correct""}, {""id"": 16, ""status"": ""unanswered""}, {""id"": 17, ""status"": ""unanswered""}, {""id"": 18, ""status"": ""unanswered""}, {""id"": 19, ""answer"": ""クリスマス"", ""status"": ""correct""}, {""id"": 20, ""status"": ""unanswered""}, {""id"": 21, ""answer"": ""こい"", ""status"": ""correct""}, {""id"": 22, ""answer"": ""中国"", ""status"": ""correct""}, {""id"": 23, ""answer"": ""4"", ""status"": ""correct""}, {""id"": 24, ""status"": ""unanswered""}, {""id"": 25, ""status"": ""unanswered""}], ""totalQuestions"": 25}"
019a42bf-f716-7ab7-b6e8-ccac44776f46,019a42b3-793b-7bc7-a5a6-cac6ec9d8ac7,0,2025-11-02 04:07:48.247526+00,2025-11-02 04:07:48.247526+00,"{""groupId"": ""019a42b3-793b-7bc7-a5a6-cac6ec9d8ac7"", ""startedAt"": ""2025-11-02T03:57:15.664Z"", ""questionStates"": [{""id"": 1, ""status"": ""unanswered""}, {""id"": 2, ""status"": ""unanswered""}, {""id"": 3, ""status"": ""unanswered""}, {""id"": 4, ""status"": ""unanswered""}, {""id"": 5, ""status"": ""unanswered""}, {""id"": 6, ""status"": ""unanswered""}, {""id"": 7, ""status"": ""unanswered""}, {""id"": 8, ""status"": ""unanswered""}, {""id"": 9, ""status"": ""unanswered""}, {""id"": 10, ""status"": ""unanswered""}, {""id"": 11, ""status"": ""unanswered""}, {""id"": 12, ""status"": ""unanswered""}, {""id"": 13, ""status"": ""unanswered""}, {""id"": 14, ""status"": ""unanswered""}, {""id"": 15, ""status"": ""unanswered""}, {""id"": 16, ""status"": ""unanswered""}, {""id"": 17, ""status"": ""unanswered""}, {""id"": 18, ""status"": ""unanswered""}, {""id"": 19, ""status"": ""unanswered""}, {""id"": 20, ""status"": ""unanswered""}, {""id"": 21, ""status"": ""unanswered""}, {""id"": 22, ""status"": ""unanswered""}, {""id"": 23, ""status"": ""unanswered""}, {""id"": 24, ""status"": ""unanswered""}, {""id"": 25, ""status"": ""unanswered""}], ""totalQuestions"": 25}"
019a42d4-95a6-7373-ab4f-e41eb32c3913,019a42c9-70ab-71cb-94b4-a2710f010ed8,0,2025-11-02 04:30:19.559455+00,2025-11-02 04:30:19.559455+00,"{""groupId"": ""019a42c9-70ab-71cb-94b4-a2710f010ed8"", ""startedAt"": ""2025-11-02T04:19:32.160Z"", ""questionStates"": [{""id"": 1, ""status"": ""unanswered""}, {""id"": 2, ""status"": ""unanswered""}, {""id"": 3, ""status"": ""unanswered""}, {""id"": 4, ""status"": ""unanswered""}, {""id"": 5, ""answer"": ""INTERNET"", ""status"": ""incorrect""}, {""id"": 6, ""status"": ""unanswered""}, {""id"": 7, ""status"": ""unanswered""}, {""id"": 8, ""status"": ""unanswered""}, {""id"": 9, ""status"": ""unanswered""}, {""id"": 10, ""status"": ""unanswered""}, {""id"": 11, ""status"": ""unanswered""}, {""id"": 12, ""status"": ""unanswered""}, {""id"": 13, ""status"": ""unanswered""}, {""id"": 14, ""status"": ""unanswered""}, {""id"": 15, ""status"": ""unanswered""}, {""id"": 16, ""status"": ""unanswered""}, {""id"": 17, ""status"": ""unanswered""}, {""id"": 18, ""status"": ""unanswered""}, {""id"": 19, ""status"": ""unanswered""}, {""id"": 20, ""status"": ""unanswered""}, {""id"": 21, ""status"": ""unanswered""}, {""id"": 22, ""status"": ""unanswered""}, {""id"": 23, ""status"": ""unanswered""}, {""id"": 24, ""status"": ""unanswered""}, {""id"": 25, ""status"": ""unanswered""}], ""totalQuestions"": 25}"
019a42c0-63cc-7a3b-b020-40c09e4ce142,019a42b4-a9f0-7a9a-8224-50e0a24fed4d,4,2025-11-02 04:08:16.077547+00,2025-11-02 04:08:16.077547+00,"{""groupId"": ""019a42b4-a9f0-7a9a-8224-50e0a24fed4d"", ""startedAt"": ""2025-11-02T03:57:18.178Z"", ""questionStates"": [{""id"": 1, ""status"": ""unanswered""}, {""id"": 2, ""status"": ""unanswered""}, {""id"": 3, ""status"": ""unanswered""}, {""id"": 4, ""status"": ""unanswered""}, {""id"": 5, ""status"": ""unanswered""}, {""id"": 6, ""status"": ""unanswered""}, {""id"": 7, ""status"": ""unanswered""}, {""id"": 8, ""answer"": ""Science"", ""status"": ""incorrect""}, {""id"": 9, ""status"": ""unanswered""}, {""id"": 10, ""status"": ""unanswered""}, {""id"": 11, ""answer"": ""B"", ""status"": ""incorrect""}, {""id"": 12, ""answer"": ""HANDAISEI"", ""status"": ""correct""}, {""id"": 13, ""answer"": ""三国志"", ""status"": ""correct""}, {""id"": 14, ""status"": ""unanswered""}, {""id"": 15, ""status"": ""unanswered""}, {""id"": 16, ""status"": ""unanswered""}, {""id"": 17, ""answer"": ""アンモニア"", ""status"": ""incorrect""}, {""id"": 18, ""status"": ""unanswered""}, {""id"": 19, ""status"": ""unanswered""}, {""id"": 20, ""status"": ""unanswered""}, {""id"": 21, ""status"": ""unanswered""}, {""id"": 22, ""status"": ""unanswered""}, {""id"": 23, ""answer"": ""4"", ""status"": ""correct""}, {""id"": 24, ""status"": ""unanswered""}, {""id"": 25, ""status"": ""unanswered""}], ""totalQuestions"": 25}"
019a42d3-e55b-7d77-ab76-dbcdd7495eec,019a42c8-f19e-75cd-b42a-309331e1f584,11,2025-11-02 04:29:34.428895+00,2025-11-02 04:29:34.428895+00,"{""groupId"": ""019a42c8-f19e-75cd-b42a-309331e1f584"", ""startedAt"": ""2025-11-02T04:19:33.111Z"", ""questionStates"": [{""id"": 1, ""status"": ""unanswered""}, {""id"": 2, ""answer"": ""たいへいよう"", ""status"": ""correct""}, {""id"": 3, ""answer"": ""さんま"", ""status"": ""correct""}, {""id"": 4, ""status"": ""unanswered""}, {""id"": 5, ""status"": ""unanswered""}, {""id"": 6, ""status"": ""unanswered""}, {""id"": 7, ""answer"": ""はんだい"", ""status"": ""correct""}, {""id"": 8, ""status"": ""unanswered""}, {""id"": 9, ""status"": ""unanswered""}, {""id"": 10, ""answer"": ""まちかね"", ""status"": ""correct""}, {""id"": 11, ""answer"": ""大阪湾"", ""status"": ""incorrect""}, {""id"": 12, ""answer"": ""はんだいせい"", ""status"": ""correct""}, {""id"": 13, ""status"": ""unanswered""}, {""id"": 14, ""status"": ""unanswered""}, {""id"": 15, ""answer"": ""ちしき"", ""status"": ""correct""}, {""id"": 16, ""status"": ""unanswered""}, {""id"": 17, ""status"": ""unanswered""}, {""id"": 18, ""status"": ""unanswered""}, {""id"": 19, ""status"": ""unanswered""}, {""id"": 20, ""status"": ""unanswered""}, {""id"": 21, ""answer"": ""こい"", ""status"": ""correct""}, {""id"": 22, ""answer"": ""中国"", ""status"": ""correct""}, {""id"": 23, ""status"": ""unanswered""}, {""id"": 24, ""status"": ""unanswered""}, {""id"": 25, ""status"": ""unanswered""}], ""totalQuestions"": 25}"
019a42d3-e701-736a-996a-5053f0f079c0,019a42c8-99eb-70eb-b7bc-603efd260574,11,2025-11-02 04:29:34.850313+00,2025-11-02 04:29:34.850313+00,"{""groupId"": ""019a42c8-99eb-70eb-b7bc-603efd260574"", ""startedAt"": ""2025-11-02T04:19:33.895Z"", ""questionStates"": [{""id"": 1, ""status"": ""unanswered""}, {""id"": 2, ""answer"": ""たいへいよう"", ""status"": ""correct""}, {""id"": 3, ""status"": ""unanswered""}, {""id"": 4, ""answer"": ""ファミレス"", ""status"": ""correct""}, {""id"": 5, ""status"": ""unanswered""}, {""id"": 6, ""status"": ""unanswered""}, {""id"": 7, ""answer"": ""はんだい"", ""status"": ""correct""}, {""id"": 8, ""answer"": ""science"", ""status"": ""correct""}, {""id"": 9, ""status"": ""unanswered""}, {""id"": 10, ""status"": ""unanswered""}, {""id"": 11, ""status"": ""unanswered""}, {""id"": 12, ""answer"": ""handaisei"", ""status"": ""incorrect""}, {""id"": 13, ""answer"": ""ざんこ"", ""status"": ""incorrect""}, {""id"": 14, ""answer"": ""現在進行形"", ""status"": ""correct""}, {""id"": 15, ""status"": ""unanswered""}, {""id"": 16, ""status"": ""unanswered""}, {""id"": 17, ""answer"": ""ちえ"", ""status"": ""correct""}, {""id"": 18, ""status"": ""unanswered""}, {""id"": 19, ""status"": ""unanswered""}, {""id"": 20, ""status"": ""unanswered""}, {""id"": 21, ""answer"": ""こおり"", ""status"": ""incorrect""}, {""id"": 22, ""status"": ""unanswered""}, {""id"": 23, ""status"": ""unanswered""}, {""id"": 24, ""answer"": ""いんしん"", ""status"": ""correct""}, {""id"": 25, ""status"": ""unanswered""}], ""totalQuestions"": 25}"
019a42d3-f0be-79d7-bb99-15efe25cb4c0,019a42c9-4825-7639-b663-5068bd9e6670,2,2025-11-02 04:29:37.343609+00,2025-11-02 04:29:37.343609+00,"{""groupId"": ""019a42c9-4825-7639-b663-5068bd9e6670"", ""startedAt"": ""2025-11-02T04:19:34.288Z"", ""questionStates"": [{""id"": 1, ""status"": ""unanswered""}, {""id"": 2, ""answer"": ""たいへいよう"", ""status"": ""correct""}, {""id"": 3, ""status"": ""unanswered""}, {""id"": 4, ""status"": ""unanswered""}, {""id"": 5, ""status"": ""unanswered""}, {""id"": 6, ""status"": ""unanswered""}, {""id"": 7, ""status"": ""unanswered""}, {""id"": 8, ""status"": ""unanswered""}, {""id"": 9, ""status"": ""unanswered""}, {""id"": 10, ""status"": ""unanswered""}, {""id"": 11, ""status"": ""unanswered""}, {""id"": 12, ""status"": ""unanswered""}, {""id"": 13, ""status"": ""unanswered""}, {""id"": 14, ""answer"": ""げんざいしんこうけい"", ""status"": ""correct""}, {""id"": 15, ""status"": ""unanswered""}, {""id"": 16, ""status"": ""unanswered""}, {""id"": 17, ""status"": ""unanswered""}, {""id"": 18, ""status"": ""unanswered""}, {""id"": 19, ""status"": ""unanswered""}, {""id"": 20, ""status"": ""unanswered""}, {""id"": 21, ""status"": ""unanswered""}, {""id"": 22, ""status"": ""unanswered""}, {""id"": 23, ""status"": ""unanswered""}, {""id"": 24, ""status"": ""unanswered""}, {""id"": 25, ""status"": ""unanswered""}], ""totalQuestions"": 25}"
019a42d3-f14e-7a72-aa7c-c02a4dd055ac,019a42ca-6a2e-709d-9752-646e4d69a82d,10,2025-11-02 04:29:37.487687+00,2025-11-02 04:29:37.487687+00,"{""groupId"": ""019a42ca-6a2e-709d-9752-646e4d69a82d"", ""startedAt"": ""2025-11-02T04:19:35.520Z"", ""questionStates"": [{""id"": 1, ""status"": ""unanswered""}, {""id"": 2, ""status"": ""unanswered""}, {""id"": 3, ""status"": ""unanswered""}, {""id"": 4, ""status"": ""unanswered""}, {""id"": 5, ""answer"": ""インテリ"", ""status"": ""incorrect""}, {""id"": 6, ""status"": ""unanswered""}, {""id"": 7, ""status"": ""unanswered""}, {""id"": 8, ""status"": ""unanswered""}, {""id"": 9, ""status"": ""unanswered""}, {""id"": 10, ""answer"": ""まちかね"", ""status"": ""correct""}, {""id"": 11, ""answer"": ""B"", ""status"": ""incorrect""}, {""id"": 12, ""answer"": ""はんだいせい"", ""status"": ""correct""}, {""id"": 13, ""status"": ""unanswered""}, {""id"": 14, ""answer"": ""げんざいしんこうけい"", ""status"": ""correct""}, {""id"": 15, ""answer"": ""ちしき"", ""status"": ""correct""}, {""id"": 16, ""status"": ""unanswered""}, {""id"": 17, ""status"": ""unanswered""}, {""id"": 18, ""answer"": ""バード"", ""status"": ""correct""}, {""id"": 19, ""status"": ""unanswered""}, {""id"": 20, ""answer"": ""えんすい"", ""status"": ""correct""}, {""id"": 21, ""answer"": ""こい"", ""status"": ""correct""}, {""id"": 22, ""status"": ""unanswered""}, {""id"": 23, ""answer"": ""4"", ""status"": ""correct""}, {""id"": 24, ""status"": ""unanswered""}, {""id"": 25, ""status"": ""unanswered""}], ""totalQuestions"": 25}"
019a42d3-f273-75bc-961f-c6813e513a33,019a42c9-70b3-7408-9e40-2451a714dd07,26,2025-11-02 04:29:37.780428+00,2025-11-02 04:29:37.780428+00,"{""groupId"": ""019a42c9-70b3-7408-9e40-2451a714dd07"", ""startedAt"": ""2025-11-02T04:19:33.659Z"", ""questionStates"": [{""id"": 1, ""answer"": ""たんい"", ""status"": ""correct""}, {""id"": 2, ""status"": ""unanswered""}, {""id"": 3, ""answer"": ""さんま"", ""status"": ""correct""}, {""id"": 4, ""answer"": ""ふぁみれす"", ""status"": ""correct""}, {""id"": 5, ""status"": ""unanswered""}, {""id"": 6, ""answer"": ""なみ"", ""status"": ""correct""}, {""id"": 7, ""status"": ""unanswered""}, {""id"": 8, ""status"": ""unanswered""}, {""id"": 9, ""status"": ""unanswered""}, {""id"": 10, ""answer"": ""まちかね"", ""status"": ""correct""}, {""id"": 11, ""status"": ""unanswered""}, {""id"": 12, ""answer"": ""はんだいせい"", ""status"": ""correct""}, {""id"": 13, ""status"": ""unanswered""}, {""id"": 14, ""answer"": ""げんざいしんこうけい"", ""status"": ""correct""}, {""id"": 15, ""answer"": ""ちしき"", ""status"": ""correct""}, {""id"": 16, ""answer"": ""ねんげつ"", ""status"": ""correct""}, {""id"": 17, ""answer"": ""ちえ"", ""status"": ""correct""}, {""id"": 18, ""status"": ""unanswered""}, {""id"": 19, ""answer"": ""クリスマス"", ""status"": ""correct""}, {""id"": 20, ""status"": ""unanswered""}, {""id"": 21, ""answer"": ""こい"", ""status"": ""correct""}, {""id"": 22, ""answer"": ""ちゅうごく"", ""status"": ""correct""}, {""id"": 23, ""answer"": ""4"", ""status"": ""correct""}, {""id"": 24, ""status"": ""unanswered""}, {""id"": 25, ""status"": ""unanswered""}], ""totalQuestions"": 25}"
019a42d4-1c13-7bd5-9cce-ccb68d6fe132,019a42c5-6942-7220-9e61-b7d1045d8a09,2,2025-11-02 04:29:48.4376+00,2025-11-02 04:29:48.4376+00,"{""groupId"": ""019a42c5-6942-7220-9e61-b7d1045d8a09"", ""startedAt"": ""2025-11-02T04:19:33.383Z"", ""questionStates"": [{""id"": 1, ""status"": ""unanswered""}, {""id"": 2, ""status"": ""unanswered""}, {""id"": 3, ""status"": ""unanswered""}, {""id"": 4, ""status"": ""unanswered""}, {""id"": 5, ""answer"": ""INTERNET"", ""status"": ""incorrect""}, {""id"": 6, ""status"": ""unanswered""}, {""id"": 7, ""status"": ""unanswered""}, {""id"": 8, ""status"": ""unanswered""}, {""id"": 9, ""status"": ""unanswered""}, {""id"": 10, ""status"": ""unanswered""}, {""id"": 11, ""status"": ""unanswered""}, {""id"": 12, ""status"": ""unanswered""}, {""id"": 13, ""status"": ""unanswered""}, {""id"": 14, ""status"": ""unanswered""}, {""id"": 15, ""answer"": ""ちしき"", ""status"": ""correct""}, {""id"": 16, ""status"": ""unanswered""}, {""id"": 17, ""status"": ""unanswered""}, {""id"": 18, ""status"": ""unanswered""}, {""id"": 19, ""status"": ""unanswered""}, {""id"": 20, ""status"": ""unanswered""}, {""id"": 21, ""status"": ""unanswered""}, {""id"": 22, ""status"": ""unanswered""}, {""id"": 23, ""answer"": ""4"", ""status"": ""correct""}, {""id"": 24, ""status"": ""unanswered""}, {""id"": 25, ""status"": ""unanswered""}], ""totalQuestions"": 25}"
019a42d4-2e40-761c-a87b-b108002f820e,019a42c8-bfc0-70f3-9548-6bd4d89bb3aa,11,2025-11-02 04:29:53.089442+00,2025-11-02 04:29:53.089442+00,"{""groupId"": ""019a42c8-bfc0-70f3-9548-6bd4d89bb3aa"", ""startedAt"": ""2025-11-02T04:19:33.714Z"", ""questionStates"": [{""id"": 1, ""status"": ""unanswered""}, {""id"": 2, ""status"": ""unanswered""}, {""id"": 3, ""status"": ""unanswered""}, {""id"": 4, ""answer"": ""ファミレス"", ""status"": ""correct""}, {""id"": 5, ""status"": ""unanswered""}, {""id"": 6, ""status"": ""unanswered""}, {""id"": 7, ""answer"": ""はんだい"", ""status"": ""correct""}, {""id"": 8, ""status"": ""unanswered""}, {""id"": 9, ""status"": ""unanswered""}, {""id"": 10, ""status"": ""unanswered""}, {""id"": 11, ""status"": ""unanswered""}, {""id"": 12, ""status"": ""unanswered""}, {""id"": 13, ""status"": ""unanswered""}, {""id"": 14, ""status"": ""unanswered""}, {""id"": 15, ""answer"": ""ちしき"", ""status"": ""correct""}, {""id"": 16, ""status"": ""unanswered""}, {""id"": 17, ""answer"": ""ちえ"", ""status"": ""correct""}, {""id"": 18, ""answer"": ""どー"", ""status"": ""incorrect""}, {""id"": 19, ""status"": ""unanswered""}, {""id"": 20, ""status"": ""unanswered""}, {""id"": 21, ""answer"": ""こい"", ""status"": ""correct""}, {""id"": 22, ""answer"": ""中国"", ""status"": ""correct""}, {""id"": 23, ""answer"": ""4"", ""status"": ""correct""}, {""id"": 24, ""status"": ""unanswered""}, {""id"": 25, ""status"": ""unanswered""}], ""totalQuestions"": 25}"
019a42e7-37ba-7ede-9907-f67be75d16ef,019a42db-c3ae-710e-a8de-73ac00cc2b38,5,2025-11-02 04:50:40.700661+00,2025-11-02 04:50:40.700661+00,"{""groupId"": ""019a42db-c3ae-710e-a8de-73ac00cc2b38"", ""startedAt"": ""2025-11-02T04:40:36.868Z"", ""questionStates"": [{""id"": 1, ""status"": ""unanswered""}, {""id"": 2, ""status"": ""unanswered""}, {""id"": 3, ""status"": ""unanswered""}, {""id"": 4, ""status"": ""unanswered""}, {""id"": 5, ""status"": ""unanswered""}, {""id"": 6, ""status"": ""unanswered""}, {""id"": 7, ""status"": ""unanswered""}, {""id"": 8, ""status"": ""unanswered""}, {""id"": 9, ""status"": ""unanswered""}, {""id"": 10, ""status"": ""unanswered""}, {""id"": 11, ""status"": ""unanswered""}, {""id"": 12, ""status"": ""unanswered""}, {""id"": 13, ""answer"": ""science"", ""status"": ""incorrect""}, {""id"": 14, ""status"": ""unanswered""}, {""id"": 15, ""status"": ""unanswered""}, {""id"": 16, ""status"": ""unanswered""}, {""id"": 17, ""answer"": ""ちえ"", ""status"": ""correct""}, {""id"": 18, ""status"": ""unanswered""}, {""id"": 19, ""answer"": ""クリスマス"", ""status"": ""correct""}, {""id"": 20, ""status"": ""unanswered""}, {""id"": 21, ""answer"": ""鯉"", ""status"": ""correct""}, {""id"": 22, ""status"": ""unanswered""}, {""id"": 23, ""status"": ""unanswered""}, {""id"": 24, ""status"": ""unanswered""}, {""id"": 25, ""status"": ""unanswered""}], ""totalQuestions"": 25}"
019a42e7-3c9c-72fe-9c46-853babbeac12,019a42dd-98ea-79d7-b5fd-073139c8f045,15,2025-11-02 04:50:41.949429+00,2025-11-02 04:50:41.949429+00,"{""groupId"": ""019a42dd-98ea-79d7-b5fd-073139c8f045"", ""startedAt"": ""2025-11-02T04:40:36.523Z"", ""questionStates"": [{""id"": 1, ""status"": ""unanswered""}, {""id"": 2, ""answer"": ""たいへいよう"", ""status"": ""correct""}, {""id"": 3, ""status"": ""unanswered""}, {""id"": 4, ""answer"": ""ファミレスで"", ""status"": ""incorrect""}, {""id"": 5, ""status"": ""unanswered""}, {""id"": 6, ""answer"": ""なみ"", ""status"": ""correct""}, {""id"": 7, ""answer"": ""はんだい"", ""status"": ""correct""}, {""id"": 8, ""answer"": ""SCIENCE"", ""status"": ""correct""}, {""id"": 9, ""status"": ""unanswered""}, {""id"": 10, ""answer"": ""まちかね"", ""status"": ""correct""}, {""id"": 11, ""status"": ""unanswered""}, {""id"": 12, ""status"": ""unanswered""}, {""id"": 13, ""answer"": ""さんごくし"", ""status"": ""correct""}, {""id"": 14, ""status"": ""unanswered""}, {""id"": 15, ""answer"": ""ちしき"", ""status"": ""correct""}, {""id"": 16, ""status"": ""unanswered""}, {""id"": 17, ""status"": ""unanswered""}, {""id"": 18, ""status"": ""unanswered""}, {""id"": 19, ""status"": ""unanswered""}, {""id"": 20, ""answer"": ""えんすい"", ""status"": ""correct""}, {""id"": 21, ""status"": ""unanswered""}, {""id"": 22, ""answer"": ""中国"", ""status"": ""correct""}, {""id"": 23, ""answer"": ""4"", ""status"": ""correct""}, {""id"": 24, ""status"": ""unanswered""}, {""id"": 25, ""status"": ""unanswered""}], ""totalQuestions"": 25}"
019a42e7-3ccb-75ef-8005-24ef3873082a,019a42db-e7ad-7c00-b0b5-fd0947fe1e40,6,2025-11-02 04:50:41.997197+00,2025-11-02 04:50:41.997197+00,"{""groupId"": ""019a42db-e7ad-7c00-b0b5-fd0947fe1e40"", ""startedAt"": ""2025-11-02T04:40:36.342Z"", ""questionStates"": [{""id"": 1, ""status"": ""unanswered""}, {""id"": 2, ""answer"": ""たいへい"", ""status"": ""incorrect""}, {""id"": 3, ""status"": ""unanswered""}, {""id"": 4, ""status"": ""unanswered""}, {""id"": 5, ""status"": ""unanswered""}, {""id"": 6, ""status"": ""unanswered""}, {""id"": 7, ""answer"": ""ハンダイ"", ""status"": ""incorrect""}, {""id"": 8, ""answer"": ""SCIENCE"", ""status"": ""correct""}, {""id"": 9, ""status"": ""unanswered""}, {""id"": 10, ""status"": ""unanswered""}, {""id"": 11, ""answer"": ""B"", ""status"": ""incorrect""}, {""id"": 12, ""answer"": ""HANDAISEI"", ""status"": ""correct""}, {""id"": 13, ""status"": ""unanswered""}, {""id"": 14, ""status"": ""unanswered""}, {""id"": 15, ""answer"": ""ちしき"", ""status"": ""correct""}, {""id"": 16, ""status"": ""unanswered""}, {""id"": 17, ""answer"": ""ちえ"", ""status"": ""correct""}, {""id"": 18, ""status"": ""unanswered""}, {""id"": 19, ""status"": ""unanswered""}, {""id"": 20, ""status"": ""unanswered""}, {""id"": 21, ""status"": ""unanswered""}, {""id"": 22, ""status"": ""unanswered""}, {""id"": 23, ""answer"": ""4"", ""status"": ""correct""}, {""id"": 24, ""status"": ""unanswered""}, {""id"": 25, ""status"": ""unanswered""}], ""totalQuestions"": 25}"
019a42e7-42bc-78a9-8494-2f7b67ad6fc0,019a42dc-aeeb-7ed2-a44e-be82e1fd93bd,11,2025-11-02 04:50:43.518084+00,2025-11-02 04:50:43.518084+00,"{""groupId"": ""019a42dc-aeeb-7ed2-a44e-be82e1fd93bd"", ""startedAt"": ""2025-11-02T04:40:35.020Z"", ""questionStates"": [{""id"": 1, ""status"": ""unanswered""}, {""id"": 2, ""status"": ""unanswered""}, {""id"": 3, ""status"": ""unanswered""}, {""id"": 4, ""answer"": ""ふぁみれす"", ""status"": ""correct""}, {""id"": 5, ""status"": ""unanswered""}, {""id"": 6, ""status"": ""unanswered""}, {""id"": 7, ""answer"": ""はんだい"", ""status"": ""correct""}, {""id"": 8, ""status"": ""unanswered""}, {""id"": 9, ""status"": ""unanswered""}, {""id"": 10, ""status"": ""unanswered""}, {""id"": 11, ""status"": ""unanswered""}, {""id"": 12, ""status"": ""unanswered""}, {""id"": 13, ""answer"": ""三国志"", ""status"": ""correct""}, {""id"": 14, ""answer"": ""現在進行形"", ""status"": ""correct""}, {""id"": 15, ""status"": ""unanswered""}, {""id"": 16, ""status"": ""unanswered""}, {""id"": 17, ""answer"": ""ちえ"", ""status"": ""correct""}, {""id"": 18, ""status"": ""unanswered""}, {""id"": 19, ""answer"": ""クリスマス"", ""status"": ""correct""}, {""id"": 20, ""status"": ""unanswered""}, {""id"": 21, ""status"": ""unanswered""}, {""id"": 22, ""status"": ""unanswered""}, {""id"": 23, ""status"": ""unanswered""}, {""id"": 24, ""status"": ""unanswered""}, {""id"": 25, ""status"": ""unanswered""}], ""totalQuestions"": 25}"
019a42e7-5f34-70a7-bec3-ff45fd7d9042,019a42db-c6c3-733b-a3e8-391b2655ddc1,10,2025-11-02 04:50:50.805305+00,2025-11-02 04:50:50.805305+00,"{""groupId"": ""019a42db-c6c3-733b-a3e8-391b2655ddc1"", ""startedAt"": ""2025-11-02T04:40:46.143Z"", ""questionStates"": [{""id"": 1, ""status"": ""unanswered""}, {""id"": 2, ""status"": ""unanswered""}, {""id"": 3, ""status"": ""unanswered""}, {""id"": 4, ""answer"": ""ファミレス"", ""status"": ""correct""}, {""id"": 5, ""status"": ""unanswered""}, {""id"": 6, ""status"": ""unanswered""}, {""id"": 7, ""answer"": ""はんだい"", ""status"": ""correct""}, {""id"": 8, ""status"": ""unanswered""}, {""id"": 9, ""status"": ""unanswered""}, {""id"": 10, ""status"": ""unanswered""}, {""id"": 11, ""status"": ""unanswered""}, {""id"": 12, ""status"": ""unanswered""}, {""id"": 13, ""status"": ""unanswered""}, {""id"": 14, ""status"": ""unanswered""}, {""id"": 15, ""status"": ""unanswered""}, {""id"": 16, ""status"": ""unanswered""}, {""id"": 17, ""answer"": ""ちえ"", ""status"": ""correct""}, {""id"": 18, ""status"": ""unanswered""}, {""id"": 19, ""status"": ""unanswered""}, {""id"": 20, ""answer"": ""えんすい"", ""status"": ""correct""}, {""id"": 21, ""status"": ""unanswered""}, {""id"": 22, ""status"": ""unanswered""}, {""id"": 23, ""status"": ""unanswered""}, {""id"": 24, ""answer"": ""いんしん"", ""status"": ""correct""}, {""id"": 25, ""status"": ""unanswered""}], ""totalQuestions"": 25}"
019a42e7-628d-732f-8782-6b48bd3f4d35,019a42dd-8dd1-76f7-bf73-77c50a32efdf,12,2025-11-02 04:50:51.663887+00,2025-11-02 04:50:51.663887+00,"{""groupId"": ""019a42dd-8dd1-76f7-bf73-77c50a32efdf"", ""startedAt"": ""2025-11-02T04:40:35.755Z"", ""questionStates"": [{""id"": 1, ""status"": ""unanswered""}, {""id"": 2, ""answer"": ""たいへいよう"", ""status"": ""correct""}, {""id"": 3, ""status"": ""unanswered""}, {""id"": 4, ""status"": ""unanswered""}, {""id"": 5, ""answer"": ""INTERNET"", ""status"": ""incorrect""}, {""id"": 6, ""answer"": ""なみ"", ""status"": ""correct""}, {""id"": 7, ""status"": ""unanswered""}, {""id"": 8, ""status"": ""unanswered""}, {""id"": 9, ""status"": ""unanswered""}, {""id"": 10, ""status"": ""unanswered""}, {""id"": 11, ""answer"": ""B 大阪湾"", ""status"": ""incorrect""}, {""id"": 12, ""answer"": ""HANDAISEI"", ""status"": ""correct""}, {""id"": 13, ""status"": ""unanswered""}, {""id"": 14, ""answer"": ""現在進行形"", ""status"": ""correct""}, {""id"": 15, ""answer"": ""ちしき"", ""status"": ""correct""}, {""id"": 16, ""status"": ""unanswered""}, {""id"": 17, ""status"": ""unanswered""}, {""id"": 18, ""answer"": ""バード"", ""status"": ""correct""}, {""id"": 19, ""answer"": ""クリスマス"", ""status"": ""correct""}, {""id"": 20, ""status"": ""unanswered""}, {""id"": 21, ""status"": ""unanswered""}, {""id"": 22, ""answer"": ""中国"", ""status"": ""correct""}, {""id"": 23, ""answer"": ""4"", ""status"": ""correct""}, {""id"": 24, ""status"": ""unanswered""}, {""id"": 25, ""status"": ""unanswered""}], ""totalQuestions"": 25}"
019a42e7-68d6-790f-a25c-6c620b993c66,019a42dd-615f-7641-8e5e-6ab377233af3,6,2025-11-02 04:50:53.271948+00,2025-11-02 04:50:53.271948+00,"{""groupId"": ""019a42dd-615f-7641-8e5e-6ab377233af3"", ""startedAt"": ""2025-11-02T04:40:37.733Z"", ""questionStates"": [{""id"": 1, ""answer"": ""たんい"", ""status"": ""correct""}, {""id"": 2, ""status"": ""unanswered""}, {""id"": 3, ""status"": ""unanswered""}, {""id"": 4, ""status"": ""unanswered""}, {""id"": 5, ""status"": ""unanswered""}, {""id"": 6, ""status"": ""unanswered""}, {""id"": 7, ""status"": ""unanswered""}, {""id"": 8, ""status"": ""unanswered""}, {""id"": 9, ""status"": ""unanswered""}, {""id"": 10, ""status"": ""unanswered""}, {""id"": 11, ""status"": ""unanswered""}, {""id"": 12, ""status"": ""unanswered""}, {""id"": 13, ""status"": ""unanswered""}, {""id"": 14, ""answer"": ""げんざいしんこうけい"", ""status"": ""correct""}, {""id"": 15, ""status"": ""unanswered""}, {""id"": 16, ""status"": ""unanswered""}, {""id"": 17, ""status"": ""unanswered""}, {""id"": 18, ""answer"": ""バード"", ""status"": ""correct""}, {""id"": 19, ""status"": ""unanswered""}, {""id"": 20, ""status"": ""unanswered""}, {""id"": 21, ""answer"": ""こい"", ""status"": ""correct""}, {""id"": 22, ""status"": ""unanswered""}, {""id"": 23, ""status"": ""unanswered""}, {""id"": 24, ""status"": ""unanswered""}, {""id"": 25, ""status"": ""unanswered""}], ""totalQuestions"": 25}"
019a42e7-749f-700b-9d9a-ad9a69d57f32,019a42dd-8cd4-7ae7-8386-e94f7657f384,8,2025-11-02 04:50:56.288805+00,2025-11-02 04:50:56.288805+00,"{""groupId"": ""019a42dd-8cd4-7ae7-8386-e94f7657f384"", ""startedAt"": ""2025-11-02T04:40:37.452Z"", ""questionStates"": [{""id"": 1, ""status"": ""unanswered""}, {""id"": 2, ""answer"": ""たいへいよう"", ""status"": ""correct""}, {""id"": 3, ""status"": ""unanswered""}, {""id"": 4, ""status"": ""unanswered""}, {""id"": 5, ""status"": ""unanswered""}, {""id"": 6, ""status"": ""unanswered""}, {""id"": 7, ""status"": ""unanswered""}, {""id"": 8, ""status"": ""unanswered""}, {""id"": 9, ""status"": ""unanswered""}, {""id"": 10, ""answer"": ""まちかね"", ""status"": ""correct""}, {""id"": 11, ""answer"": ""B"", ""status"": ""incorrect""}, {""id"": 12, ""answer"": ""HANDAISEI"", ""status"": ""correct""}, {""id"": 13, ""status"": ""unanswered""}, {""id"": 14, ""status"": ""unanswered""}, {""id"": 15, ""answer"": ""ちしき"", ""status"": ""correct""}, {""id"": 16, ""status"": ""unanswered""}, {""id"": 17, ""status"": ""unanswered""}, {""id"": 18, ""status"": ""unanswered""}, {""id"": 19, ""status"": ""unanswered""}, {""id"": 20, ""answer"": ""えんすい"", ""status"": ""correct""}, {""id"": 21, ""answer"": ""こい"", ""status"": ""correct""}, {""id"": 22, ""status"": ""unanswered""}, {""id"": 23, ""status"": ""unanswered""}, {""id"": 24, ""answer"": ""いねちん"", ""status"": ""incorrect""}, {""id"": 25, ""status"": ""unanswered""}], ""totalQuestions"": 25}"
019a42e7-7a6b-741d-a76a-4544ed791495,019a42dd-3a91-7615-99a1-547f38c7fc24,6,2025-11-02 04:50:57.773055+00,2025-11-02 04:50:57.773055+00,"{""groupId"": ""019a42dd-3a91-7615-99a1-547f38c7fc24"", ""startedAt"": ""2025-11-02T04:40:36.666Z"", ""questionStates"": [{""id"": 1, ""answer"": ""たんい"", ""status"": ""correct""}, {""id"": 2, ""answer"": ""たいへいよう"", ""status"": ""correct""}, {""id"": 3, ""status"": ""unanswered""}, {""id"": 4, ""status"": ""unanswered""}, {""id"": 5, ""status"": ""unanswered""}, {""id"": 6, ""status"": ""unanswered""}, {""id"": 7, ""status"": ""unanswered""}, {""id"": 8, ""status"": ""unanswered""}, {""id"": 9, ""status"": ""unanswered""}, {""id"": 10, ""status"": ""unanswered""}, {""id"": 11, ""answer"": ""B"", ""status"": ""incorrect""}, {""id"": 12, ""status"": ""unanswered""}, {""id"": 13, ""status"": ""unanswered""}, {""id"": 14, ""answer"": ""げんざいしんこうけい"", ""status"": ""correct""}, {""id"": 15, ""status"": ""unanswered""}, {""id"": 16, ""status"": ""unanswered""}, {""id"": 17, ""status"": ""unanswered""}, {""id"": 18, ""answer"": ""ばーど"", ""status"": ""correct""}, {""id"": 19, ""status"": ""unanswered""}, {""id"": 20, ""status"": ""unanswered""}, {""id"": 21, ""status"": ""unanswered""}, {""id"": 22, ""status"": ""unanswered""}, {""id"": 23, ""status"": ""unanswered""}, {""id"": 24, ""status"": ""unanswered""}, {""id"": 25, ""status"": ""unanswered""}], ""totalQuestions"": 25}"
019a42e7-bd14-7df6-93e2-ea0a41c7d72a,019a42dd-6466-78dc-aab9-8c269902164c,8,2025-11-02 04:51:14.838079+00,2025-11-02 04:51:14.838079+00,"{""groupId"": ""019a42dd-6466-78dc-aab9-8c269902164c"", ""startedAt"": ""2025-11-02T04:40:36.186Z"", ""questionStates"": [{""id"": 1, ""status"": ""unanswered""}, {""id"": 2, ""answer"": ""たいへいよう"", ""status"": ""correct""}, {""id"": 3, ""status"": ""unanswered""}, {""id"": 4, ""status"": ""unanswered""}, {""id"": 5, ""answer"": ""Internet"", ""status"": ""correct""}, {""id"": 6, ""status"": ""unanswered""}, {""id"": 7, ""status"": ""unanswered""}, {""id"": 8, ""status"": ""unanswered""}, {""id"": 9, ""status"": ""unanswered""}, {""id"": 10, ""status"": ""unanswered""}, {""id"": 11, ""status"": ""unanswered""}, {""id"": 12, ""status"": ""unanswered""}, {""id"": 13, ""status"": ""unanswered""}, {""id"": 14, ""answer"": ""げんざいしんこうけい"", ""status"": ""correct""}, {""id"": 15, ""answer"": ""ちしき"", ""status"": ""correct""}, {""id"": 16, ""status"": ""unanswered""}, {""id"": 17, ""status"": ""unanswered""}, {""id"": 18, ""status"": ""unanswered""}, {""id"": 19, ""answer"": ""クリスマス"", ""status"": ""correct""}, {""id"": 20, ""status"": ""unanswered""}, {""id"": 21, ""status"": ""unanswered""}, {""id"": 22, ""answer"": ""中国"", ""status"": ""correct""}, {""id"": 23, ""answer"": ""4/"", ""status"": ""incorrect""}, {""id"": 24, ""status"": ""unanswered""}, {""id"": 25, ""status"": ""unanswered""}], ""totalQuestions"": 25}"
019a42fa-0317-70ab-9d59-1b97d7c0cdf0,019a42ef-a1c5-76f4-82cd-af6dce03fb93,5,2025-11-02 05:11:12.426249+00,2025-11-02 05:11:12.426249+00,"{""groupId"": ""019a42ef-a1c5-76f4-82cd-af6dce03fb93"", ""startedAt"": ""2025-11-02T05:01:02.286Z"", ""questionStates"": [{""id"": 1, ""status"": ""unanswered""}, {""id"": 2, ""status"": ""unanswered""}, {""id"": 3, ""answer"": ""さんま"", ""status"": ""correct""}, {""id"": 4, ""status"": ""unanswered""}, {""id"": 5, ""status"": ""unanswered""}, {""id"": 6, ""status"": ""unanswered""}, {""id"": 7, ""status"": ""unanswered""}, {""id"": 8, ""status"": ""unanswered""}, {""id"": 9, ""status"": ""unanswered""}, {""id"": 10, ""status"": ""unanswered""}, {""id"": 11, ""status"": ""unanswered""}, {""id"": 12, ""status"": ""unanswered""}, {""id"": 13, ""status"": ""unanswered""}, {""id"": 14, ""status"": ""unanswered""}, {""id"": 15, ""status"": ""unanswered""}, {""id"": 16, ""status"": ""unanswered""}, {""id"": 17, ""status"": ""unanswered""}, {""id"": 18, ""status"": ""unanswered""}, {""id"": 19, ""status"": ""unanswered""}, {""id"": 20, ""answer"": ""えんすい"", ""status"": ""correct""}, {""id"": 21, ""answer"": ""こい"", ""status"": ""correct""}, {""id"": 22, ""status"": ""unanswered""}, {""id"": 23, ""status"": ""unanswered""}, {""id"": 24, ""status"": ""unanswered""}, {""id"": 25, ""status"": ""unanswered""}], ""totalQuestions"": 25}"
019a42fa-8bd5-7f09-8c54-934657127416,019a42ed-c756-7d8d-9c4a-e458ab546ece,7,2025-11-02 05:11:47.41511+00,2025-11-02 05:11:47.41511+00,"{""groupId"": ""019a42ed-c756-7d8d-9c4a-e458ab546ece"", ""startedAt"": ""2025-11-02T05:01:43.380Z"", ""questionStates"": [{""id"": 1, ""answer"": ""たんいげんざいしんこうけい"", ""status"": ""incorrect""}, {""id"": 2, ""status"": ""unanswered""}, {""id"": 3, ""status"": ""unanswered""}, {""id"": 4, ""status"": ""unanswered""}, {""id"": 5, ""answer"": ""INTERNE"", ""status"": ""incorrect""}, {""id"": 6, ""status"": ""unanswered""}, {""id"": 7, ""status"": ""unanswered""}, {""id"": 8, ""answer"": ""SCIENCE"", ""status"": ""correct""}, {""id"": 9, ""status"": ""unanswered""}, {""id"": 10, ""status"": ""unanswered""}, {""id"": 11, ""status"": ""unanswered""}, {""id"": 12, ""status"": ""unanswered""}, {""id"": 13, ""answer"": ""さんごくし"", ""status"": ""correct""}, {""id"": 14, ""answer"": ""げんざいしんこうけい"", ""status"": ""correct""}, {""id"": 15, ""status"": ""unanswered""}, {""id"": 16, ""status"": ""unanswered""}, {""id"": 17, ""answer"": ""ちえ"", ""status"": ""correct""}, {""id"": 18, ""answer"": ""バード"", ""status"": ""correct""}, {""id"": 19, ""status"": ""unanswered""}, {""id"": 20, ""status"": ""unanswered""}, {""id"": 21, ""status"": ""unanswered""}, {""id"": 22, ""status"": ""unanswered""}, {""id"": 23, ""status"": ""unanswered""}, {""id"": 24, ""status"": ""unanswered""}, {""id"": 25, ""status"": ""unanswered""}], ""totalQuestions"": 25}"
019a42fa-9577-76f4-a7ef-4ee7a794f323,019a42ee-52f0-78df-89ae-8b5d331301d2,4,2025-11-02 05:11:49.882372+00,2025-11-02 05:11:49.882372+00,"{""groupId"": ""019a42ee-52f0-78df-89ae-8b5d331301d2"", ""startedAt"": ""2025-11-02T05:01:38.042Z"", ""questionStates"": [{""id"": 1, ""status"": ""unanswered""}, {""id"": 2, ""answer"": ""たいへいよう"", ""status"": ""correct""}, {""id"": 3, ""status"": ""unanswered""}, {""id"": 4, ""status"": ""unanswered""}, {""id"": 5, ""status"": ""unanswered""}, {""id"": 6, ""status"": ""unanswered""}, {""id"": 7, ""status"": ""unanswered""}, {""id"": 8, ""status"": ""unanswered""}, {""id"": 9, ""status"": ""unanswered""}, {""id"": 10, ""status"": ""unanswered""}, {""id"": 11, ""answer"": ""B"", ""status"": ""incorrect""}, {""id"": 12, ""answer"": ""HANDAISEI"", ""status"": ""correct""}, {""id"": 13, ""status"": ""unanswered""}, {""id"": 14, ""status"": ""unanswered""}, {""id"": 15, ""answer"": ""ちしき"", ""status"": ""correct""}, {""id"": 16, ""status"": ""unanswered""}, {""id"": 17, ""status"": ""unanswered""}, {""id"": 18, ""status"": ""unanswered""}, {""id"": 19, ""status"": ""unanswered""}, {""id"": 20, ""status"": ""unanswered""}, {""id"": 21, ""status"": ""unanswered""}, {""id"": 22, ""answer"": ""元"", ""status"": ""incorrect""}, {""id"": 23, ""answer"": ""4"", ""status"": ""correct""}, {""id"": 24, ""status"": ""unanswered""}, {""id"": 25, ""status"": ""unanswered""}], ""totalQuestions"": 25}"
019a42fa-a75e-71b0-853d-7fe72ccd40cd,019a42ee-ac38-7670-9d9b-c36030294724,9,2025-11-02 05:11:54.46403+00,2025-11-02 05:11:54.46403+00,"{""groupId"": ""019a42ee-ac38-7670-9d9b-c36030294724"", ""startedAt"": ""2025-11-02T05:01:39.700Z"", ""questionStates"": [{""id"": 1, ""status"": ""unanswered""}, {""id"": 2, ""answer"": ""たいへいよう"", ""status"": ""correct""}, {""id"": 3, ""status"": ""unanswered""}, {""id"": 4, ""status"": ""unanswered""}, {""id"": 5, ""status"": ""unanswered""}, {""id"": 6, ""answer"": ""波"", ""status"": ""correct""}, {""id"": 7, ""status"": ""unanswered""}, {""id"": 8, ""status"": ""unanswered""}, {""id"": 9, ""status"": ""unanswered""}, {""id"": 10, ""status"": ""unanswered""}, {""id"": 11, ""status"": ""unanswered""}, {""id"": 12, ""answer"": ""HANDAISEI"", ""status"": ""correct""}, {""id"": 13, ""status"": ""unanswered""}, {""id"": 14, ""status"": ""unanswered""}, {""id"": 15, ""answer"": ""ちしき"", ""status"": ""correct""}, {""id"": 16, ""status"": ""unanswered""}, {""id"": 17, ""status"": ""unanswered""}, {""id"": 18, ""status"": ""unanswered""}, {""id"": 19, ""status"": ""unanswered""}, {""id"": 20, ""status"": ""unanswered""}, {""id"": 21, ""answer"": ""こい"", ""status"": ""correct""}, {""id"": 22, ""answer"": ""中国"", ""status"": ""correct""}, {""id"": 23, ""answer"": ""4"", ""status"": ""correct""}, {""id"": 24, ""status"": ""unanswered""}, {""id"": 25, ""status"": ""unanswered""}], ""totalQuestions"": 25}"
019a42fa-ab87-7b49-bd26-77cb93a97c1a,019a42ef-cff8-79e4-97ec-daba06ed42b6,3,2025-11-02 05:11:55.531826+00,2025-11-02 05:11:55.531826+00,"{""groupId"": ""019a42ef-cff8-79e4-97ec-daba06ed42b6"", ""startedAt"": ""2025-11-02T05:01:40.081Z"", ""questionStates"": [{""id"": 1, ""status"": ""unanswered""}, {""id"": 2, ""status"": ""unanswered""}, {""id"": 3, ""status"": ""unanswered""}, {""id"": 4, ""status"": ""unanswered""}, {""id"": 5, ""answer"": ""internet"", ""status"": ""correct""}, {""id"": 6, ""status"": ""unanswered""}, {""id"": 7, ""answer"": ""はんだい"", ""status"": ""correct""}, {""id"": 8, ""status"": ""unanswered""}, {""id"": 9, ""status"": ""unanswered""}, {""id"": 10, ""status"": ""unanswered""}, {""id"": 11, ""status"": ""unanswered""}, {""id"": 12, ""status"": ""unanswered""}, {""id"": 13, ""status"": ""unanswered""}, {""id"": 14, ""status"": ""unanswered""}, {""id"": 15, ""status"": ""unanswered""}, {""id"": 16, ""status"": ""unanswered""}, {""id"": 17, ""status"": ""unanswered""}, {""id"": 18, ""status"": ""unanswered""}, {""id"": 19, ""status"": ""unanswered""}, {""id"": 20, ""status"": ""unanswered""}, {""id"": 21, ""answer"": ""こい"", ""status"": ""correct""}, {""id"": 22, ""status"": ""unanswered""}, {""id"": 23, ""status"": ""unanswered""}, {""id"": 24, ""status"": ""unanswered""}, {""id"": 25, ""status"": ""unanswered""}], ""totalQuestions"": 25}"
019a42fa-dd90-7be6-a00e-487b886e77ed,019a42f0-e263-7e25-8168-be90b67ef96e,3,2025-11-02 05:12:08.338133+00,2025-11-02 05:12:08.338133+00,"{""groupId"": ""019a42f0-e263-7e25-8168-be90b67ef96e"", ""startedAt"": ""2025-11-02T05:01:58.403Z"", ""questionStates"": [{""id"": 1, ""answer"": ""たすき"", ""status"": ""incorrect""}, {""id"": 2, ""status"": ""unanswered""}, {""id"": 3, ""status"": ""unanswered""}, {""id"": 4, ""status"": ""unanswered""}, {""id"": 5, ""status"": ""unanswered""}, {""id"": 6, ""status"": ""unanswered""}, {""id"": 7, ""answer"": ""はんだい"", ""status"": ""correct""}, {""id"": 8, ""answer"": ""science"", ""status"": ""correct""}, {""id"": 9, ""status"": ""unanswered""}, {""id"": 10, ""status"": ""unanswered""}, {""id"": 11, ""status"": ""unanswered""}, {""id"": 12, ""status"": ""unanswered""}, {""id"": 13, ""status"": ""unanswered""}, {""id"": 14, ""answer"": ""げんざいしんこうけい"", ""status"": ""correct""}, {""id"": 15, ""status"": ""unanswered""}, {""id"": 16, ""status"": ""unanswered""}, {""id"": 17, ""status"": ""unanswered""}, {""id"": 18, ""answer"": ""ばーや"", ""status"": ""incorrect""}, {""id"": 19, ""status"": ""unanswered""}, {""id"": 20, ""status"": ""unanswered""}, {""id"": 21, ""status"": ""unanswered""}, {""id"": 22, ""status"": ""unanswered""}, {""id"": 23, ""status"": ""unanswered""}, {""id"": 24, ""status"": ""unanswered""}, {""id"": 25, ""status"": ""unanswered""}], ""totalQuestions"": 25}"
019a431f-075f-71eb-8fb9-df8c43922396,019a4312-d1ae-7278-8b6c-06b4cdef3499,0,2025-11-02 05:51:38.336685+00,2025-11-02 05:51:38.336685+00,"{""groupId"": ""019a4312-d1ae-7278-8b6c-06b4cdef3499"", ""startedAt"": ""2025-11-02T05:38:41.635Z"", ""questionStates"": [{""id"": 1, ""status"": ""unanswered""}, {""id"": 2, ""status"": ""unanswered""}, {""id"": 3, ""status"": ""unanswered""}, {""id"": 4, ""status"": ""unanswered""}, {""id"": 5, ""status"": ""unanswered""}, {""id"": 6, ""status"": ""unanswered""}, {""id"": 7, ""status"": ""unanswered""}, {""id"": 8, ""status"": ""unanswered""}, {""id"": 9, ""status"": ""unanswered""}, {""id"": 10, ""status"": ""unanswered""}, {""id"": 11, ""status"": ""unanswered""}, {""id"": 12, ""status"": ""unanswered""}, {""id"": 13, ""status"": ""unanswered""}, {""id"": 14, ""status"": ""unanswered""}, {""id"": 15, ""status"": ""unanswered""}, {""id"": 16, ""status"": ""unanswered""}, {""id"": 17, ""status"": ""unanswered""}, {""id"": 18, ""status"": ""unanswered""}, {""id"": 19, ""status"": ""unanswered""}, {""id"": 20, ""status"": ""unanswered""}, {""id"": 21, ""status"": ""unanswered""}, {""id"": 22, ""status"": ""unanswered""}, {""id"": 23, ""status"": ""unanswered""}, {""id"": 24, ""status"": ""unanswered""}, {""id"": 25, ""status"": ""unanswered""}], ""totalQuestions"": 25}"
019a4300-991c-76d8-8c40-88d4af1263d5,019a42e3-3179-7a23-aa46-f423aa5bb1e6,21,2025-11-02 05:18:24.036704+00,2025-11-02 05:18:24.036704+00,"{""groupId"": ""019a42e3-3179-7a23-aa46-f423aa5bb1e6"", ""startedAt"": ""2025-11-02T05:08:21.172Z"", ""questionStates"": [{""id"": 1, ""status"": ""unanswered""}, {""id"": 2, ""answer"": ""たいへいよう"", ""status"": ""correct""}, {""id"": 3, ""answer"": ""さんま"", ""status"": ""correct""}, {""id"": 4, ""answer"": ""ふぁみれす"", ""status"": ""correct""}, {""id"": 5, ""answer"": ""Internet"", ""status"": ""correct""}, {""id"": 6, ""answer"": ""なみ"", ""status"": ""correct""}, {""id"": 7, ""answer"": ""はんだい"", ""status"": ""correct""}, {""id"": 8, ""status"": ""unanswered""}, {""id"": 9, ""status"": ""unanswered""}, {""id"": 10, ""answer"": ""まちかね"", ""status"": ""correct""}, {""id"": 11, ""status"": ""unanswered""}, {""id"": 12, ""status"": ""unanswered""}, {""id"": 13, ""status"": ""unanswered""}, {""id"": 14, ""answer"": ""げんさいしんこうけい"", ""status"": ""incorrect""}, {""id"": 15, ""answer"": ""ちしき"", ""status"": ""correct""}, {""id"": 16, ""status"": ""unanswered""}, {""id"": 17, ""answer"": ""ちえ"", ""status"": ""correct""}, {""id"": 18, ""answer"": ""ばーど"", ""status"": ""correct""}, {""id"": 19, ""status"": ""unanswered""}, {""id"": 20, ""answer"": ""えんすい"", ""status"": ""correct""}, {""id"": 21, ""answer"": ""こおり"", ""status"": ""incorrect""}, {""id"": 22, ""status"": ""unanswered""}, {""id"": 23, ""answer"": ""4"", ""status"": ""correct""}, {""id"": 24, ""answer"": ""いんしん"", ""status"": ""correct""}, {""id"": 25, ""status"": ""unanswered""}], ""totalQuestions"": 25}"
019a430b-ffc8-7920-a19f-39220a96b2d5,019a42ff-72ed-79b1-a226-5944b6bae54a,11,2025-11-02 05:30:51.210917+00,2025-11-02 05:30:51.210917+00,"{""groupId"": ""019a42ff-72ed-79b1-a226-5944b6bae54a"", ""startedAt"": ""2025-11-02T05:20:50.051Z"", ""questionStates"": [{""id"": 1, ""answer"": ""単位"", ""status"": ""correct""}, {""id"": 2, ""status"": ""unanswered""}, {""id"": 3, ""status"": ""unanswered""}, {""id"": 4, ""status"": ""unanswered""}, {""id"": 5, ""answer"": ""Internet"", ""status"": ""correct""}, {""id"": 6, ""status"": ""unanswered""}, {""id"": 7, ""status"": ""unanswered""}, {""id"": 8, ""status"": ""unanswered""}, {""id"": 9, ""answer"": ""ハングル"", ""status"": ""correct""}, {""id"": 10, ""status"": ""unanswered""}, {""id"": 11, ""status"": ""unanswered""}, {""id"": 12, ""status"": ""unanswered""}, {""id"": 13, ""answer"": ""さんごく"", ""status"": ""incorrect""}, {""id"": 14, ""answer"": ""現在進行形"", ""status"": ""correct""}, {""id"": 15, ""status"": ""unanswered""}, {""id"": 16, ""answer"": ""年月"", ""status"": ""incorrect""}, {""id"": 17, ""status"": ""unanswered""}, {""id"": 18, ""answer"": ""バード"", ""status"": ""correct""}, {""id"": 19, ""answer"": ""クリスマス"", ""status"": ""correct""}, {""id"": 20, ""status"": ""unanswered""}, {""id"": 21, ""status"": ""unanswered""}, {""id"": 22, ""status"": ""unanswered""}, {""id"": 23, ""status"": ""unanswered""}, {""id"": 24, ""status"": ""unanswered""}, {""id"": 25, ""status"": ""unanswered""}], ""totalQuestions"": 25}"
019a430c-03e5-7048-ab17-19faaf26e945,019a4302-74bd-74a5-8c9f-086cddaf58c2,19,2025-11-02 05:30:52.262713+00,2025-11-02 05:30:52.262713+00,"{""groupId"": ""019a4302-74bd-74a5-8c9f-086cddaf58c2"", ""startedAt"": ""2025-11-02T05:20:51.126Z"", ""questionStates"": [{""id"": 1, ""answer"": ""単位"", ""status"": ""correct""}, {""id"": 2, ""answer"": ""たいへいよう"", ""status"": ""correct""}, {""id"": 3, ""status"": ""unanswered""}, {""id"": 4, ""answer"": ""ふぁみれす"", ""status"": ""correct""}, {""id"": 5, ""status"": ""unanswered""}, {""id"": 6, ""answer"": ""波"", ""status"": ""correct""}, {""id"": 7, ""answer"": ""はんだい"", ""status"": ""correct""}, {""id"": 8, ""answer"": ""SCIENCE"", ""status"": ""correct""}, {""id"": 9, ""status"": ""unanswered""}, {""id"": 10, ""status"": ""unanswered""}, {""id"": 11, ""answer"": ""B"", ""status"": ""incorrect""}, {""id"": 12, ""answer"": ""HUNDUYNIEY"", ""status"": ""incorrect""}, {""id"": 13, ""answer"": ""三国志"", ""status"": ""correct""}, {""id"": 14, ""answer"": ""現在進行形"", ""status"": ""correct""}, {""id"": 15, ""status"": ""unanswered""}, {""id"": 16, ""answer"": ""年月"", ""status"": ""incorrect""}, {""id"": 17, ""status"": ""unanswered""}, {""id"": 18, ""status"": ""unanswered""}, {""id"": 19, ""answer"": ""クリスマス"", ""status"": ""correct""}, {""id"": 20, ""status"": ""unanswered""}, {""id"": 21, ""status"": ""unanswered""}, {""id"": 22, ""answer"": ""中国"", ""status"": ""correct""}, {""id"": 23, ""answer"": ""4"", ""status"": ""correct""}, {""id"": 24, ""status"": ""unanswered""}, {""id"": 25, ""status"": ""unanswered""}], ""totalQuestions"": 25}"
019a430c-0927-7f32-ab1b-8228a108cb37,019a4301-c4ef-7f0f-9523-42682c8fae0d,8,2025-11-02 05:30:53.609864+00,2025-11-02 05:30:53.609864+00,"{""groupId"": ""019a4301-c4ef-7f0f-9523-42682c8fae0d"", ""startedAt"": ""2025-11-02T05:20:51.207Z"", ""questionStates"": [{""id"": 1, ""status"": ""unanswered""}, {""id"": 2, ""status"": ""unanswered""}, {""id"": 3, ""status"": ""unanswered""}, {""id"": 4, ""status"": ""unanswered""}, {""id"": 5, ""answer"": ""INTERNET"", ""status"": ""incorrect""}, {""id"": 6, ""status"": ""unanswered""}, {""id"": 7, ""status"": ""unanswered""}, {""id"": 8, ""status"": ""unanswered""}, {""id"": 9, ""status"": ""unanswered""}, {""id"": 10, ""status"": ""unanswered""}, {""id"": 11, ""status"": ""unanswered""}, {""id"": 12, ""answer"": ""HANDAISEI"", ""status"": ""correct""}, {""id"": 13, ""answer"": ""三国志"", ""status"": ""correct""}, {""id"": 14, ""answer"": ""現在進行形"", ""status"": ""correct""}, {""id"": 15, ""answer"": ""ちしき"", ""status"": ""correct""}, {""id"": 16, ""status"": ""unanswered""}, {""id"": 17, ""status"": ""unanswered""}, {""id"": 18, ""status"": ""unanswered""}, {""id"": 19, ""answer"": ""クリスマス"", ""status"": ""correct""}, {""id"": 20, ""status"": ""unanswered""}, {""id"": 21, ""status"": ""unanswered""}, {""id"": 22, ""status"": ""unanswered""}, {""id"": 23, ""answer"": ""4"", ""status"": ""correct""}, {""id"": 24, ""status"": ""unanswered""}, {""id"": 25, ""status"": ""unanswered""}], ""totalQuestions"": 25}"
019a430c-0fd6-7459-bf12-8dedfb016d63,019a42ff-a88f-72ae-815a-6ff9175ae1d8,5,2025-11-02 05:30:55.31987+00,2025-11-02 05:30:55.31987+00,"{""groupId"": ""019a42ff-a88f-72ae-815a-6ff9175ae1d8"", ""startedAt"": ""2025-11-02T05:20:50.435Z"", ""questionStates"": [{""id"": 1, ""status"": ""unanswered""}, {""id"": 2, ""answer"": ""たいへいよう"", ""status"": ""correct""}, {""id"": 3, ""status"": ""unanswered""}, {""id"": 4, ""status"": ""unanswered""}, {""id"": 5, ""status"": ""unanswered""}, {""id"": 6, ""status"": ""unanswered""}, {""id"": 7, ""status"": ""unanswered""}, {""id"": 8, ""status"": ""unanswered""}, {""id"": 9, ""status"": ""unanswered""}, {""id"": 10, ""status"": ""unanswered""}, {""id"": 11, ""answer"": ""B"", ""status"": ""incorrect""}, {""id"": 12, ""answer"": ""HANDAISEI"", ""status"": ""correct""}, {""id"": 13, ""status"": ""unanswered""}, {""id"": 14, ""status"": ""unanswered""}, {""id"": 15, ""answer"": ""ちいき"", ""status"": ""incorrect""}, {""id"": 16, ""status"": ""unanswered""}, {""id"": 17, ""status"": ""unanswered""}, {""id"": 18, ""status"": ""unanswered""}, {""id"": 19, ""status"": ""unanswered""}, {""id"": 20, ""answer"": ""えんすい"", ""status"": ""correct""}, {""id"": 21, ""status"": ""unanswered""}, {""id"": 22, ""status"": ""unanswered""}, {""id"": 23, ""answer"": ""4"", ""status"": ""correct""}, {""id"": 24, ""status"": ""unanswered""}, {""id"": 25, ""status"": ""unanswered""}], ""totalQuestions"": 25}"
019a430c-1a3e-7590-b87e-28bb3dadd24a,019a42ff-401e-7427-8a1c-b43853c2611d,12,2025-11-02 05:30:57.983463+00,2025-11-02 05:30:57.983463+00,"{""groupId"": ""019a42ff-401e-7427-8a1c-b43853c2611d"", ""startedAt"": ""2025-11-02T05:20:50.788Z"", ""questionStates"": [{""id"": 1, ""status"": ""unanswered""}, {""id"": 2, ""status"": ""unanswered""}, {""id"": 3, ""status"": ""unanswered""}, {""id"": 4, ""answer"": ""ファミレス"", ""status"": ""correct""}, {""id"": 5, ""answer"": ""INTERNET"", ""status"": ""incorrect""}, {""id"": 6, ""status"": ""unanswered""}, {""id"": 7, ""answer"": ""はんだい"", ""status"": ""correct""}, {""id"": 8, ""status"": ""unanswered""}, {""id"": 9, ""status"": ""unanswered""}, {""id"": 10, ""status"": ""unanswered""}, {""id"": 11, ""status"": ""unanswered""}, {""id"": 12, ""status"": ""unanswered""}, {""id"": 13, ""answer"": ""さんごくし"", ""status"": ""correct""}, {""id"": 14, ""answer"": ""現在進行形"", ""status"": ""correct""}, {""id"": 15, ""status"": ""unanswered""}, {""id"": 16, ""status"": ""unanswered""}, {""id"": 17, ""answer"": ""ちえ"", ""status"": ""correct""}, {""id"": 18, ""answer"": ""バード"", ""status"": ""correct""}, {""id"": 19, ""status"": ""unanswered""}, {""id"": 20, ""status"": ""unanswered""}, {""id"": 21, ""answer"": ""コイ"", ""status"": ""correct""}, {""id"": 22, ""status"": ""unanswered""}, {""id"": 23, ""answer"": ""4"", ""status"": ""correct""}, {""id"": 24, ""status"": ""unanswered""}, {""id"": 25, ""status"": ""unanswered""}], ""totalQuestions"": 25}"
019a430c-23a3-7b12-9cc8-55ef3159ed0b,019a42fe-eaad-745e-8387-7e96b98b227f,11,2025-11-02 05:31:00.389766+00,2025-11-02 05:31:00.389766+00,"{""groupId"": ""019a42fe-eaad-745e-8387-7e96b98b227f"", ""startedAt"": ""2025-11-02T05:20:51.061Z"", ""questionStates"": [{""id"": 1, ""status"": ""unanswered""}, {""id"": 2, ""answer"": ""たいへいよう"", ""status"": ""correct""}, {""id"": 3, ""status"": ""unanswered""}, {""id"": 4, ""answer"": ""ふぁみれす"", ""status"": ""correct""}, {""id"": 5, ""status"": ""unanswered""}, {""id"": 6, ""status"": ""unanswered""}, {""id"": 7, ""answer"": ""はんだい"", ""status"": ""correct""}, {""id"": 8, ""answer"": ""SCIENCE"", ""status"": ""correct""}, {""id"": 9, ""status"": ""unanswered""}, {""id"": 10, ""status"": ""unanswered""}, {""id"": 11, ""status"": ""unanswered""}, {""id"": 12, ""status"": ""unanswered""}, {""id"": 13, ""status"": ""unanswered""}, {""id"": 14, ""answer"": ""げんざいしんこうけい"", ""status"": ""correct""}, {""id"": 15, ""answer"": ""ちしき"", ""status"": ""correct""}, {""id"": 16, ""status"": ""unanswered""}, {""id"": 17, ""status"": ""unanswered""}, {""id"": 18, ""status"": ""unanswered""}, {""id"": 19, ""status"": ""unanswered""}, {""id"": 20, ""status"": ""unanswered""}, {""id"": 21, ""status"": ""unanswered""}, {""id"": 22, ""answer"": ""中国"", ""status"": ""correct""}, {""id"": 23, ""answer"": ""4"", ""status"": ""correct""}, {""id"": 24, ""status"": ""unanswered""}, {""id"": 25, ""status"": ""unanswered""}], ""totalQuestions"": 25}"
019a430c-2813-717f-922d-d9f72d8a9c3b,019a42ff-31f0-76bd-b678-8f1955666ea0,7,2025-11-02 05:31:01.524895+00,2025-11-02 05:31:01.524895+00,"{""groupId"": ""019a42ff-31f0-76bd-b678-8f1955666ea0"", ""startedAt"": ""2025-11-02T05:20:49.766Z"", ""questionStates"": [{""id"": 1, ""status"": ""unanswered""}, {""id"": 2, ""status"": ""unanswered""}, {""id"": 3, ""status"": ""unanswered""}, {""id"": 4, ""answer"": ""ファミレス"", ""status"": ""correct""}, {""id"": 5, ""status"": ""unanswered""}, {""id"": 6, ""status"": ""unanswered""}, {""id"": 7, ""answer"": ""はんだい"", ""status"": ""correct""}, {""id"": 8, ""status"": ""unanswered""}, {""id"": 9, ""status"": ""unanswered""}, {""id"": 10, ""answer"": ""まちかね"", ""status"": ""correct""}, {""id"": 11, ""status"": ""unanswered""}, {""id"": 12, ""status"": ""unanswered""}, {""id"": 13, ""status"": ""unanswered""}, {""id"": 14, ""status"": ""unanswered""}, {""id"": 15, ""status"": ""unanswered""}, {""id"": 16, ""status"": ""unanswered""}, {""id"": 17, ""status"": ""unanswered""}, {""id"": 18, ""status"": ""unanswered""}, {""id"": 19, ""status"": ""unanswered""}, {""id"": 20, ""status"": ""unanswered""}, {""id"": 21, ""answer"": ""こい"", ""status"": ""correct""}, {""id"": 22, ""status"": ""unanswered""}, {""id"": 23, ""status"": ""unanswered""}, {""id"": 24, ""status"": ""unanswered""}, {""id"": 25, ""status"": ""unanswered""}], ""totalQuestions"": 25}"
019a430c-7168-7ed6-8626-8388e5cda93a,019a42ff-6f39-762a-b176-4956544a4f0d,3,2025-11-02 05:31:20.298376+00,2025-11-02 05:31:20.298376+00,"{""groupId"": ""019a42ff-6f39-762a-b176-4956544a4f0d"", ""startedAt"": ""2025-11-02T05:20:51.370Z"", ""questionStates"": [{""id"": 1, ""status"": ""unanswered""}, {""id"": 2, ""status"": ""unanswered""}, {""id"": 3, ""status"": ""unanswered""}, {""id"": 4, ""status"": ""unanswered""}, {""id"": 5, ""status"": ""unanswered""}, {""id"": 6, ""status"": ""unanswered""}, {""id"": 7, ""status"": ""unanswered""}, {""id"": 8, ""status"": ""unanswered""}, {""id"": 9, ""status"": ""unanswered""}, {""id"": 10, ""status"": ""unanswered""}, {""id"": 11, ""status"": ""unanswered""}, {""id"": 12, ""answer"": ""HANDAISEI"", ""status"": ""correct""}, {""id"": 13, ""answer"": ""三国志"", ""status"": ""correct""}, {""id"": 14, ""status"": ""unanswered""}, {""id"": 15, ""status"": ""unanswered""}, {""id"": 16, ""status"": ""unanswered""}, {""id"": 17, ""status"": ""unanswered""}, {""id"": 18, ""status"": ""unanswered""}, {""id"": 19, ""status"": ""unanswered""}, {""id"": 20, ""status"": ""unanswered""}, {""id"": 21, ""status"": ""unanswered""}, {""id"": 22, ""status"": ""unanswered""}, {""id"": 23, ""status"": ""unanswered""}, {""id"": 24, ""status"": ""unanswered""}, {""id"": 25, ""status"": ""unanswered""}], ""totalQuestions"": 25}"
019a430c-a43b-70d9-970b-eda7eb442d8c,019a4302-d80b-72ce-8a38-93ad3384a111,6,2025-11-02 05:31:33.308858+00,2025-11-02 05:31:33.308858+00,"{""groupId"": ""019a4302-d80b-72ce-8a38-93ad3384a111"", ""startedAt"": ""2025-11-02T05:21:26.770Z"", ""questionStates"": [{""id"": 1, ""status"": ""unanswered""}, {""id"": 2, ""status"": ""unanswered""}, {""id"": 3, ""status"": ""unanswered""}, {""id"": 4, ""answer"": ""ファミレス"", ""status"": ""correct""}, {""id"": 5, ""answer"": ""インターネット"", ""status"": ""correct""}, {""id"": 6, ""status"": ""unanswered""}, {""id"": 7, ""answer"": ""阪大"", ""status"": ""incorrect""}, {""id"": 8, ""status"": ""unanswered""}, {""id"": 9, ""status"": ""unanswered""}, {""id"": 10, ""status"": ""unanswered""}, {""id"": 11, ""status"": ""unanswered""}, {""id"": 12, ""status"": ""unanswered""}, {""id"": 13, ""status"": ""unanswered""}, {""id"": 14, ""answer"": ""関西歯科大学"", ""status"": ""incorrect""}, {""id"": 15, ""answer"": ""知識"", ""status"": ""correct""}, {""id"": 16, ""status"": ""unanswered""}, {""id"": 17, ""answer"": ""うに"", ""status"": ""incorrect""}, {""id"": 18, ""status"": ""unanswered""}, {""id"": 19, ""answer"": ""ホワイトデー"", ""status"": ""incorrect""}, {""id"": 20, ""status"": ""unanswered""}, {""id"": 21, ""answer"": ""こい"", ""status"": ""correct""}, {""id"": 22, ""status"": ""unanswered""}, {""id"": 23, ""status"": ""unanswered""}, {""id"": 24, ""status"": ""unanswered""}, {""id"": 25, ""status"": ""unanswered""}], ""totalQuestions"": 25}"
019a431e-d409-772a-aa67-33c9fdd85715,019a4315-7864-7990-bcd9-320a8ab260ea,5,2025-11-02 05:51:25.19471+00,2025-11-02 05:51:25.19471+00,"{""groupId"": ""019a4315-7864-7990-bcd9-320a8ab260ea"", ""startedAt"": ""2025-11-02T05:41:17.855Z"", ""questionStates"": [{""id"": 1, ""status"": ""unanswered""}, {""id"": 2, ""answer"": ""たいへいよう"", ""status"": ""correct""}, {""id"": 3, ""status"": ""unanswered""}, {""id"": 4, ""status"": ""unanswered""}, {""id"": 5, ""status"": ""unanswered""}, {""id"": 6, ""answer"": ""たい"", ""status"": ""incorrect""}, {""id"": 7, ""status"": ""unanswered""}, {""id"": 8, ""status"": ""unanswered""}, {""id"": 9, ""status"": ""unanswered""}, {""id"": 10, ""status"": ""unanswered""}, {""id"": 11, ""answer"": ""Ｂ"", ""status"": ""incorrect""}, {""id"": 12, ""status"": ""unanswered""}, {""id"": 13, ""status"": ""unanswered""}, {""id"": 14, ""status"": ""unanswered""}, {""id"": 15, ""answer"": ""ちしき"", ""status"": ""correct""}, {""id"": 16, ""status"": ""unanswered""}, {""id"": 17, ""status"": ""unanswered""}, {""id"": 18, ""status"": ""unanswered""}, {""id"": 19, ""status"": ""unanswered""}, {""id"": 20, ""status"": ""unanswered""}, {""id"": 21, ""status"": ""unanswered""}, {""id"": 22, ""answer"": ""中国"", ""status"": ""correct""}, {""id"": 23, ""answer"": ""4"", ""status"": ""correct""}, {""id"": 24, ""status"": ""unanswered""}, {""id"": 25, ""status"": ""unanswered""}], ""totalQuestions"": 25}"
019a431e-f17a-7de0-8f8c-2f7f1c1a365d,019a4312-cbea-775b-8e75-bcf43ba116a9,8,2025-11-02 05:51:32.73226+00,2025-11-02 05:51:32.73226+00,"{""groupId"": ""019a4312-cbea-775b-8e75-bcf43ba116a9"", ""startedAt"": ""2025-11-02T05:41:32.920Z"", ""questionStates"": [{""id"": 1, ""answer"": ""B"", ""status"": ""incorrect""}, {""id"": 2, ""answer"": ""たいへいよう"", ""status"": ""correct""}, {""id"": 3, ""status"": ""unanswered""}, {""id"": 4, ""status"": ""unanswered""}, {""id"": 5, ""answer"": ""INTERNET"", ""status"": ""incorrect""}, {""id"": 6, ""status"": ""unanswered""}, {""id"": 7, ""status"": ""unanswered""}, {""id"": 8, ""answer"": ""SCIENCE"", ""status"": ""correct""}, {""id"": 9, ""status"": ""unanswered""}, {""id"": 10, ""status"": ""unanswered""}, {""id"": 11, ""status"": ""unanswered""}, {""id"": 12, ""answer"": ""HANDAISEI"", ""status"": ""correct""}, {""id"": 13, ""status"": ""unanswered""}, {""id"": 14, ""status"": ""unanswered""}, {""id"": 15, ""answer"": ""ちしき"", ""status"": ""correct""}, {""id"": 16, ""status"": ""unanswered""}, {""id"": 17, ""answer"": ""うに"", ""status"": ""incorrect""}, {""id"": 18, ""status"": ""unanswered""}, {""id"": 19, ""status"": ""unanswered""}, {""id"": 20, ""status"": ""unanswered""}, {""id"": 21, ""answer"": ""こい"", ""status"": ""correct""}, {""id"": 22, ""answer"": ""中国"", ""status"": ""correct""}, {""id"": 23, ""answer"": ""4"", ""status"": ""correct""}, {""id"": 24, ""status"": ""unanswered""}, {""id"": 25, ""status"": ""unanswered""}], ""totalQuestions"": 25}"
019a431e-fd3c-7e85-963b-326b6219ecde,019a4311-ac8a-722b-9c19-6500ecefa96e,9,2025-11-02 05:51:35.741722+00,2025-11-02 05:51:35.741722+00,"{""groupId"": ""019a4311-ac8a-722b-9c19-6500ecefa96e"", ""startedAt"": ""2025-11-02T05:41:31.246Z"", ""questionStates"": [{""id"": 1, ""answer"": ""たんい"", ""status"": ""correct""}, {""id"": 2, ""answer"": ""たいへいよう"", ""status"": ""correct""}, {""id"": 3, ""status"": ""unanswered""}, {""id"": 4, ""status"": ""unanswered""}, {""id"": 5, ""answer"": ""INTERNET"", ""status"": ""incorrect""}, {""id"": 6, ""status"": ""unanswered""}, {""id"": 7, ""status"": ""unanswered""}, {""id"": 8, ""status"": ""unanswered""}, {""id"": 9, ""status"": ""unanswered""}, {""id"": 10, ""answer"": ""まちかね"", ""status"": ""correct""}, {""id"": 11, ""answer"": ""B"", ""status"": ""incorrect""}, {""id"": 12, ""answer"": ""NS"", ""status"": ""incorrect""}, {""id"": 13, ""status"": ""unanswered""}, {""id"": 14, ""answer"": ""現在進行形"", ""status"": ""correct""}, {""id"": 15, ""status"": ""unanswered""}, {""id"": 16, ""status"": ""unanswered""}, {""id"": 17, ""status"": ""unanswered""}, {""id"": 18, ""status"": ""unanswered""}, {""id"": 19, ""status"": ""unanswered""}, {""id"": 20, ""status"": ""unanswered""}, {""id"": 21, ""status"": ""unanswered""}, {""id"": 22, ""answer"": ""中国"", ""status"": ""correct""}, {""id"": 23, ""status"": ""unanswered""}, {""id"": 24, ""status"": ""unanswered""}, {""id"": 25, ""status"": ""unanswered""}], ""totalQuestions"": 25}"
019a431f-00ff-714b-b45f-19f439ec08d6,019a4313-1869-7634-ae02-21c59d9fec49,3,2025-11-02 05:51:36.703936+00,2025-11-02 05:51:36.703936+00,"{""groupId"": ""019a4313-1869-7634-ae02-21c59d9fec49"", ""startedAt"": ""2025-11-02T05:41:31.300Z"", ""questionStates"": [{""id"": 1, ""answer"": ""HANDAISEA"", ""status"": ""incorrect""}, {""id"": 2, ""answer"": ""たいへいよう"", ""status"": ""correct""}, {""id"": 3, ""status"": ""unanswered""}, {""id"": 4, ""status"": ""unanswered""}, {""id"": 5, ""answer"": ""INTERNET"", ""status"": ""incorrect""}, {""id"": 6, ""status"": ""unanswered""}, {""id"": 7, ""answer"": ""はんだい"", ""status"": ""correct""}, {""id"": 8, ""status"": ""unanswered""}, {""id"": 9, ""status"": ""unanswered""}, {""id"": 10, ""status"": ""unanswered""}, {""id"": 11, ""answer"": ""B"", ""status"": ""incorrect""}, {""id"": 12, ""status"": ""unanswered""}, {""id"": 13, ""status"": ""unanswered""}, {""id"": 14, ""status"": ""unanswered""}, {""id"": 15, ""answer"": ""ちしき"", ""status"": ""correct""}, {""id"": 16, ""status"": ""unanswered""}, {""id"": 17, ""status"": ""unanswered""}, {""id"": 18, ""status"": ""unanswered""}, {""id"": 19, ""status"": ""unanswered""}, {""id"": 20, ""status"": ""unanswered""}, {""id"": 21, ""status"": ""unanswered""}, {""id"": 22, ""status"": ""unanswered""}, {""id"": 23, ""status"": ""unanswered""}, {""id"": 24, ""status"": ""unanswered""}, {""id"": 25, ""status"": ""unanswered""}], ""totalQuestions"": 25}"
019a431f-0112-75e7-a22e-9f890deeaf29,019a4313-bc93-7e42-b637-a8636a7fafad,2,2025-11-02 05:51:36.723483+00,2025-11-02 05:51:36.723483+00,"{""groupId"": ""019a4313-bc93-7e42-b637-a8636a7fafad"", ""startedAt"": ""2025-11-02T05:41:32.918Z"", ""questionStates"": [{""id"": 1, ""status"": ""unanswered""}, {""id"": 2, ""status"": ""unanswered""}, {""id"": 3, ""status"": ""unanswered""}, {""id"": 4, ""status"": ""unanswered""}, {""id"": 5, ""status"": ""unanswered""}, {""id"": 6, ""status"": ""unanswered""}, {""id"": 7, ""answer"": ""はんだい"", ""status"": ""correct""}, {""id"": 8, ""status"": ""unanswered""}, {""id"": 9, ""status"": ""unanswered""}, {""id"": 10, ""status"": ""unanswered""}, {""id"": 11, ""status"": ""unanswered""}, {""id"": 12, ""status"": ""unanswered""}, {""id"": 13, ""status"": ""unanswered""}, {""id"": 14, ""status"": ""unanswered""}, {""id"": 15, ""status"": ""unanswered""}, {""id"": 16, ""status"": ""unanswered""}, {""id"": 17, ""status"": ""unanswered""}, {""id"": 18, ""status"": ""unanswered""}, {""id"": 19, ""status"": ""unanswered""}, {""id"": 20, ""status"": ""unanswered""}, {""id"": 21, ""answer"": ""こい"", ""status"": ""correct""}, {""id"": 22, ""status"": ""unanswered""}, {""id"": 23, ""status"": ""unanswered""}, {""id"": 24, ""status"": ""unanswered""}, {""id"": 25, ""status"": ""unanswered""}], ""totalQuestions"": 25}"
019a431f-0307-752d-9bd0-0d00265d5cb5,019a4313-8f45-76a6-a573-d8e75b3e0f9b,9,2025-11-02 05:51:37.224377+00,2025-11-02 05:51:37.224377+00,"{""groupId"": ""019a4313-8f45-76a6-a573-d8e75b3e0f9b"", ""startedAt"": ""2025-11-02T05:41:35.869Z"", ""questionStates"": [{""id"": 1, ""status"": ""unanswered""}, {""id"": 2, ""answer"": ""たいへいよう"", ""status"": ""correct""}, {""id"": 3, ""status"": ""unanswered""}, {""id"": 4, ""status"": ""unanswered""}, {""id"": 5, ""answer"": ""INTERNET"", ""status"": ""incorrect""}, {""id"": 6, ""status"": ""unanswered""}, {""id"": 7, ""status"": ""unanswered""}, {""id"": 8, ""status"": ""unanswered""}, {""id"": 9, ""status"": ""unanswered""}, {""id"": 10, ""status"": ""unanswered""}, {""id"": 11, ""status"": ""unanswered""}, {""id"": 12, ""status"": ""unanswered""}, {""id"": 13, ""status"": ""unanswered""}, {""id"": 14, ""answer"": ""現在進行形"", ""status"": ""correct""}, {""id"": 15, ""answer"": ""ちしき"", ""status"": ""correct""}, {""id"": 16, ""status"": ""unanswered""}, {""id"": 17, ""status"": ""unanswered""}, {""id"": 18, ""answer"": ""バード"", ""status"": ""correct""}, {""id"": 19, ""status"": ""unanswered""}, {""id"": 20, ""answer"": ""えんすい"", ""status"": ""correct""}, {""id"": 21, ""answer"": ""こおり"", ""status"": ""incorrect""}, {""id"": 22, ""answer"": ""中国"", ""status"": ""correct""}, {""id"": 23, ""answer"": ""4"", ""status"": ""correct""}, {""id"": 24, ""status"": ""unanswered""}, {""id"": 25, ""status"": ""unanswered""}], ""totalQuestions"": 25}"
019a431f-0e13-74b1-95ea-cbf0cac7dad1,019a4312-6bec-7346-bf2a-afd3383cfc57,11,2025-11-02 05:51:40.052401+00,2025-11-02 05:51:40.052401+00,"{""groupId"": ""019a4312-6bec-7346-bf2a-afd3383cfc57"", ""startedAt"": ""2025-11-02T05:41:30.581Z"", ""questionStates"": [{""id"": 1, ""status"": ""unanswered""}, {""id"": 2, ""answer"": ""太平洋"", ""status"": ""correct""}, {""id"": 3, ""status"": ""unanswered""}, {""id"": 4, ""answer"": ""ファミレス"", ""status"": ""correct""}, {""id"": 5, ""answer"": ""INTERNET"", ""status"": ""incorrect""}, {""id"": 6, ""status"": ""unanswered""}, {""id"": 7, ""answer"": ""阪大"", ""status"": ""incorrect""}, {""id"": 8, ""answer"": ""science"", ""status"": ""correct""}, {""id"": 9, ""status"": ""unanswered""}, {""id"": 10, ""status"": ""unanswered""}, {""id"": 11, ""status"": ""unanswered""}, {""id"": 12, ""status"": ""unanswered""}, {""id"": 13, ""answer"": ""三国志"", ""status"": ""correct""}, {""id"": 14, ""answer"": ""現在進行形"", ""status"": ""correct""}, {""id"": 15, ""status"": ""unanswered""}, {""id"": 16, ""status"": ""unanswered""}, {""id"": 17, ""answer"": ""知恵"", ""status"": ""correct""}, {""id"": 18, ""answer"": ""バード"", ""status"": ""correct""}, {""id"": 19, ""status"": ""unanswered""}, {""id"": 20, ""status"": ""unanswered""}, {""id"": 21, ""status"": ""unanswered""}, {""id"": 22, ""status"": ""unanswered""}, {""id"": 23, ""status"": ""unanswered""}, {""id"": 24, ""status"": ""unanswered""}, {""id"": 25, ""status"": ""unanswered""}], ""totalQuestions"": 25}"
019a431f-4eca-7a9e-ae56-37ee13cc5634,019a4312-06e3-7261-ac07-e9c65b947922,15,2025-11-02 05:51:56.621321+00,2025-11-02 05:51:56.621321+00,"{""groupId"": ""019a4312-06e3-7261-ac07-e9c65b947922"", ""startedAt"": ""2025-11-02T05:41:31.952Z"", ""questionStates"": [{""id"": 1, ""status"": ""unanswered""}, {""id"": 2, ""status"": ""unanswered""}, {""id"": 3, ""answer"": ""秋刀魚"", ""status"": ""correct""}, {""id"": 4, ""answer"": ""ふぁみれす"", ""status"": ""correct""}, {""id"": 5, ""status"": ""unanswered""}, {""id"": 6, ""status"": ""unanswered""}, {""id"": 7, ""answer"": ""はんだい"", ""status"": ""correct""}, {""id"": 8, ""status"": ""unanswered""}, {""id"": 9, ""status"": ""unanswered""}, {""id"": 10, ""status"": ""unanswered""}, {""id"": 11, ""status"": ""unanswered""}, {""id"": 12, ""status"": ""unanswered""}, {""id"": 13, ""status"": ""unanswered""}, {""id"": 14, ""answer"": ""げんざいしんこうけい"", ""status"": ""correct""}, {""id"": 15, ""status"": ""unanswered""}, {""id"": 16, ""status"": ""unanswered""}, {""id"": 17, ""answer"": ""ちえ"", ""status"": ""correct""}, {""id"": 18, ""status"": ""unanswered""}, {""id"": 19, ""answer"": ""くりすます"", ""status"": ""incorrect""}, {""id"": 20, ""answer"": ""えんすい"", ""status"": ""correct""}, {""id"": 21, ""answer"": ""こい"", ""status"": ""correct""}, {""id"": 22, ""answer"": ""中国"", ""status"": ""correct""}, {""id"": 23, ""answer"": ""4"", ""status"": ""correct""}, {""id"": 24, ""status"": ""unanswered""}, {""id"": 25, ""status"": ""unanswered""}], ""totalQuestions"": 25}"
019a431f-9702-72f3-a627-78746ebcf72b,019a4311-f5fe-7ac9-8aa4-03cf00e81823,0,2025-11-02 05:52:15.108342+00,2025-11-02 05:52:15.108342+00,"{""groupId"": ""019a4311-f5fe-7ac9-8aa4-03cf00e81823"", ""startedAt"": ""2025-11-02T05:41:30.718Z"", ""questionStates"": [{""id"": 1, ""status"": ""unanswered""}, {""id"": 2, ""status"": ""unanswered""}, {""id"": 3, ""status"": ""unanswered""}, {""id"": 4, ""status"": ""unanswered""}, {""id"": 5, ""status"": ""unanswered""}, {""id"": 6, ""status"": ""unanswered""}, {""id"": 7, ""status"": ""unanswered""}, {""id"": 8, ""answer"": ""cience"", ""status"": ""incorrect""}, {""id"": 9, ""status"": ""unanswered""}, {""id"": 10, ""status"": ""unanswered""}, {""id"": 11, ""status"": ""unanswered""}, {""id"": 12, ""status"": ""unanswered""}, {""id"": 13, ""status"": ""unanswered""}, {""id"": 14, ""answer"": ""かんさいしけこうけい"", ""status"": ""incorrect""}, {""id"": 15, ""status"": ""unanswered""}, {""id"": 16, ""status"": ""unanswered""}, {""id"": 17, ""status"": ""unanswered""}, {""id"": 18, ""status"": ""unanswered""}, {""id"": 19, ""status"": ""unanswered""}, {""id"": 20, ""status"": ""unanswered""}, {""id"": 21, ""status"": ""unanswered""}, {""id"": 22, ""status"": ""unanswered""}, {""id"": 23, ""status"": ""unanswered""}, {""id"": 24, ""status"": ""unanswered""}, {""id"": 25, ""status"": ""unanswered""}], ""totalQuestions"": 25}"
019a431f-a123-7dd8-a186-a802873264fc,019a4311-e828-7e6a-8497-f83199358f50,0,2025-11-02 05:52:17.70071+00,2025-11-02 05:52:17.70071+00,"{""groupId"": ""019a4311-e828-7e6a-8497-f83199358f50"", ""startedAt"": ""2025-11-02T05:41:30.415Z"", ""questionStates"": [{""id"": 1, ""status"": ""unanswered""}, {""id"": 2, ""status"": ""unanswered""}, {""id"": 3, ""status"": ""unanswered""}, {""id"": 4, ""status"": ""unanswered""}, {""id"": 5, ""status"": ""unanswered""}, {""id"": 6, ""status"": ""unanswered""}, {""id"": 7, ""status"": ""unanswered""}, {""id"": 8, ""status"": ""unanswered""}, {""id"": 9, ""status"": ""unanswered""}, {""id"": 10, ""status"": ""unanswered""}, {""id"": 11, ""status"": ""unanswered""}, {""id"": 12, ""status"": ""unanswered""}, {""id"": 13, ""status"": ""unanswered""}, {""id"": 14, ""status"": ""unanswered""}, {""id"": 15, ""status"": ""unanswered""}, {""id"": 16, ""status"": ""unanswered""}, {""id"": 17, ""status"": ""unanswered""}, {""id"": 18, ""status"": ""unanswered""}, {""id"": 19, ""status"": ""unanswered""}, {""id"": 20, ""status"": ""unanswered""}, {""id"": 21, ""status"": ""unanswered""}, {""id"": 22, ""status"": ""unanswered""}, {""id"": 23, ""status"": ""unanswered""}, {""id"": 24, ""status"": ""unanswered""}, {""id"": 25, ""status"": ""unanswered""}], ""totalQuestions"": 25}"
019a431f-d4f1-70ad-95a5-d897d3aad544,019a4312-72ab-737b-9bb6-9a632fed9ca4,1,2025-11-02 05:52:30.961871+00,2025-11-02 05:52:30.961871+00,"{""groupId"": ""019a4312-72ab-737b-9bb6-9a632fed9ca4"", ""startedAt"": ""2025-11-02T05:41:31.783Z"", ""questionStates"": [{""id"": 1, ""status"": ""unanswered""}, {""id"": 2, ""status"": ""unanswered""}, {""id"": 3, ""status"": ""unanswered""}, {""id"": 4, ""status"": ""unanswered""}, {""id"": 5, ""status"": ""unanswered""}, {""id"": 6, ""status"": ""unanswered""}, {""id"": 7, ""status"": ""unanswered""}, {""id"": 8, ""answer"": ""Science"", ""status"": ""incorrect""}, {""id"": 9, ""status"": ""unanswered""}, {""id"": 10, ""status"": ""unanswered""}, {""id"": 11, ""status"": ""unanswered""}, {""id"": 12, ""status"": ""unanswered""}, {""id"": 13, ""status"": ""unanswered""}, {""id"": 14, ""status"": ""unanswered""}, {""id"": 15, ""status"": ""unanswered""}, {""id"": 16, ""status"": ""unanswered""}, {""id"": 17, ""status"": ""unanswered""}, {""id"": 18, ""status"": ""unanswered""}, {""id"": 19, ""status"": ""unanswered""}, {""id"": 20, ""status"": ""unanswered""}, {""id"": 21, ""answer"": ""鯉"", ""status"": ""correct""}, {""id"": 22, ""status"": ""unanswered""}, {""id"": 23, ""status"": ""unanswered""}, {""id"": 24, ""status"": ""unanswered""}, {""id"": 25, ""status"": ""unanswered""}], ""totalQuestions"": 25}"
019a431f-fd78-783e-85e0-0bfc87565ecc,019a4314-2ca5-7b57-a00e-2a78d4738bbb,5,2025-11-02 05:52:41.338636+00,2025-11-02 05:52:41.338636+00,"{""groupId"": ""019a4314-2ca5-7b57-a00e-2a78d4738bbb"", ""startedAt"": ""2025-11-02T05:42:39.694Z"", ""questionStates"": [{""id"": 1, ""status"": ""unanswered""}, {""id"": 2, ""status"": ""unanswered""}, {""id"": 3, ""status"": ""unanswered""}, {""id"": 4, ""status"": ""unanswered""}, {""id"": 5, ""status"": ""unanswered""}, {""id"": 6, ""status"": ""unanswered""}, {""id"": 7, ""status"": ""unanswered""}, {""id"": 8, ""answer"": ""science"", ""status"": ""correct""}, {""id"": 9, ""status"": ""unanswered""}, {""id"": 10, ""status"": ""unanswered""}, {""id"": 11, ""status"": ""unanswered""}, {""id"": 12, ""status"": ""unanswered""}, {""id"": 13, ""status"": ""unanswered""}, {""id"": 14, ""status"": ""unanswered""}, {""id"": 15, ""status"": ""unanswered""}, {""id"": 16, ""status"": ""unanswered""}, {""id"": 17, ""status"": ""unanswered""}, {""id"": 18, ""status"": ""unanswered""}, {""id"": 19, ""answer"": ""クリスマス"", ""status"": ""correct""}, {""id"": 20, ""answer"": ""えんすい"", ""status"": ""correct""}, {""id"": 21, ""status"": ""unanswered""}, {""id"": 22, ""status"": ""unanswered""}, {""id"": 23, ""answer"": ""3"", ""status"": ""incorrect""}, {""id"": 24, ""status"": ""unanswered""}, {""id"": 25, ""status"": ""unanswered""}], ""totalQuestions"": 25}"
019a4334-4e43-7ddb-88ab-474cd875acb7,019a4327-ece2-754a-8399-824738a147e6,12,2025-11-02 06:14:52.740495+00,2025-11-02 06:14:52.740495+00,"{""groupId"": ""019a4327-ece2-754a-8399-824738a147e6"", ""startedAt"": ""2025-11-02T06:04:51.083Z"", ""questionStates"": [{""id"": 1, ""status"": ""unanswered""}, {""id"": 2, ""answer"": ""たいへいよう"", ""status"": ""correct""}, {""id"": 3, ""status"": ""unanswered""}, {""id"": 4, ""answer"": ""ファミレス"", ""status"": ""correct""}, {""id"": 5, ""status"": ""unanswered""}, {""id"": 6, ""status"": ""unanswered""}, {""id"": 7, ""answer"": ""はんだい"", ""status"": ""correct""}, {""id"": 8, ""status"": ""unanswered""}, {""id"": 9, ""status"": ""unanswered""}, {""id"": 10, ""answer"": ""まちかね"", ""status"": ""correct""}, {""id"": 11, ""answer"": ""B"", ""status"": ""incorrect""}, {""id"": 12, ""answer"": ""handaisei"", ""status"": ""incorrect""}, {""id"": 13, ""status"": ""unanswered""}, {""id"": 14, ""status"": ""unanswered""}, {""id"": 15, ""answer"": ""知識"", ""status"": ""correct""}, {""id"": 16, ""status"": ""unanswered""}, {""id"": 17, ""answer"": ""ふね"", ""status"": ""incorrect""}, {""id"": 18, ""status"": ""unanswered""}, {""id"": 19, ""status"": ""unanswered""}, {""id"": 20, ""status"": ""unanswered""}, {""id"": 21, ""answer"": ""こい"", ""status"": ""correct""}, {""id"": 22, ""answer"": ""中国"", ""status"": ""correct""}, {""id"": 23, ""answer"": ""4"", ""status"": ""correct""}, {""id"": 24, ""answer"": ""あんしん"", ""status"": ""incorrect""}, {""id"": 25, ""status"": ""unanswered""}], ""totalQuestions"": 25}"
019a4334-50a7-75b7-baf0-23ae7c8a43a0,019a4325-7363-7d16-a0b1-9d0c4e5337c0,4,2025-11-02 06:14:53.351967+00,2025-11-02 06:14:53.351967+00,"{""groupId"": ""019a4325-7363-7d16-a0b1-9d0c4e5337c0"", ""startedAt"": ""2025-11-02T06:04:53.230Z"", ""questionStates"": [{""id"": 1, ""status"": ""unanswered""}, {""id"": 2, ""answer"": ""太平洋"", ""status"": ""correct""}, {""id"": 3, ""status"": ""unanswered""}, {""id"": 4, ""status"": ""unanswered""}, {""id"": 5, ""answer"": ""INTERNET"", ""status"": ""incorrect""}, {""id"": 6, ""status"": ""unanswered""}, {""id"": 7, ""status"": ""unanswered""}, {""id"": 8, ""status"": ""unanswered""}, {""id"": 9, ""status"": ""unanswered""}, {""id"": 10, ""status"": ""unanswered""}, {""id"": 11, ""status"": ""unanswered""}, {""id"": 12, ""status"": ""unanswered""}, {""id"": 13, ""status"": ""unanswered""}, {""id"": 14, ""answer"": ""現在進行形"", ""status"": ""correct""}, {""id"": 15, ""status"": ""unanswered""}, {""id"": 16, ""status"": ""unanswered""}, {""id"": 17, ""status"": ""unanswered""}, {""id"": 18, ""answer"": ""バード"", ""status"": ""correct""}, {""id"": 19, ""status"": ""unanswered""}, {""id"": 20, ""status"": ""unanswered""}, {""id"": 21, ""answer"": ""鯉"", ""status"": ""correct""}, {""id"": 22, ""status"": ""unanswered""}, {""id"": 23, ""status"": ""unanswered""}, {""id"": 24, ""status"": ""unanswered""}, {""id"": 25, ""status"": ""unanswered""}], ""totalQuestions"": 25}"
019a4334-5b33-7161-b5b2-6d2d94113f5d,019a4325-a3aa-76bf-ad10-384405665e0c,16,2025-11-02 06:14:56.052213+00,2025-11-02 06:14:56.052213+00,"{""groupId"": ""019a4325-a3aa-76bf-ad10-384405665e0c"", ""startedAt"": ""2025-11-02T06:04:52.214Z"", ""questionStates"": [{""id"": 1, ""status"": ""unanswered""}, {""id"": 2, ""answer"": ""たいへいよう"", ""status"": ""correct""}, {""id"": 3, ""status"": ""unanswered""}, {""id"": 4, ""answer"": ""ファミレス"", ""status"": ""correct""}, {""id"": 5, ""answer"": ""インターネット"", ""status"": ""correct""}, {""id"": 6, ""status"": ""unanswered""}, {""id"": 7, ""status"": ""unanswered""}, {""id"": 8, ""status"": ""unanswered""}, {""id"": 9, ""status"": ""unanswered""}, {""id"": 10, ""status"": ""unanswered""}, {""id"": 11, ""answer"": ""おおさかわん"", ""status"": ""incorrect""}, {""id"": 12, ""answer"": ""はんだいせい"", ""status"": ""correct""}, {""id"": 13, ""status"": ""unanswered""}, {""id"": 14, ""answer"": ""げんざいしんこうけい"", ""status"": ""correct""}, {""id"": 15, ""answer"": ""にしき"", ""status"": ""incorrect""}, {""id"": 16, ""status"": ""unanswered""}, {""id"": 17, ""answer"": ""ちえ"", ""status"": ""correct""}, {""id"": 18, ""answer"": ""バード"", ""status"": ""correct""}, {""id"": 19, ""answer"": ""クリスマス"", ""status"": ""correct""}, {""id"": 20, ""status"": ""unanswered""}, {""id"": 21, ""answer"": ""こい"", ""status"": ""correct""}, {""id"": 22, ""answer"": ""ちゅうごく"", ""status"": ""correct""}, {""id"": 23, ""answer"": ""4"", ""status"": ""correct""}, {""id"": 24, ""status"": ""unanswered""}, {""id"": 25, ""status"": ""unanswered""}], ""totalQuestions"": 25}"
019a4334-5ffc-78a1-8753-c1387eb5b49b,019a432a-2080-77b7-b337-d4f6f5e884d8,4,2025-11-02 06:14:57.277396+00,2025-11-02 06:14:57.277396+00,"{""groupId"": ""019a432a-2080-77b7-b337-d4f6f5e884d8"", ""startedAt"": ""2025-11-02T06:04:52.191Z"", ""questionStates"": [{""id"": 1, ""answer"": ""たんい"", ""status"": ""correct""}, {""id"": 2, ""answer"": ""たいへいよう"", ""status"": ""correct""}, {""id"": 3, ""status"": ""unanswered""}, {""id"": 4, ""status"": ""unanswered""}, {""id"": 5, ""status"": ""unanswered""}, {""id"": 6, ""status"": ""unanswered""}, {""id"": 7, ""status"": ""unanswered""}, {""id"": 8, ""status"": ""unanswered""}, {""id"": 9, ""status"": ""unanswered""}, {""id"": 10, ""status"": ""unanswered""}, {""id"": 11, ""status"": ""unanswered""}, {""id"": 12, ""status"": ""unanswered""}, {""id"": 13, ""status"": ""unanswered""}, {""id"": 14, ""status"": ""unanswered""}, {""id"": 15, ""status"": ""unanswered""}, {""id"": 16, ""status"": ""unanswered""}, {""id"": 17, ""status"": ""unanswered""}, {""id"": 18, ""status"": ""unanswered""}, {""id"": 19, ""status"": ""unanswered""}, {""id"": 20, ""status"": ""unanswered""}, {""id"": 21, ""status"": ""unanswered""}, {""id"": 22, ""status"": ""unanswered""}, {""id"": 23, ""status"": ""unanswered""}, {""id"": 24, ""status"": ""unanswered""}, {""id"": 25, ""status"": ""unanswered""}], ""totalQuestions"": 25}"
019a4334-6100-77b1-9d53-77e925f0ccdb,019a4326-5494-7830-b7ad-37dd179a2dc6,19,2025-11-02 06:14:57.5372+00,2025-11-02 06:14:57.5372+00,"{""groupId"": ""019a4326-5494-7830-b7ad-37dd179a2dc6"", ""startedAt"": ""2025-11-02T06:04:54.259Z"", ""questionStates"": [{""id"": 1, ""status"": ""unanswered""}, {""id"": 2, ""answer"": ""たいへいよう"", ""status"": ""correct""}, {""id"": 3, ""answer"": ""秋刀魚"", ""status"": ""correct""}, {""id"": 4, ""status"": ""unanswered""}, {""id"": 5, ""status"": ""unanswered""}, {""id"": 6, ""status"": ""unanswered""}, {""id"": 7, ""status"": ""unanswered""}, {""id"": 8, ""answer"": ""SCIENCE"", ""status"": ""correct""}, {""id"": 9, ""status"": ""unanswered""}, {""id"": 10, ""answer"": ""まちかね"", ""status"": ""correct""}, {""id"": 11, ""answer"": ""B"", ""status"": ""incorrect""}, {""id"": 12, ""answer"": ""HANDAISEI"", ""status"": ""correct""}, {""id"": 13, ""answer"": ""三国志"", ""status"": ""correct""}, {""id"": 14, ""answer"": ""現在進行形"", ""status"": ""correct""}, {""id"": 15, ""answer"": ""知識"", ""status"": ""correct""}, {""id"": 16, ""status"": ""unanswered""}, {""id"": 17, ""status"": ""unanswered""}, {""id"": 18, ""status"": ""unanswered""}, {""id"": 19, ""status"": ""unanswered""}, {""id"": 20, ""answer"": ""えんすい"", ""status"": ""correct""}, {""id"": 21, ""answer"": ""こい"", ""status"": ""correct""}, {""id"": 22, ""answer"": ""中国"", ""status"": ""correct""}, {""id"": 23, ""answer"": ""4"", ""status"": ""correct""}, {""id"": 24, ""answer"": ""いんしん"", ""status"": ""correct""}, {""id"": 25, ""status"": ""unanswered""}], ""totalQuestions"": 25}"
019a4334-8c1f-7322-8bc6-85982a8fef03,019a4328-ff78-7325-850f-2bed6ecfed87,8,2025-11-02 06:15:08.575754+00,2025-11-02 06:15:08.575754+00,"{""groupId"": ""019a4328-ff78-7325-850f-2bed6ecfed87"", ""startedAt"": ""2025-11-02T06:04:51.700Z"", ""questionStates"": [{""id"": 1, ""status"": ""unanswered""}, {""id"": 2, ""answer"": ""たいへいよう"", ""status"": ""correct""}, {""id"": 3, ""status"": ""unanswered""}, {""id"": 4, ""answer"": ""ふぁみれす"", ""status"": ""correct""}, {""id"": 5, ""status"": ""unanswered""}, {""id"": 6, ""status"": ""unanswered""}, {""id"": 7, ""answer"": ""はんだい"", ""status"": ""correct""}, {""id"": 8, ""status"": ""unanswered""}, {""id"": 9, ""status"": ""unanswered""}, {""id"": 10, ""status"": ""unanswered""}, {""id"": 11, ""status"": ""unanswered""}, {""id"": 12, ""status"": ""unanswered""}, {""id"": 13, ""status"": ""unanswered""}, {""id"": 14, ""status"": ""unanswered""}, {""id"": 15, ""status"": ""unanswered""}, {""id"": 16, ""status"": ""unanswered""}, {""id"": 17, ""status"": ""unanswered""}, {""id"": 18, ""status"": ""unanswered""}, {""id"": 19, ""status"": ""unanswered""}, {""id"": 20, ""answer"": ""えんすい"", ""status"": ""correct""}, {""id"": 21, ""answer"": ""こい"", ""status"": ""correct""}, {""id"": 22, ""status"": ""unanswered""}, {""id"": 23, ""status"": ""unanswered""}, {""id"": 24, ""status"": ""unanswered""}, {""id"": 25, ""status"": ""unanswered""}], ""totalQuestions"": 25}"
019a4334-e174-7243-a450-bc1cf21ec5f8,019a432a-198e-7d57-ad07-83a66cfe9ce4,2,2025-11-02 06:15:30.420652+00,2025-11-02 06:15:30.420652+00,"{""groupId"": ""019a432a-198e-7d57-ad07-83a66cfe9ce4"", ""startedAt"": ""2025-11-02T06:04:51.274Z"", ""questionStates"": [{""id"": 1, ""status"": ""unanswered""}, {""id"": 2, ""status"": ""unanswered""}, {""id"": 3, ""status"": ""unanswered""}, {""id"": 4, ""status"": ""unanswered""}, {""id"": 5, ""status"": ""unanswered""}, {""id"": 6, ""status"": ""unanswered""}, {""id"": 7, ""status"": ""unanswered""}, {""id"": 8, ""status"": ""unanswered""}, {""id"": 9, ""status"": ""unanswered""}, {""id"": 10, ""status"": ""unanswered""}, {""id"": 11, ""status"": ""unanswered""}, {""id"": 12, ""status"": ""unanswered""}, {""id"": 13, ""answer"": ""さんごくし"", ""status"": ""correct""}, {""id"": 14, ""status"": ""unanswered""}, {""id"": 15, ""status"": ""unanswered""}, {""id"": 16, ""status"": ""unanswered""}, {""id"": 17, ""answer"": ""ジャパン"", ""status"": ""incorrect""}, {""id"": 18, ""status"": ""unanswered""}, {""id"": 19, ""status"": ""unanswered""}, {""id"": 20, ""status"": ""unanswered""}, {""id"": 21, ""status"": ""unanswered""}, {""id"": 22, ""status"": ""unanswered""}, {""id"": 23, ""status"": ""unanswered""}, {""id"": 24, ""status"": ""unanswered""}, {""id"": 25, ""status"": ""unanswered""}], ""totalQuestions"": 25}"
019a4346-f29b-7edf-88ce-e569b411c9f7,019a433a-348e-758e-b5c9-b6e00b4118e2,2,2025-11-02 06:35:14.460662+00,2025-11-02 06:35:14.460662+00,"{""groupId"": ""019a433a-348e-758e-b5c9-b6e00b4118e2"", ""startedAt"": ""2025-11-02T06:25:12.264Z"", ""questionStates"": [{""id"": 1, ""status"": ""unanswered""}, {""id"": 2, ""status"": ""unanswered""}, {""id"": 3, ""status"": ""unanswered""}, {""id"": 4, ""status"": ""unanswered""}, {""id"": 5, ""status"": ""unanswered""}, {""id"": 6, ""status"": ""unanswered""}, {""id"": 7, ""status"": ""unanswered""}, {""id"": 8, ""status"": ""unanswered""}, {""id"": 9, ""status"": ""unanswered""}, {""id"": 10, ""status"": ""unanswered""}, {""id"": 11, ""status"": ""unanswered""}, {""id"": 12, ""status"": ""unanswered""}, {""id"": 13, ""status"": ""unanswered""}, {""id"": 14, ""status"": ""unanswered""}, {""id"": 15, ""status"": ""unanswered""}, {""id"": 16, ""status"": ""unanswered""}, {""id"": 17, ""status"": ""unanswered""}, {""id"": 18, ""status"": ""unanswered""}, {""id"": 19, ""answer"": ""クリスマス"", ""status"": ""correct""}, {""id"": 20, ""status"": ""unanswered""}, {""id"": 21, ""status"": ""unanswered""}, {""id"": 22, ""status"": ""unanswered""}, {""id"": 23, ""status"": ""unanswered""}, {""id"": 24, ""status"": ""unanswered""}, {""id"": 25, ""status"": ""unanswered""}], ""totalQuestions"": 25}"
019a4346-f4c3-71e5-882b-144e0210985f,019a4335-eaad-7315-aae9-05d356cc36fd,10,2025-11-02 06:35:15.011775+00,2025-11-02 06:35:15.011775+00,"{""groupId"": ""019a4335-eaad-7315-aae9-05d356cc36fd"", ""startedAt"": ""2025-11-02T06:25:12.674Z"", ""questionStates"": [{""id"": 1, ""status"": ""unanswered""}, {""id"": 2, ""status"": ""unanswered""}, {""id"": 3, ""status"": ""unanswered""}, {""id"": 4, ""status"": ""unanswered""}, {""id"": 5, ""answer"": ""INTER"", ""status"": ""incorrect""}, {""id"": 6, ""status"": ""unanswered""}, {""id"": 7, ""status"": ""unanswered""}, {""id"": 8, ""status"": ""unanswered""}, {""id"": 9, ""status"": ""unanswered""}, {""id"": 10, ""status"": ""unanswered""}, {""id"": 11, ""status"": ""unanswered""}, {""id"": 12, ""answer"": ""HANDAISEI"", ""status"": ""correct""}, {""id"": 13, ""status"": ""unanswered""}, {""id"": 14, ""status"": ""unanswered""}, {""id"": 15, ""answer"": ""ちしき"", ""status"": ""correct""}, {""id"": 16, ""status"": ""unanswered""}, {""id"": 17, ""status"": ""unanswered""}, {""id"": 18, ""status"": ""unanswered""}, {""id"": 19, ""status"": ""unanswered""}, {""id"": 20, ""answer"": ""えんすい"", ""status"": ""correct""}, {""id"": 21, ""answer"": ""こい"", ""status"": ""correct""}, {""id"": 22, ""answer"": ""中国"", ""status"": ""correct""}, {""id"": 23, ""answer"": ""4"", ""status"": ""correct""}, {""id"": 24, ""answer"": ""いんしん"", ""status"": ""correct""}, {""id"": 25, ""status"": ""unanswered""}], ""totalQuestions"": 25}"
019a4346-f9de-74f7-b0ff-785a06bcb33c,019a433a-255d-73d7-9109-0b8a50e7daa1,4,2025-11-02 06:35:16.318872+00,2025-11-02 06:35:16.318872+00,"{""groupId"": ""019a433a-255d-73d7-9109-0b8a50e7daa1"", ""startedAt"": ""2025-11-02T06:25:15.069Z"", ""questionStates"": [{""id"": 1, ""status"": ""unanswered""}, {""id"": 2, ""status"": ""unanswered""}, {""id"": 3, ""status"": ""unanswered""}, {""id"": 4, ""status"": ""unanswered""}, {""id"": 5, ""answer"": ""internet"", ""status"": ""correct""}, {""id"": 6, ""status"": ""unanswered""}, {""id"": 7, ""answer"": ""阪大"", ""status"": ""incorrect""}, {""id"": 8, ""answer"": ""i"", ""status"": ""incorrect""}, {""id"": 9, ""status"": ""unanswered""}, {""id"": 10, ""answer"": ""しちかね"", ""status"": ""incorrect""}, {""id"": 11, ""status"": ""unanswered""}, {""id"": 12, ""status"": ""unanswered""}, {""id"": 13, ""status"": ""unanswered""}, {""id"": 14, ""answer"": ""現在進行形"", ""status"": ""correct""}, {""id"": 15, ""status"": ""unanswered""}, {""id"": 16, ""status"": ""unanswered""}, {""id"": 17, ""status"": ""unanswered""}, {""id"": 18, ""status"": ""unanswered""}, {""id"": 19, ""answer"": ""クリスマス"", ""status"": ""correct""}, {""id"": 20, ""status"": ""unanswered""}, {""id"": 21, ""status"": ""unanswered""}, {""id"": 22, ""status"": ""unanswered""}, {""id"": 23, ""status"": ""unanswered""}, {""id"": 24, ""status"": ""unanswered""}, {""id"": 25, ""status"": ""unanswered""}], ""totalQuestions"": 25}"
019a43aa-7bc1-7392-b0ef-48d5dad00517,019a439d-d25c-7123-8476-8b6bbb784eaa,4,2025-11-02 08:23:57.63386+00,2025-11-02 08:23:57.63386+00,"{""groupId"": ""019a439d-d25c-7123-8476-8b6bbb784eaa"", ""startedAt"": ""2025-11-02T08:13:54.030Z"", ""questionStates"": [{""id"": 1, ""answer"": ""たんい"", ""status"": ""correct""}, {""id"": 2, ""answer"": ""たいへいよう"", ""status"": ""correct""}, {""id"": 3, ""status"": ""unanswered""}, {""id"": 4, ""status"": ""unanswered""}, {""id"": 5, ""status"": ""unanswered""}, {""id"": 6, ""status"": ""unanswered""}, {""id"": 7, ""status"": ""unanswered""}, {""id"": 8, ""status"": ""unanswered""}, {""id"": 9, ""status"": ""unanswered""}, {""id"": 10, ""status"": ""unanswered""}, {""id"": 11, ""status"": ""unanswered""}, {""id"": 12, ""status"": ""unanswered""}, {""id"": 13, ""status"": ""unanswered""}, {""id"": 14, ""status"": ""unanswered""}, {""id"": 15, ""status"": ""unanswered""}, {""id"": 16, ""status"": ""unanswered""}, {""id"": 17, ""status"": ""unanswered""}, {""id"": 18, ""status"": ""unanswered""}, {""id"": 19, ""status"": ""unanswered""}, {""id"": 20, ""status"": ""unanswered""}, {""id"": 21, ""status"": ""unanswered""}, {""id"": 22, ""status"": ""unanswered""}, {""id"": 23, ""status"": ""unanswered""}, {""id"": 24, ""status"": ""unanswered""}, {""id"": 25, ""status"": ""unanswered""}], ""totalQuestions"": 25}"
019a4346-fbf0-706b-8b99-f25389cb6fab,019a4339-ec33-7258-8310-e116d52d8a21,22,2025-11-02 06:35:16.848505+00,2025-11-02 06:35:16.848505+00,"{""groupId"": ""019a4339-ec33-7258-8310-e116d52d8a21"", ""startedAt"": ""2025-11-02T06:25:13.410Z"", ""questionStates"": [{""id"": 1, ""answer"": ""たんい"", ""status"": ""correct""}, {""id"": 2, ""answer"": ""たいへいよう"", ""status"": ""correct""}, {""id"": 3, ""status"": ""unanswered""}, {""id"": 4, ""answer"": ""ファミレス"", ""status"": ""correct""}, {""id"": 5, ""answer"": ""Internet"", ""status"": ""correct""}, {""id"": 6, ""status"": ""unanswered""}, {""id"": 7, ""answer"": ""はんだい"", ""status"": ""correct""}, {""id"": 8, ""answer"": ""SCIENCE"", ""status"": ""correct""}, {""id"": 9, ""status"": ""unanswered""}, {""id"": 10, ""status"": ""unanswered""}, {""id"": 11, ""answer"": ""B"", ""status"": ""incorrect""}, {""id"": 12, ""status"": ""unanswered""}, {""id"": 13, ""answer"": ""三国志"", ""status"": ""correct""}, {""id"": 14, ""answer"": ""現在進行形"", ""status"": ""correct""}, {""id"": 15, ""status"": ""unanswered""}, {""id"": 16, ""status"": ""unanswered""}, {""id"": 17, ""answer"": ""ちえ"", ""status"": ""correct""}, {""id"": 18, ""answer"": ""バード"", ""status"": ""correct""}, {""id"": 19, ""answer"": ""クリスマス"", ""status"": ""correct""}, {""id"": 20, ""status"": ""unanswered""}, {""id"": 21, ""answer"": ""こい"", ""status"": ""correct""}, {""id"": 22, ""answer"": ""中国"", ""status"": ""correct""}, {""id"": 23, ""answer"": ""4"", ""status"": ""correct""}, {""id"": 24, ""status"": ""unanswered""}, {""id"": 25, ""status"": ""unanswered""}], ""totalQuestions"": 25}"
019a4347-09d2-72a3-ab8d-b221c077b11e,019a433a-7fec-7bec-9d5b-4d207edcbc05,9,2025-11-02 06:35:20.402705+00,2025-11-02 06:35:20.402705+00,"{""groupId"": ""019a433a-7fec-7bec-9d5b-4d207edcbc05"", ""startedAt"": ""2025-11-02T06:25:12.285Z"", ""questionStates"": [{""id"": 1, ""status"": ""unanswered""}, {""id"": 2, ""answer"": ""たいへいよう"", ""status"": ""correct""}, {""id"": 3, ""status"": ""unanswered""}, {""id"": 4, ""answer"": ""ファミレス"", ""status"": ""correct""}, {""id"": 5, ""answer"": ""internet"", ""status"": ""correct""}, {""id"": 6, ""status"": ""unanswered""}, {""id"": 7, ""answer"": ""はんだい"", ""status"": ""correct""}, {""id"": 8, ""answer"": ""science"", ""status"": ""correct""}, {""id"": 9, ""status"": ""unanswered""}, {""id"": 10, ""status"": ""unanswered""}, {""id"": 11, ""status"": ""unanswered""}, {""id"": 12, ""status"": ""unanswered""}, {""id"": 13, ""status"": ""unanswered""}, {""id"": 14, ""answer"": ""げんざいしんこうけい"", ""status"": ""correct""}, {""id"": 15, ""status"": ""unanswered""}, {""id"": 16, ""status"": ""unanswered""}, {""id"": 17, ""status"": ""unanswered""}, {""id"": 18, ""answer"": ""バード"", ""status"": ""correct""}, {""id"": 19, ""status"": ""unanswered""}, {""id"": 20, ""status"": ""unanswered""}, {""id"": 21, ""status"": ""unanswered""}, {""id"": 22, ""status"": ""unanswered""}, {""id"": 23, ""status"": ""unanswered""}, {""id"": 24, ""status"": ""unanswered""}, {""id"": 25, ""status"": ""unanswered""}], ""totalQuestions"": 25}"
019a4347-0e92-77de-9725-9f2aca6a1ced,019a433a-5a6e-7415-a492-0d458ebcfa82,15,2025-11-02 06:35:21.619004+00,2025-11-02 06:35:21.619004+00,"{""groupId"": ""019a433a-5a6e-7415-a492-0d458ebcfa82"", ""startedAt"": ""2025-11-02T06:25:15.194Z"", ""questionStates"": [{""id"": 1, ""answer"": ""たんい"", ""status"": ""correct""}, {""id"": 2, ""answer"": ""太平洋"", ""status"": ""correct""}, {""id"": 3, ""status"": ""unanswered""}, {""id"": 4, ""status"": ""unanswered""}, {""id"": 5, ""answer"": ""Internet"", ""status"": ""correct""}, {""id"": 6, ""status"": ""unanswered""}, {""id"": 7, ""status"": ""unanswered""}, {""id"": 8, ""status"": ""unanswered""}, {""id"": 9, ""status"": ""unanswered""}, {""id"": 10, ""answer"": ""まちかね"", ""status"": ""correct""}, {""id"": 11, ""answer"": ""B"", ""status"": ""incorrect""}, {""id"": 12, ""answer"": ""Hun"", ""status"": ""incorrect""}, {""id"": 13, ""status"": ""unanswered""}, {""id"": 14, ""answer"": ""現在進行形"", ""status"": ""correct""}, {""id"": 15, ""answer"": ""ちしき"", ""status"": ""correct""}, {""id"": 16, ""status"": ""unanswered""}, {""id"": 17, ""status"": ""unanswered""}, {""id"": 18, ""answer"": ""バード"", ""status"": ""correct""}, {""id"": 19, ""answer"": ""クリスマス"", ""status"": ""correct""}, {""id"": 20, ""status"": ""unanswered""}, {""id"": 21, ""status"": ""unanswered""}, {""id"": 22, ""answer"": ""中国"", ""status"": ""correct""}, {""id"": 23, ""answer"": ""4"", ""status"": ""correct""}, {""id"": 24, ""status"": ""unanswered""}, {""id"": 25, ""status"": ""unanswered""}], ""totalQuestions"": 25}"
019a4347-204f-7bcf-8899-e9b27b6d7cd0,019a433a-6c12-76cd-ad33-4c2c4ed83d84,9,2025-11-02 06:35:26.160476+00,2025-11-02 06:35:26.160476+00,"{""groupId"": ""019a433a-6c12-76cd-ad33-4c2c4ed83d84"", ""startedAt"": ""2025-11-02T06:25:13.029Z"", ""questionStates"": [{""id"": 1, ""status"": ""unanswered""}, {""id"": 2, ""answer"": ""たいへいよう"", ""status"": ""correct""}, {""id"": 3, ""status"": ""unanswered""}, {""id"": 4, ""status"": ""unanswered""}, {""id"": 5, ""status"": ""unanswered""}, {""id"": 6, ""status"": ""unanswered""}, {""id"": 7, ""answer"": ""はんだい"", ""status"": ""correct""}, {""id"": 8, ""status"": ""unanswered""}, {""id"": 9, ""status"": ""unanswered""}, {""id"": 10, ""answer"": ""まちかね"", ""status"": ""correct""}, {""id"": 11, ""status"": ""unanswered""}, {""id"": 12, ""status"": ""unanswered""}, {""id"": 13, ""status"": ""unanswered""}, {""id"": 14, ""status"": ""unanswered""}, {""id"": 15, ""status"": ""unanswered""}, {""id"": 16, ""status"": ""unanswered""}, {""id"": 17, ""status"": ""unanswered""}, {""id"": 18, ""status"": ""unanswered""}, {""id"": 19, ""status"": ""unanswered""}, {""id"": 20, ""answer"": ""えんすい"", ""status"": ""correct""}, {""id"": 21, ""answer"": ""こい"", ""status"": ""correct""}, {""id"": 22, ""status"": ""unanswered""}, {""id"": 23, ""status"": ""unanswered""}, {""id"": 24, ""answer"": ""いんしん"", ""status"": ""correct""}, {""id"": 25, ""status"": ""unanswered""}], ""totalQuestions"": 25}"
019a4347-22f4-7028-903a-dc729b341548,019a433d-ebc0-7c52-bfb1-d8649aa13114,22,2025-11-02 06:35:26.836554+00,2025-11-02 06:35:26.836554+00,"{""groupId"": ""019a433d-ebc0-7c52-bfb1-d8649aa13114"", ""startedAt"": ""2025-11-02T06:25:24.507Z"", ""questionStates"": [{""id"": 1, ""answer"": ""たんい"", ""status"": ""correct""}, {""id"": 2, ""answer"": ""太平洋"", ""status"": ""correct""}, {""id"": 3, ""status"": ""unanswered""}, {""id"": 4, ""answer"": ""ファミレス"", ""status"": ""correct""}, {""id"": 5, ""answer"": ""INTERNET"", ""status"": ""incorrect""}, {""id"": 6, ""status"": ""unanswered""}, {""id"": 7, ""answer"": ""はんだい"", ""status"": ""correct""}, {""id"": 8, ""answer"": ""science"", ""status"": ""correct""}, {""id"": 9, ""status"": ""unanswered""}, {""id"": 10, ""status"": ""unanswered""}, {""id"": 11, ""status"": ""unanswered""}, {""id"": 12, ""answer"": ""HANDAISEI"", ""status"": ""correct""}, {""id"": 13, ""answer"": ""三国志"", ""status"": ""correct""}, {""id"": 14, ""answer"": ""現在進行形"", ""status"": ""correct""}, {""id"": 15, ""answer"": ""ちしき"", ""status"": ""correct""}, {""id"": 16, ""status"": ""unanswered""}, {""id"": 17, ""answer"": ""ちえ"", ""status"": ""correct""}, {""id"": 18, ""answer"": ""バード"", ""status"": ""correct""}, {""id"": 19, ""answer"": ""クリスマス"", ""status"": ""correct""}, {""id"": 20, ""answer"": ""えんすい"", ""status"": ""correct""}, {""id"": 21, ""status"": ""unanswered""}, {""id"": 22, ""answer"": ""現在"", ""status"": ""incorrect""}, {""id"": 23, ""answer"": ""4"", ""status"": ""correct""}, {""id"": 24, ""status"": ""unanswered""}, {""id"": 25, ""status"": ""unanswered""}], ""totalQuestions"": 25}"
019a4347-2796-74e6-a692-a2a4a4c3af4f,019a433a-0e0f-73ec-beae-46e826531266,6,2025-11-02 06:35:28.022841+00,2025-11-02 06:35:28.022841+00,"{""groupId"": ""019a433a-0e0f-73ec-beae-46e826531266"", ""startedAt"": ""2025-11-02T06:25:13.281Z"", ""questionStates"": [{""id"": 1, ""status"": ""unanswered""}, {""id"": 2, ""answer"": ""太平洋"", ""status"": ""correct""}, {""id"": 3, ""status"": ""unanswered""}, {""id"": 4, ""status"": ""unanswered""}, {""id"": 5, ""status"": ""unanswered""}, {""id"": 6, ""status"": ""unanswered""}, {""id"": 7, ""status"": ""unanswered""}, {""id"": 8, ""status"": ""unanswered""}, {""id"": 9, ""status"": ""unanswered""}, {""id"": 10, ""status"": ""unanswered""}, {""id"": 11, ""status"": ""unanswered""}, {""id"": 12, ""status"": ""unanswered""}, {""id"": 13, ""status"": ""unanswered""}, {""id"": 14, ""status"": ""unanswered""}, {""id"": 15, ""answer"": ""知識"", ""status"": ""correct""}, {""id"": 16, ""status"": ""unanswered""}, {""id"": 17, ""status"": ""unanswered""}, {""id"": 18, ""status"": ""unanswered""}, {""id"": 19, ""status"": ""unanswered""}, {""id"": 20, ""status"": ""unanswered""}, {""id"": 21, ""answer"": ""鯉"", ""status"": ""correct""}, {""id"": 22, ""answer"": ""中国"", ""status"": ""correct""}, {""id"": 23, ""answer"": ""4"", ""status"": ""correct""}, {""id"": 24, ""status"": ""unanswered""}, {""id"": 25, ""status"": ""unanswered""}], ""totalQuestions"": 25}"
019a4347-3251-748c-8bc2-8f1c231edb01,019a433c-287d-73a0-a264-9953721127d8,10,2025-11-02 06:35:30.76988+00,2025-11-02 06:35:30.76988+00,"{""groupId"": ""019a433c-287d-73a0-a264-9953721127d8"", ""startedAt"": ""2025-11-02T06:25:12.332Z"", ""questionStates"": [{""id"": 1, ""answer"": ""たんい"", ""status"": ""correct""}, {""id"": 2, ""answer"": ""たいへいよう"", ""status"": ""correct""}, {""id"": 3, ""status"": ""unanswered""}, {""id"": 4, ""status"": ""unanswered""}, {""id"": 5, ""status"": ""unanswered""}, {""id"": 6, ""status"": ""unanswered""}, {""id"": 7, ""status"": ""unanswered""}, {""id"": 8, ""status"": ""unanswered""}, {""id"": 9, ""status"": ""unanswered""}, {""id"": 10, ""status"": ""unanswered""}, {""id"": 11, ""answer"": ""B"", ""status"": ""incorrect""}, {""id"": 12, ""answer"": ""HANDAISEI"", ""status"": ""correct""}, {""id"": 13, ""status"": ""unanswered""}, {""id"": 14, ""answer"": ""現在進行形"", ""status"": ""correct""}, {""id"": 15, ""answer"": ""知識"", ""status"": ""correct""}, {""id"": 16, ""status"": ""unanswered""}, {""id"": 17, ""status"": ""unanswered""}, {""id"": 18, ""status"": ""unanswered""}, {""id"": 19, ""status"": ""unanswered""}, {""id"": 20, ""status"": ""unanswered""}, {""id"": 21, ""status"": ""unanswered""}, {""id"": 22, ""answer"": ""中国"", ""status"": ""correct""}, {""id"": 23, ""answer"": ""4"", ""status"": ""correct""}, {""id"": 24, ""status"": ""unanswered""}, {""id"": 25, ""status"": ""unanswered""}], ""totalQuestions"": 25}"
019a4347-3c8d-787b-ba0f-018fd8886d15,019a433b-908e-7e48-83dd-22c0fda97b98,3,2025-11-02 06:35:33.390065+00,2025-11-02 06:35:33.390065+00,"{""groupId"": ""019a433b-908e-7e48-83dd-22c0fda97b98"", ""startedAt"": ""2025-11-02T06:25:13.863Z"", ""questionStates"": [{""id"": 1, ""status"": ""unanswered""}, {""id"": 2, ""answer"": ""たいへいよう"", ""status"": ""correct""}, {""id"": 3, ""status"": ""unanswered""}, {""id"": 4, ""status"": ""unanswered""}, {""id"": 5, ""status"": ""unanswered""}, {""id"": 6, ""status"": ""unanswered""}, {""id"": 7, ""answer"": ""はんだい"", ""status"": ""correct""}, {""id"": 8, ""status"": ""unanswered""}, {""id"": 9, ""status"": ""unanswered""}, {""id"": 10, ""status"": ""unanswered""}, {""id"": 11, ""status"": ""unanswered""}, {""id"": 12, ""status"": ""unanswered""}, {""id"": 13, ""status"": ""unanswered""}, {""id"": 14, ""status"": ""unanswered""}, {""id"": 15, ""status"": ""unanswered""}, {""id"": 16, ""status"": ""unanswered""}, {""id"": 17, ""status"": ""unanswered""}, {""id"": 18, ""status"": ""unanswered""}, {""id"": 19, ""status"": ""unanswered""}, {""id"": 20, ""status"": ""unanswered""}, {""id"": 21, ""answer"": ""こい"", ""status"": ""correct""}, {""id"": 22, ""status"": ""unanswered""}, {""id"": 23, ""status"": ""unanswered""}, {""id"": 24, ""status"": ""unanswered""}, {""id"": 25, ""status"": ""unanswered""}], ""totalQuestions"": 25}"
019a4347-4cdb-794d-b22f-7abb54e70698,019a433c-6756-72b4-bd5d-3bc81d606a70,10,2025-11-02 06:35:37.564345+00,2025-11-02 06:35:37.564345+00,"{""groupId"": ""019a433c-6756-72b4-bd5d-3bc81d606a70"", ""startedAt"": ""2025-11-02T06:25:13.579Z"", ""questionStates"": [{""id"": 1, ""status"": ""unanswered""}, {""id"": 2, ""status"": ""unanswered""}, {""id"": 3, ""status"": ""unanswered""}, {""id"": 4, ""status"": ""unanswered""}, {""id"": 5, ""answer"": ""INTERNET"", ""status"": ""incorrect""}, {""id"": 6, ""status"": ""unanswered""}, {""id"": 7, ""status"": ""unanswered""}, {""id"": 8, ""status"": ""unanswered""}, {""id"": 9, ""status"": ""unanswered""}, {""id"": 10, ""status"": ""unanswered""}, {""id"": 11, ""status"": ""unanswered""}, {""id"": 12, ""status"": ""unanswered""}, {""id"": 13, ""answer"": ""三国志"", ""status"": ""correct""}, {""id"": 14, ""answer"": ""現在進行形"", ""status"": ""correct""}, {""id"": 15, ""answer"": ""知識"", ""status"": ""correct""}, {""id"": 16, ""status"": ""unanswered""}, {""id"": 17, ""answer"": ""知恵"", ""status"": ""correct""}, {""id"": 18, ""answer"": ""バード"", ""status"": ""correct""}, {""id"": 19, ""status"": ""unanswered""}, {""id"": 20, ""status"": ""unanswered""}, {""id"": 21, ""status"": ""unanswered""}, {""id"": 22, ""answer"": ""中国"", ""status"": ""correct""}, {""id"": 23, ""answer"": ""4"", ""status"": ""correct""}, {""id"": 24, ""status"": ""unanswered""}, {""id"": 25, ""status"": ""unanswered""}], ""totalQuestions"": 25}"
019a4359-c695-787b-be92-eb8af57a8322,019a434e-a780-7dba-b4cd-f5eb2606b8f7,10,2025-11-02 06:55:48.374221+00,2025-11-02 06:55:48.374221+00,"{""groupId"": ""019a434e-a780-7dba-b4cd-f5eb2606b8f7"", ""startedAt"": ""2025-11-02T06:45:46.803Z"", ""questionStates"": [{""id"": 1, ""status"": ""unanswered""}, {""id"": 2, ""status"": ""unanswered""}, {""id"": 3, ""status"": ""unanswered""}, {""id"": 4, ""answer"": ""ファミレス"", ""status"": ""correct""}, {""id"": 5, ""status"": ""unanswered""}, {""id"": 6, ""status"": ""unanswered""}, {""id"": 7, ""answer"": ""はんだい"", ""status"": ""correct""}, {""id"": 8, ""answer"": ""Science"", ""status"": ""incorrect""}, {""id"": 9, ""status"": ""unanswered""}, {""id"": 10, ""status"": ""unanswered""}, {""id"": 11, ""status"": ""unanswered""}, {""id"": 12, ""status"": ""unanswered""}, {""id"": 13, ""answer"": ""三国志"", ""status"": ""correct""}, {""id"": 14, ""answer"": ""現在進行形"", ""status"": ""correct""}, {""id"": 15, ""status"": ""unanswered""}, {""id"": 16, ""status"": ""unanswered""}, {""id"": 17, ""status"": ""unanswered""}, {""id"": 18, ""answer"": ""バード"", ""status"": ""correct""}, {""id"": 19, ""answer"": ""クリスマス"", ""status"": ""correct""}, {""id"": 20, ""status"": ""unanswered""}, {""id"": 21, ""status"": ""unanswered""}, {""id"": 22, ""status"": ""unanswered""}, {""id"": 23, ""status"": ""unanswered""}, {""id"": 24, ""status"": ""unanswered""}, {""id"": 25, ""status"": ""unanswered""}], ""totalQuestions"": 25}"
019a4359-ca26-7f34-a5fe-9ca07ed3a8ea,019a434f-066f-778a-8511-f80114ec725d,6,2025-11-02 06:55:49.287675+00,2025-11-02 06:55:49.287675+00,"{""groupId"": ""019a434f-066f-778a-8511-f80114ec725d"", ""startedAt"": ""2025-11-02T06:45:46.984Z"", ""questionStates"": [{""id"": 1, ""status"": ""unanswered""}, {""id"": 2, ""status"": ""unanswered""}, {""id"": 3, ""status"": ""unanswered""}, {""id"": 4, ""answer"": ""そーどみたす"", ""status"": ""incorrect""}, {""id"": 5, ""answer"": ""internet"", ""status"": ""correct""}, {""id"": 6, ""status"": ""unanswered""}, {""id"": 7, ""answer"": ""はんだい"", ""status"": ""correct""}, {""id"": 8, ""answer"": ""science"", ""status"": ""correct""}, {""id"": 9, ""answer"": ""り"", ""status"": ""incorrect""}, {""id"": 10, ""status"": ""unanswered""}, {""id"": 11, ""status"": ""unanswered""}, {""id"": 12, ""status"": ""unanswered""}, {""id"": 13, ""answer"": ""誤算碌々"", ""status"": ""incorrect""}, {""id"": 14, ""answer"": ""現在進行系"", ""status"": ""incorrect""}, {""id"": 15, ""status"": ""unanswered""}, {""id"": 16, ""status"": ""unanswered""}, {""id"": 17, ""status"": ""unanswered""}, {""id"": 18, ""answer"": ""ドード"", ""status"": ""incorrect""}, {""id"": 19, ""answer"": ""クリスマス"", ""status"": ""correct""}, {""id"": 20, ""status"": ""unanswered""}, {""id"": 21, ""answer"": ""鯉"", ""status"": ""correct""}, {""id"": 22, ""status"": ""unanswered""}, {""id"": 23, ""status"": ""unanswered""}, {""id"": 24, ""status"": ""unanswered""}, {""id"": 25, ""status"": ""unanswered""}], ""totalQuestions"": 25}"
019a4359-cde8-7913-85a9-498eab1790c3,019a434e-0191-700d-ace7-5761b5f0fbf3,8,2025-11-02 06:55:50.249212+00,2025-11-02 06:55:50.249212+00,"{""groupId"": ""019a434e-0191-700d-ace7-5761b5f0fbf3"", ""startedAt"": ""2025-11-02T06:45:45.557Z"", ""questionStates"": [{""id"": 1, ""answer"": ""単位"", ""status"": ""correct""}, {""id"": 2, ""status"": ""unanswered""}, {""id"": 3, ""status"": ""unanswered""}, {""id"": 4, ""status"": ""unanswered""}, {""id"": 5, ""answer"": ""internet"", ""status"": ""correct""}, {""id"": 6, ""status"": ""unanswered""}, {""id"": 7, ""answer"": ""はんだい"", ""status"": ""correct""}, {""id"": 8, ""answer"": ""ss"", ""status"": ""incorrect""}, {""id"": 9, ""status"": ""unanswered""}, {""id"": 10, ""status"": ""unanswered""}, {""id"": 11, ""status"": ""unanswered""}, {""id"": 12, ""status"": ""unanswered""}, {""id"": 13, ""status"": ""unanswered""}, {""id"": 14, ""answer"": ""現在進行形"", ""status"": ""correct""}, {""id"": 15, ""status"": ""unanswered""}, {""id"": 16, ""status"": ""unanswered""}, {""id"": 17, ""status"": ""unanswered""}, {""id"": 18, ""status"": ""unanswered""}, {""id"": 19, ""status"": ""unanswered""}, {""id"": 20, ""status"": ""unanswered""}, {""id"": 21, ""status"": ""unanswered""}, {""id"": 22, ""answer"": ""中国"", ""status"": ""correct""}, {""id"": 23, ""status"": ""unanswered""}, {""id"": 24, ""status"": ""unanswered""}, {""id"": 25, ""status"": ""unanswered""}], ""totalQuestions"": 25}"
019a4359-d570-76f0-bf6e-05a706f732a9,019a434d-02c7-7119-89ca-3638967330b5,13,2025-11-02 06:55:52.177151+00,2025-11-02 06:55:52.177151+00,"{""groupId"": ""019a434d-02c7-7119-89ca-3638967330b5"", ""startedAt"": ""2025-11-02T06:45:45.119Z"", ""questionStates"": [{""id"": 1, ""status"": ""unanswered""}, {""id"": 2, ""status"": ""unanswered""}, {""id"": 3, ""answer"": ""さんま"", ""status"": ""correct""}, {""id"": 4, ""answer"": ""ファミレス"", ""status"": ""correct""}, {""id"": 5, ""status"": ""unanswered""}, {""id"": 6, ""status"": ""unanswered""}, {""id"": 7, ""answer"": ""阪大"", ""status"": ""incorrect""}, {""id"": 8, ""answer"": ""science"", ""status"": ""correct""}, {""id"": 9, ""status"": ""unanswered""}, {""id"": 10, ""status"": ""unanswered""}, {""id"": 11, ""status"": ""unanswered""}, {""id"": 12, ""status"": ""unanswered""}, {""id"": 13, ""answer"": ""三国志"", ""status"": ""correct""}, {""id"": 14, ""status"": ""unanswered""}, {""id"": 15, ""status"": ""unanswered""}, {""id"": 16, ""answer"": ""年月"", ""status"": ""incorrect""}, {""id"": 17, ""answer"": ""知恵"", ""status"": ""correct""}, {""id"": 18, ""status"": ""unanswered""}, {""id"": 19, ""answer"": ""クリスマス"", ""status"": ""correct""}, {""id"": 20, ""status"": ""unanswered""}, {""id"": 21, ""answer"": ""鯉"", ""status"": ""correct""}, {""id"": 22, ""status"": ""unanswered""}, {""id"": 23, ""status"": ""unanswered""}, {""id"": 24, ""status"": ""unanswered""}, {""id"": 25, ""status"": ""unanswered""}], ""totalQuestions"": 25}"
019a4359-d9ff-7a3c-8b4f-d78e1604b6ef,019a434d-9ecb-7ae6-b98c-1e959983ef8e,6,2025-11-02 06:55:53.34414+00,2025-11-02 06:55:53.34414+00,"{""groupId"": ""019a434d-9ecb-7ae6-b98c-1e959983ef8e"", ""startedAt"": ""2025-11-02T06:45:47.444Z"", ""questionStates"": [{""id"": 1, ""status"": ""unanswered""}, {""id"": 2, ""answer"": ""たいへいよう"", ""status"": ""correct""}, {""id"": 3, ""status"": ""unanswered""}, {""id"": 4, ""status"": ""unanswered""}, {""id"": 5, ""status"": ""unanswered""}, {""id"": 6, ""status"": ""unanswered""}, {""id"": 7, ""status"": ""unanswered""}, {""id"": 8, ""status"": ""unanswered""}, {""id"": 9, ""status"": ""unanswered""}, {""id"": 10, ""answer"": ""まちかね"", ""status"": ""correct""}, {""id"": 11, ""status"": ""unanswered""}, {""id"": 12, ""status"": ""unanswered""}, {""id"": 13, ""status"": ""unanswered""}, {""id"": 14, ""status"": ""unanswered""}, {""id"": 15, ""answer"": ""ちしき"", ""status"": ""correct""}, {""id"": 16, ""status"": ""unanswered""}, {""id"": 17, ""status"": ""unanswered""}, {""id"": 18, ""status"": ""unanswered""}, {""id"": 19, ""status"": ""unanswered""}, {""id"": 20, ""status"": ""unanswered""}, {""id"": 21, ""status"": ""unanswered""}, {""id"": 22, ""answer"": ""中国"", ""status"": ""correct""}, {""id"": 23, ""status"": ""unanswered""}, {""id"": 24, ""status"": ""unanswered""}, {""id"": 25, ""status"": ""unanswered""}], ""totalQuestions"": 25}"
019a4359-dd0c-7e5a-95a8-e87618f4a1c3,019a434d-6a91-7944-ae13-d197ca4aaaed,9,2025-11-02 06:55:54.125734+00,2025-11-02 06:55:54.125734+00,"{""groupId"": ""019a434d-6a91-7944-ae13-d197ca4aaaed"", ""startedAt"": ""2025-11-02T06:45:47.056Z"", ""questionStates"": [{""id"": 1, ""status"": ""unanswered""}, {""id"": 2, ""status"": ""unanswered""}, {""id"": 3, ""status"": ""unanswered""}, {""id"": 4, ""answer"": ""ふぁみれす"", ""status"": ""correct""}, {""id"": 5, ""answer"": ""INTERNET"", ""status"": ""incorrect""}, {""id"": 6, ""status"": ""unanswered""}, {""id"": 7, ""answer"": ""はんだい"", ""status"": ""correct""}, {""id"": 8, ""answer"": ""SCIENCE"", ""status"": ""correct""}, {""id"": 9, ""status"": ""unanswered""}, {""id"": 10, ""status"": ""unanswered""}, {""id"": 11, ""status"": ""unanswered""}, {""id"": 12, ""status"": ""unanswered""}, {""id"": 13, ""answer"": ""三国志"", ""status"": ""correct""}, {""id"": 14, ""status"": ""unanswered""}, {""id"": 15, ""answer"": ""ちしき"", ""status"": ""correct""}, {""id"": 16, ""status"": ""unanswered""}, {""id"": 17, ""status"": ""unanswered""}, {""id"": 18, ""status"": ""unanswered""}, {""id"": 19, ""status"": ""unanswered""}, {""id"": 20, ""status"": ""unanswered""}, {""id"": 21, ""answer"": ""こい"", ""status"": ""correct""}, {""id"": 22, ""status"": ""unanswered""}, {""id"": 23, ""status"": ""unanswered""}, {""id"": 24, ""status"": ""unanswered""}, {""id"": 25, ""status"": ""unanswered""}], ""totalQuestions"": 25}"
019a4359-e113-78ca-8b7e-40574f3a8f90,019a434f-0ad5-78b1-8c37-4d37ca57585a,1,2025-11-02 06:55:55.156108+00,2025-11-02 06:55:55.156108+00,"{""groupId"": ""019a434f-0ad5-78b1-8c37-4d37ca57585a"", ""startedAt"": ""2025-11-02T06:45:45.843Z"", ""questionStates"": [{""id"": 1, ""status"": ""unanswered""}, {""id"": 2, ""answer"": ""たいへいよう"", ""status"": ""correct""}, {""id"": 3, ""status"": ""unanswered""}, {""id"": 4, ""status"": ""unanswered""}, {""id"": 5, ""status"": ""unanswered""}, {""id"": 6, ""status"": ""unanswered""}, {""id"": 7, ""status"": ""unanswered""}, {""id"": 8, ""status"": ""unanswered""}, {""id"": 9, ""status"": ""unanswered""}, {""id"": 10, ""status"": ""unanswered""}, {""id"": 11, ""status"": ""unanswered""}, {""id"": 12, ""status"": ""unanswered""}, {""id"": 13, ""status"": ""unanswered""}, {""id"": 14, ""status"": ""unanswered""}, {""id"": 15, ""status"": ""unanswered""}, {""id"": 16, ""status"": ""unanswered""}, {""id"": 17, ""status"": ""unanswered""}, {""id"": 18, ""status"": ""unanswered""}, {""id"": 19, ""status"": ""unanswered""}, {""id"": 20, ""status"": ""unanswered""}, {""id"": 21, ""status"": ""unanswered""}, {""id"": 22, ""status"": ""unanswered""}, {""id"": 23, ""status"": ""unanswered""}, {""id"": 24, ""status"": ""unanswered""}, {""id"": 25, ""status"": ""unanswered""}], ""totalQuestions"": 25}"
019a4359-e27f-79d2-b306-625c2f454428,019a434d-4a0f-7b27-9007-d9091ac7a2f1,4,2025-11-02 06:55:55.520836+00,2025-11-02 06:55:55.520836+00,"{""groupId"": ""019a434d-4a0f-7b27-9007-d9091ac7a2f1"", ""startedAt"": ""2025-11-02T06:45:44.913Z"", ""questionStates"": [{""id"": 1, ""status"": ""unanswered""}, {""id"": 2, ""answer"": ""たいへいよう"", ""status"": ""correct""}, {""id"": 3, ""status"": ""unanswered""}, {""id"": 4, ""status"": ""unanswered""}, {""id"": 5, ""status"": ""unanswered""}, {""id"": 6, ""status"": ""unanswered""}, {""id"": 7, ""status"": ""unanswered""}, {""id"": 8, ""status"": ""unanswered""}, {""id"": 9, ""status"": ""unanswered""}, {""id"": 10, ""status"": ""unanswered""}, {""id"": 11, ""status"": ""unanswered""}, {""id"": 12, ""status"": ""unanswered""}, {""id"": 13, ""status"": ""unanswered""}, {""id"": 14, ""status"": ""unanswered""}, {""id"": 15, ""status"": ""unanswered""}, {""id"": 16, ""status"": ""unanswered""}, {""id"": 17, ""status"": ""unanswered""}, {""id"": 18, ""status"": ""unanswered""}, {""id"": 19, ""status"": ""unanswered""}, {""id"": 20, ""answer"": ""えんすい"", ""status"": ""correct""}, {""id"": 21, ""answer"": ""こい"", ""status"": ""correct""}, {""id"": 22, ""status"": ""unanswered""}, {""id"": 23, ""status"": ""unanswered""}, {""id"": 24, ""status"": ""unanswered""}, {""id"": 25, ""status"": ""unanswered""}], ""totalQuestions"": 25}"
019a4359-e930-7a68-8567-18d02659a6ef,019a4350-91e9-7f1b-a85e-00f591bcca2c,5,2025-11-02 06:55:57.234119+00,2025-11-02 06:55:57.234119+00,"{""groupId"": ""019a4350-91e9-7f1b-a85e-00f591bcca2c"", ""startedAt"": ""2025-11-02T06:45:47.262Z"", ""questionStates"": [{""id"": 1, ""status"": ""unanswered""}, {""id"": 2, ""answer"": ""たいへいよう"", ""status"": ""correct""}, {""id"": 3, ""status"": ""unanswered""}, {""id"": 4, ""status"": ""unanswered""}, {""id"": 5, ""answer"": ""internet"", ""status"": ""correct""}, {""id"": 6, ""status"": ""unanswered""}, {""id"": 7, ""status"": ""unanswered""}, {""id"": 8, ""status"": ""unanswered""}, {""id"": 9, ""status"": ""unanswered""}, {""id"": 10, ""status"": ""unanswered""}, {""id"": 11, ""status"": ""unanswered""}, {""id"": 12, ""status"": ""unanswered""}, {""id"": 13, ""status"": ""unanswered""}, {""id"": 14, ""answer"": ""現在進行形"", ""status"": ""correct""}, {""id"": 15, ""status"": ""unanswered""}, {""id"": 16, ""status"": ""unanswered""}, {""id"": 17, ""status"": ""unanswered""}, {""id"": 18, ""status"": ""unanswered""}, {""id"": 19, ""status"": ""unanswered""}, {""id"": 20, ""answer"": ""えんすい"", ""status"": ""correct""}, {""id"": 21, ""status"": ""unanswered""}, {""id"": 22, ""status"": ""unanswered""}, {""id"": 23, ""status"": ""unanswered""}, {""id"": 24, ""status"": ""unanswered""}, {""id"": 25, ""status"": ""unanswered""}], ""totalQuestions"": 25}"
019a4359-f25d-7068-82b8-b67a834fa981,019a434d-ddf3-7a41-9906-d21a2d575abc,23,2025-11-02 06:55:59.581824+00,2025-11-02 06:55:59.581824+00,"{""groupId"": ""019a434d-ddf3-7a41-9906-d21a2d575abc"", ""startedAt"": ""2025-11-02T06:45:48.003Z"", ""questionStates"": [{""id"": 1, ""answer"": ""たんい"", ""status"": ""correct""}, {""id"": 2, ""answer"": ""たいへいよう"", ""status"": ""correct""}, {""id"": 3, ""status"": ""unanswered""}, {""id"": 4, ""answer"": ""ふぁみれす"", ""status"": ""correct""}, {""id"": 5, ""answer"": ""internet"", ""status"": ""correct""}, {""id"": 6, ""status"": ""unanswered""}, {""id"": 7, ""answer"": ""はんだい"", ""status"": ""correct""}, {""id"": 8, ""answer"": ""science"", ""status"": ""correct""}, {""id"": 9, ""status"": ""unanswered""}, {""id"": 10, ""status"": ""unanswered""}, {""id"": 11, ""status"": ""unanswered""}, {""id"": 12, ""status"": ""unanswered""}, {""id"": 13, ""answer"": ""さんごくし"", ""status"": ""correct""}, {""id"": 14, ""answer"": ""げんざいしんこうけい"", ""status"": ""correct""}, {""id"": 15, ""answer"": ""ちしき"", ""status"": ""correct""}, {""id"": 16, ""answer"": ""ねんげつ"", ""status"": ""correct""}, {""id"": 17, ""answer"": ""ちえ"", ""status"": ""correct""}, {""id"": 18, ""answer"": ""ばーど"", ""status"": ""correct""}, {""id"": 19, ""answer"": ""くりすます"", ""status"": ""incorrect""}, {""id"": 20, ""status"": ""unanswered""}, {""id"": 21, ""status"": ""unanswered""}, {""id"": 22, ""answer"": ""中国"", ""status"": ""correct""}, {""id"": 23, ""answer"": ""4"", ""status"": ""correct""}, {""id"": 24, ""status"": ""unanswered""}, {""id"": 25, ""status"": ""unanswered""}], ""totalQuestions"": 25}"
019a435a-0cff-7a26-9629-9d437cee5b1b,019a434e-0537-7c73-9461-433e71d02225,1,2025-11-02 06:56:06.40056+00,2025-11-02 06:56:06.40056+00,"{""groupId"": ""019a434e-0537-7c73-9461-433e71d02225"", ""startedAt"": ""2025-11-02T06:45:44.259Z"", ""questionStates"": [{""id"": 1, ""status"": ""unanswered""}, {""id"": 2, ""answer"": ""たいへいよう"", ""status"": ""correct""}, {""id"": 3, ""status"": ""unanswered""}, {""id"": 4, ""status"": ""unanswered""}, {""id"": 5, ""status"": ""unanswered""}, {""id"": 6, ""status"": ""unanswered""}, {""id"": 7, ""status"": ""unanswered""}, {""id"": 8, ""status"": ""unanswered""}, {""id"": 9, ""status"": ""unanswered""}, {""id"": 10, ""status"": ""unanswered""}, {""id"": 11, ""status"": ""unanswered""}, {""id"": 12, ""answer"": ""hannuisri"", ""status"": ""incorrect""}, {""id"": 13, ""status"": ""unanswered""}, {""id"": 14, ""status"": ""unanswered""}, {""id"": 15, ""status"": ""unanswered""}, {""id"": 16, ""status"": ""unanswered""}, {""id"": 17, ""status"": ""unanswered""}, {""id"": 18, ""status"": ""unanswered""}, {""id"": 19, ""status"": ""unanswered""}, {""id"": 20, ""status"": ""unanswered""}, {""id"": 21, ""status"": ""unanswered""}, {""id"": 22, ""answer"": ""めきし"", ""status"": ""incorrect""}, {""id"": 23, ""status"": ""unanswered""}, {""id"": 24, ""status"": ""unanswered""}, {""id"": 25, ""status"": ""unanswered""}], ""totalQuestions"": 25}"
019a435a-4e6e-73d5-bb14-3f108493aab9,019a434d-4c92-7662-b21b-5fdf9c44a6a7,13,2025-11-02 06:56:23.150707+00,2025-11-02 06:56:23.150707+00,"{""groupId"": ""019a434d-4c92-7662-b21b-5fdf9c44a6a7"", ""startedAt"": ""2025-11-02T06:45:46.200Z"", ""questionStates"": [{""id"": 1, ""status"": ""unanswered""}, {""id"": 2, ""answer"": ""たいへいよう"", ""status"": ""correct""}, {""id"": 3, ""status"": ""unanswered""}, {""id"": 4, ""answer"": ""ふぁみれす"", ""status"": ""correct""}, {""id"": 5, ""status"": ""unanswered""}, {""id"": 6, ""status"": ""unanswered""}, {""id"": 7, ""answer"": ""はんだい"", ""status"": ""correct""}, {""id"": 8, ""answer"": ""Science"", ""status"": ""incorrect""}, {""id"": 9, ""status"": ""unanswered""}, {""id"": 10, ""answer"": ""まちかね"", ""status"": ""correct""}, {""id"": 11, ""status"": ""unanswered""}, {""id"": 12, ""answer"": ""handaysay"", ""status"": ""incorrect""}, {""id"": 13, ""status"": ""unanswered""}, {""id"": 14, ""status"": ""unanswered""}, {""id"": 15, ""status"": ""unanswered""}, {""id"": 16, ""status"": ""unanswered""}, {""id"": 17, ""answer"": ""ちえ"", ""status"": ""correct""}, {""id"": 18, ""status"": ""unanswered""}, {""id"": 19, ""status"": ""unanswered""}, {""id"": 20, ""status"": ""unanswered""}, {""id"": 21, ""answer"": ""こい"", ""status"": ""correct""}, {""id"": 22, ""status"": ""unanswered""}, {""id"": 23, ""answer"": ""4"", ""status"": ""correct""}, {""id"": 24, ""answer"": ""いんしん"", ""status"": ""correct""}, {""id"": 25, ""status"": ""unanswered""}], ""totalQuestions"": 25}"
019a435a-9aa3-7461-88b1-bae887bc5256,019a434d-f879-7ce4-9ea9-bdb8ed5ed113,0,2025-11-02 06:56:42.659996+00,2025-11-02 06:56:42.659996+00,"{""groupId"": ""019a434d-f879-7ce4-9ea9-bdb8ed5ed113"", ""startedAt"": ""2025-11-02T06:45:46.912Z"", ""questionStates"": [{""id"": 1, ""status"": ""unanswered""}, {""id"": 2, ""status"": ""unanswered""}, {""id"": 3, ""status"": ""unanswered""}, {""id"": 4, ""status"": ""unanswered""}, {""id"": 5, ""status"": ""unanswered""}, {""id"": 6, ""status"": ""unanswered""}, {""id"": 7, ""status"": ""unanswered""}, {""id"": 8, ""status"": ""unanswered""}, {""id"": 9, ""status"": ""unanswered""}, {""id"": 10, ""status"": ""unanswered""}, {""id"": 11, ""status"": ""unanswered""}, {""id"": 12, ""status"": ""unanswered""}, {""id"": 13, ""status"": ""unanswered""}, {""id"": 14, ""status"": ""unanswered""}, {""id"": 15, ""status"": ""unanswered""}, {""id"": 16, ""status"": ""unanswered""}, {""id"": 17, ""status"": ""unanswered""}, {""id"": 18, ""status"": ""unanswered""}, {""id"": 19, ""status"": ""unanswered""}, {""id"": 20, ""status"": ""unanswered""}, {""id"": 21, ""status"": ""unanswered""}, {""id"": 22, ""status"": ""unanswered""}, {""id"": 23, ""status"": ""unanswered""}, {""id"": 24, ""status"": ""unanswered""}, {""id"": 25, ""status"": ""unanswered""}], ""totalQuestions"": 25}"
019a435a-a5e4-7076-95fd-5661415afee0,019a434d-a5ce-7313-acf3-cec142c3a93a,1,2025-11-02 06:56:45.540837+00,2025-11-02 06:56:45.540837+00,"{""groupId"": ""019a434d-a5ce-7313-acf3-cec142c3a93a"", ""startedAt"": ""2025-11-02T06:45:48.021Z"", ""questionStates"": [{""id"": 1, ""status"": ""unanswered""}, {""id"": 2, ""status"": ""unanswered""}, {""id"": 3, ""status"": ""unanswered""}, {""id"": 4, ""status"": ""unanswered""}, {""id"": 5, ""status"": ""unanswered""}, {""id"": 6, ""status"": ""unanswered""}, {""id"": 7, ""status"": ""unanswered""}, {""id"": 8, ""status"": ""unanswered""}, {""id"": 9, ""status"": ""unanswered""}, {""id"": 10, ""status"": ""unanswered""}, {""id"": 11, ""status"": ""unanswered""}, {""id"": 12, ""status"": ""unanswered""}, {""id"": 13, ""status"": ""unanswered""}, {""id"": 14, ""status"": ""unanswered""}, {""id"": 15, ""answer"": ""ちしき"", ""status"": ""correct""}, {""id"": 16, ""status"": ""unanswered""}, {""id"": 17, ""status"": ""unanswered""}, {""id"": 18, ""status"": ""unanswered""}, {""id"": 19, ""status"": ""unanswered""}, {""id"": 20, ""status"": ""unanswered""}, {""id"": 21, ""status"": ""unanswered""}, {""id"": 22, ""status"": ""unanswered""}, {""id"": 23, ""answer"": ""1+5"", ""status"": ""incorrect""}, {""id"": 24, ""status"": ""unanswered""}, {""id"": 25, ""status"": ""unanswered""}], ""totalQuestions"": 25}"
019a435c-1f66-7bb9-96b7-84ffad8e8cfe,019a434d-69f8-78cf-9d7d-5dcc0155349a,2,2025-11-02 06:58:22.183745+00,2025-11-02 06:58:22.183745+00,"{""groupId"": ""019a434d-69f8-78cf-9d7d-5dcc0155349a"", ""startedAt"": ""2025-11-02T06:48:20.715Z"", ""questionStates"": [{""id"": 1, ""status"": ""unanswered""}, {""id"": 2, ""status"": ""unanswered""}, {""id"": 3, ""status"": ""unanswered""}, {""id"": 4, ""status"": ""unanswered""}, {""id"": 5, ""answer"": ""INTERNET"", ""status"": ""incorrect""}, {""id"": 6, ""status"": ""unanswered""}, {""id"": 7, ""status"": ""unanswered""}, {""id"": 8, ""status"": ""unanswered""}, {""id"": 9, ""status"": ""unanswered""}, {""id"": 10, ""status"": ""unanswered""}, {""id"": 11, ""status"": ""unanswered""}, {""id"": 12, ""status"": ""unanswered""}, {""id"": 13, ""status"": ""unanswered""}, {""id"": 14, ""answer"": ""げんざいしんこうけい"", ""status"": ""correct""}, {""id"": 15, ""status"": ""unanswered""}, {""id"": 16, ""status"": ""unanswered""}, {""id"": 17, ""status"": ""unanswered""}, {""id"": 18, ""status"": ""unanswered""}, {""id"": 19, ""status"": ""unanswered""}, {""id"": 20, ""status"": ""unanswered""}, {""id"": 21, ""answer"": ""こい"", ""status"": ""correct""}, {""id"": 22, ""status"": ""unanswered""}, {""id"": 23, ""status"": ""unanswered""}, {""id"": 24, ""status"": ""unanswered""}, {""id"": 25, ""status"": ""unanswered""}], ""totalQuestions"": 25}"
019a437f-bf9c-762b-95fa-80d5037adc43,019a4374-a210-7b83-8b12-455c1b9c80ab,2,2025-11-02 07:37:16.956664+00,2025-11-02 07:37:16.956664+00,"{""groupId"": ""019a4374-a210-7b83-8b12-455c1b9c80ab"", ""startedAt"": ""2025-11-02T07:26:42.414Z"", ""questionStates"": [{""id"": 1, ""status"": ""unanswered""}, {""id"": 2, ""status"": ""unanswered""}, {""id"": 3, ""status"": ""unanswered""}, {""id"": 4, ""status"": ""unanswered""}, {""id"": 5, ""status"": ""unanswered""}, {""id"": 6, ""status"": ""unanswered""}, {""id"": 7, ""status"": ""unanswered""}, {""id"": 8, ""status"": ""unanswered""}, {""id"": 9, ""status"": ""unanswered""}, {""id"": 10, ""status"": ""unanswered""}, {""id"": 11, ""status"": ""unanswered""}, {""id"": 12, ""status"": ""unanswered""}, {""id"": 13, ""status"": ""unanswered""}, {""id"": 14, ""answer"": ""間済歯文工経"", ""status"": ""incorrect""}, {""id"": 15, ""status"": ""unanswered""}, {""id"": 16, ""status"": ""unanswered""}, {""id"": 17, ""status"": ""unanswered""}, {""id"": 18, ""status"": ""unanswered""}, {""id"": 19, ""status"": ""unanswered""}, {""id"": 20, ""status"": ""unanswered""}, {""id"": 21, ""status"": ""unanswered""}, {""id"": 22, ""answer"": ""中国"", ""status"": ""correct""}, {""id"": 23, ""answer"": ""5"", ""status"": ""incorrect""}, {""id"": 24, ""status"": ""unanswered""}, {""id"": 25, ""status"": ""unanswered""}], ""totalQuestions"": 25}"
019a436d-07c6-7778-a006-00c0e34e1137,019a4361-4970-713d-91a0-f7763d8f4aca,15,2025-11-02 07:16:50.247415+00,2025-11-02 07:16:50.247415+00,"{""groupId"": ""019a4361-4970-713d-91a0-f7763d8f4aca"", ""startedAt"": ""2025-11-02T07:06:49.181Z"", ""questionStates"": [{""id"": 1, ""status"": ""unanswered""}, {""id"": 2, ""answer"": ""たいへいよう"", ""status"": ""correct""}, {""id"": 3, ""status"": ""unanswered""}, {""id"": 4, ""answer"": ""ファミレス"", ""status"": ""correct""}, {""id"": 5, ""answer"": ""INTERNET"", ""status"": ""incorrect""}, {""id"": 6, ""status"": ""unanswered""}, {""id"": 7, ""answer"": ""はんだい"", ""status"": ""correct""}, {""id"": 8, ""answer"": ""science"", ""status"": ""correct""}, {""id"": 9, ""status"": ""unanswered""}, {""id"": 10, ""answer"": ""ねんげつ"", ""status"": ""incorrect""}, {""id"": 11, ""answer"": ""B"", ""status"": ""incorrect""}, {""id"": 12, ""answer"": ""HANDAIS"", ""status"": ""incorrect""}, {""id"": 13, ""status"": ""unanswered""}, {""id"": 14, ""status"": ""unanswered""}, {""id"": 15, ""answer"": ""ちしき"", ""status"": ""correct""}, {""id"": 16, ""status"": ""unanswered""}, {""id"": 17, ""answer"": ""ちえ"", ""status"": ""correct""}, {""id"": 18, ""status"": ""unanswered""}, {""id"": 19, ""status"": ""unanswered""}, {""id"": 20, ""answer"": ""えんすい"", ""status"": ""correct""}, {""id"": 21, ""answer"": ""こい"", ""status"": ""correct""}, {""id"": 22, ""answer"": ""中国"", ""status"": ""correct""}, {""id"": 23, ""answer"": ""4"", ""status"": ""correct""}, {""id"": 24, ""status"": ""unanswered""}, {""id"": 25, ""status"": ""unanswered""}], ""totalQuestions"": 25}"
019a436d-082d-76b9-875a-ae570492998f,019a4361-807c-7682-8cb2-41dd32ab9ea6,7,2025-11-02 07:16:50.350083+00,2025-11-02 07:16:50.350083+00,"{""groupId"": ""019a4361-807c-7682-8cb2-41dd32ab9ea6"", ""startedAt"": ""2025-11-02T07:06:48.566Z"", ""questionStates"": [{""id"": 1, ""answer"": ""コイ"", ""status"": ""incorrect""}, {""id"": 2, ""answer"": ""たいへいよあ"", ""status"": ""incorrect""}, {""id"": 3, ""status"": ""unanswered""}, {""id"": 4, ""status"": ""unanswered""}, {""id"": 5, ""status"": ""unanswered""}, {""id"": 6, ""status"": ""unanswered""}, {""id"": 7, ""answer"": ""はんだい"", ""status"": ""correct""}, {""id"": 8, ""answer"": ""SCENCE"", ""status"": ""incorrect""}, {""id"": 9, ""status"": ""unanswered""}, {""id"": 10, ""status"": ""unanswered""}, {""id"": 11, ""status"": ""unanswered""}, {""id"": 12, ""status"": ""unanswered""}, {""id"": 13, ""answer"": ""三国志"", ""status"": ""correct""}, {""id"": 14, ""status"": ""unanswered""}, {""id"": 15, ""answer"": ""ちしき"", ""status"": ""correct""}, {""id"": 16, ""status"": ""unanswered""}, {""id"": 17, ""status"": ""unanswered""}, {""id"": 18, ""status"": ""unanswered""}, {""id"": 19, ""status"": ""unanswered""}, {""id"": 20, ""status"": ""unanswered""}, {""id"": 21, ""status"": ""unanswered""}, {""id"": 22, ""answer"": ""中国"", ""status"": ""correct""}, {""id"": 23, ""answer"": ""4"", ""status"": ""correct""}, {""id"": 24, ""status"": ""unanswered""}, {""id"": 25, ""status"": ""unanswered""}], ""totalQuestions"": 25}"
019a436d-0b3c-74cd-a4de-63881e925180,019a4361-9adc-714a-a3ec-60bd71125424,5,2025-11-02 07:16:51.133375+00,2025-11-02 07:16:51.133375+00,"{""groupId"": ""019a4361-9adc-714a-a3ec-60bd71125424"", ""startedAt"": ""2025-11-02T07:06:48.618Z"", ""questionStates"": [{""id"": 1, ""status"": ""unanswered""}, {""id"": 2, ""answer"": ""たいへいよう"", ""status"": ""correct""}, {""id"": 3, ""status"": ""unanswered""}, {""id"": 4, ""status"": ""unanswered""}, {""id"": 5, ""answer"": ""INTERNET"", ""status"": ""incorrect""}, {""id"": 6, ""status"": ""unanswered""}, {""id"": 7, ""answer"": ""はんだい"", ""status"": ""correct""}, {""id"": 8, ""answer"": ""sci"", ""status"": ""incorrect""}, {""id"": 9, ""status"": ""unanswered""}, {""id"": 10, ""status"": ""unanswered""}, {""id"": 11, ""status"": ""unanswered""}, {""id"": 12, ""status"": ""unanswered""}, {""id"": 13, ""status"": ""unanswered""}, {""id"": 14, ""status"": ""unanswered""}, {""id"": 15, ""answer"": ""ちしき"", ""status"": ""correct""}, {""id"": 16, ""status"": ""unanswered""}, {""id"": 17, ""status"": ""unanswered""}, {""id"": 18, ""answer"": ""バード"", ""status"": ""correct""}, {""id"": 19, ""status"": ""unanswered""}, {""id"": 20, ""status"": ""unanswered""}, {""id"": 21, ""status"": ""unanswered""}, {""id"": 22, ""status"": ""unanswered""}, {""id"": 23, ""answer"": ""4"", ""status"": ""correct""}, {""id"": 24, ""status"": ""unanswered""}, {""id"": 25, ""status"": ""unanswered""}], ""totalQuestions"": 25}"
019a436d-5b09-7db5-9705-710faa403da9,019a4361-4aa5-784c-bd92-b9dfd1feecde,1,2025-11-02 07:17:11.562476+00,2025-11-02 07:17:11.562476+00,"{""groupId"": ""019a4361-4aa5-784c-bd92-b9dfd1feecde"", ""startedAt"": ""2025-11-02T07:06:45.426Z"", ""questionStates"": [{""id"": 1, ""status"": ""unanswered""}, {""id"": 2, ""answer"": ""たいへいよう"", ""status"": ""correct""}, {""id"": 3, ""status"": ""unanswered""}, {""id"": 4, ""status"": ""unanswered""}, {""id"": 5, ""status"": ""unanswered""}, {""id"": 6, ""status"": ""unanswered""}, {""id"": 7, ""status"": ""unanswered""}, {""id"": 8, ""status"": ""unanswered""}, {""id"": 9, ""status"": ""unanswered""}, {""id"": 10, ""status"": ""unanswered""}, {""id"": 11, ""status"": ""unanswered""}, {""id"": 12, ""status"": ""unanswered""}, {""id"": 13, ""answer"": ""さんごろくろく"", ""status"": ""incorrect""}, {""id"": 14, ""status"": ""unanswered""}, {""id"": 15, ""status"": ""unanswered""}, {""id"": 16, ""status"": ""unanswered""}, {""id"": 17, ""status"": ""unanswered""}, {""id"": 18, ""status"": ""unanswered""}, {""id"": 19, ""status"": ""unanswered""}, {""id"": 20, ""status"": ""unanswered""}, {""id"": 21, ""status"": ""unanswered""}, {""id"": 22, ""status"": ""unanswered""}, {""id"": 23, ""status"": ""unanswered""}, {""id"": 24, ""status"": ""unanswered""}, {""id"": 25, ""status"": ""unanswered""}], ""totalQuestions"": 25}"
019a436d-5b1d-73dd-8468-635b80a45715,019a4361-0ee1-7a99-a534-a0bec66b37ae,8,2025-11-02 07:17:11.581785+00,2025-11-02 07:17:11.581785+00,"{""groupId"": ""019a4361-0ee1-7a99-a534-a0bec66b37ae"", ""startedAt"": ""2025-11-02T07:06:46.814Z"", ""questionStates"": [{""id"": 1, ""status"": ""unanswered""}, {""id"": 2, ""answer"": ""太平洋"", ""status"": ""correct""}, {""id"": 3, ""status"": ""unanswered""}, {""id"": 4, ""status"": ""unanswered""}, {""id"": 5, ""answer"": ""Internet"", ""status"": ""correct""}, {""id"": 6, ""answer"": ""なみ"", ""status"": ""correct""}, {""id"": 7, ""status"": ""unanswered""}, {""id"": 8, ""status"": ""unanswered""}, {""id"": 9, ""status"": ""unanswered""}, {""id"": 10, ""status"": ""unanswered""}, {""id"": 11, ""answer"": ""B"", ""status"": ""incorrect""}, {""id"": 12, ""answer"": ""阪大生"", ""status"": ""correct""}, {""id"": 13, ""status"": ""unanswered""}, {""id"": 14, ""status"": ""unanswered""}, {""id"": 15, ""answer"": ""ちしき"", ""status"": ""correct""}, {""id"": 16, ""status"": ""unanswered""}, {""id"": 17, ""status"": ""unanswered""}, {""id"": 18, ""status"": ""unanswered""}, {""id"": 19, ""status"": ""unanswered""}, {""id"": 20, ""status"": ""unanswered""}, {""id"": 21, ""status"": ""unanswered""}, {""id"": 22, ""answer"": ""中国"", ""status"": ""correct""}, {""id"": 23, ""status"": ""unanswered""}, {""id"": 24, ""status"": ""unanswered""}, {""id"": 25, ""status"": ""unanswered""}], ""totalQuestions"": 25}"
019a436d-88db-7d28-8f90-fe0628e54a43,019a4362-c4dd-7a07-b117-1e2f5d2d0ac7,2,2025-11-02 07:17:23.292439+00,2025-11-02 07:17:23.292439+00,"{""groupId"": ""019a4362-c4dd-7a07-b117-1e2f5d2d0ac7"", ""startedAt"": ""2025-11-02T07:06:49.755Z"", ""questionStates"": [{""id"": 1, ""status"": ""unanswered""}, {""id"": 2, ""status"": ""unanswered""}, {""id"": 3, ""status"": ""unanswered""}, {""id"": 4, ""status"": ""unanswered""}, {""id"": 5, ""status"": ""unanswered""}, {""id"": 6, ""status"": ""unanswered""}, {""id"": 7, ""answer"": ""はんだい"", ""status"": ""correct""}, {""id"": 8, ""status"": ""unanswered""}, {""id"": 9, ""status"": ""unanswered""}, {""id"": 10, ""status"": ""unanswered""}, {""id"": 11, ""status"": ""unanswered""}, {""id"": 12, ""status"": ""unanswered""}, {""id"": 13, ""status"": ""unanswered""}, {""id"": 14, ""status"": ""unanswered""}, {""id"": 15, ""status"": ""unanswered""}, {""id"": 16, ""status"": ""unanswered""}, {""id"": 17, ""status"": ""unanswered""}, {""id"": 18, ""status"": ""unanswered""}, {""id"": 19, ""status"": ""unanswered""}, {""id"": 20, ""status"": ""unanswered""}, {""id"": 21, ""answer"": ""こい"", ""status"": ""correct""}, {""id"": 22, ""status"": ""unanswered""}, {""id"": 23, ""status"": ""unanswered""}, {""id"": 24, ""status"": ""unanswered""}, {""id"": 25, ""status"": ""unanswered""}], ""totalQuestions"": 25}"
019a436f-59f8-7f1b-a98c-7c687f27e13a,019a4361-6b7e-716c-8e53-2cb7b141e19b,1,2025-11-02 07:19:22.361854+00,2025-11-02 07:19:22.361854+00,"{""groupId"": ""019a4361-6b7e-716c-8e53-2cb7b141e19b"", ""startedAt"": ""2025-11-02T07:06:49.393Z"", ""questionStates"": [{""id"": 1, ""status"": ""unanswered""}, {""id"": 2, ""status"": ""unanswered""}, {""id"": 3, ""status"": ""unanswered""}, {""id"": 4, ""status"": ""unanswered""}, {""id"": 5, ""answer"": ""internet"", ""status"": ""correct""}, {""id"": 6, ""status"": ""unanswered""}, {""id"": 7, ""status"": ""unanswered""}, {""id"": 8, ""status"": ""unanswered""}, {""id"": 9, ""status"": ""unanswered""}, {""id"": 10, ""status"": ""unanswered""}, {""id"": 11, ""status"": ""unanswered""}, {""id"": 12, ""status"": ""unanswered""}, {""id"": 13, ""status"": ""unanswered""}, {""id"": 14, ""status"": ""unanswered""}, {""id"": 15, ""status"": ""unanswered""}, {""id"": 16, ""status"": ""unanswered""}, {""id"": 17, ""status"": ""unanswered""}, {""id"": 18, ""status"": ""unanswered""}, {""id"": 19, ""status"": ""unanswered""}, {""id"": 20, ""status"": ""unanswered""}, {""id"": 21, ""status"": ""unanswered""}, {""id"": 22, ""status"": ""unanswered""}, {""id"": 23, ""status"": ""unanswered""}, {""id"": 24, ""status"": ""unanswered""}, {""id"": 25, ""status"": ""unanswered""}], ""totalQuestions"": 25}"
019a437f-4294-7337-af73-b377cb6d62a8,019a4373-831d-70f4-b61b-363c34e98b8d,2,2025-11-02 07:36:44.948956+00,2025-11-02 07:36:44.948956+00,"{""groupId"": ""019a4373-831d-70f4-b61b-363c34e98b8d"", ""startedAt"": ""2025-11-02T07:26:42.672Z"", ""questionStates"": [{""id"": 1, ""status"": ""unanswered""}, {""id"": 2, ""status"": ""unanswered""}, {""id"": 3, ""status"": ""unanswered""}, {""id"": 4, ""status"": ""unanswered""}, {""id"": 5, ""status"": ""unanswered""}, {""id"": 6, ""status"": ""unanswered""}, {""id"": 7, ""status"": ""unanswered""}, {""id"": 8, ""status"": ""unanswered""}, {""id"": 9, ""status"": ""unanswered""}, {""id"": 10, ""status"": ""unanswered""}, {""id"": 11, ""status"": ""unanswered""}, {""id"": 12, ""status"": ""unanswered""}, {""id"": 13, ""status"": ""unanswered""}, {""id"": 14, ""status"": ""unanswered""}, {""id"": 15, ""status"": ""unanswered""}, {""id"": 16, ""status"": ""unanswered""}, {""id"": 17, ""status"": ""unanswered""}, {""id"": 18, ""status"": ""unanswered""}, {""id"": 19, ""answer"": ""クリスマス"", ""status"": ""correct""}, {""id"": 20, ""status"": ""unanswered""}, {""id"": 21, ""answer"": ""たい"", ""status"": ""incorrect""}, {""id"": 22, ""status"": ""unanswered""}, {""id"": 23, ""status"": ""unanswered""}, {""id"": 24, ""status"": ""unanswered""}, {""id"": 25, ""status"": ""unanswered""}], ""totalQuestions"": 25}"
019a437f-6cb9-7c81-ab45-98ea12e82e45,019a4373-0f38-7a1c-bb43-90fee184e83c,8,2025-11-02 07:36:55.739137+00,2025-11-02 07:36:55.739137+00,"{""groupId"": ""019a4373-0f38-7a1c-bb43-90fee184e83c"", ""startedAt"": ""2025-11-02T07:26:41.451Z"", ""questionStates"": [{""id"": 1, ""status"": ""unanswered""}, {""id"": 2, ""status"": ""unanswered""}, {""id"": 3, ""status"": ""unanswered""}, {""id"": 4, ""answer"": ""ふぁみれす"", ""status"": ""correct""}, {""id"": 5, ""status"": ""unanswered""}, {""id"": 6, ""status"": ""unanswered""}, {""id"": 7, ""answer"": ""はんだい"", ""status"": ""correct""}, {""id"": 8, ""answer"": ""SCIENCE"", ""status"": ""correct""}, {""id"": 9, ""status"": ""unanswered""}, {""id"": 10, ""status"": ""unanswered""}, {""id"": 11, ""status"": ""unanswered""}, {""id"": 12, ""status"": ""unanswered""}, {""id"": 13, ""status"": ""unanswered""}, {""id"": 14, ""status"": ""unanswered""}, {""id"": 15, ""status"": ""unanswered""}, {""id"": 16, ""status"": ""unanswered""}, {""id"": 17, ""answer"": ""ちえ"", ""status"": ""correct""}, {""id"": 18, ""status"": ""unanswered""}, {""id"": 19, ""status"": ""unanswered""}, {""id"": 20, ""status"": ""unanswered""}, {""id"": 21, ""answer"": ""こい"", ""status"": ""correct""}, {""id"": 22, ""status"": ""unanswered""}, {""id"": 23, ""status"": ""unanswered""}, {""id"": 24, ""status"": ""unanswered""}, {""id"": 25, ""status"": ""unanswered""}], ""totalQuestions"": 25}"
019a437f-46a7-7c65-9b8d-7515dec3f7b0,019a4373-83d3-700f-885d-482b06468336,16,2025-11-02 07:36:45.992121+00,2025-11-02 07:36:45.992121+00,"{""groupId"": ""019a4373-83d3-700f-885d-482b06468336"", ""startedAt"": ""2025-11-02T07:26:42.979Z"", ""questionStates"": [{""id"": 1, ""answer"": ""たんい"", ""status"": ""correct""}, {""id"": 2, ""status"": ""unanswered""}, {""id"": 3, ""status"": ""unanswered""}, {""id"": 4, ""answer"": ""ファミレス"", ""status"": ""correct""}, {""id"": 5, ""answer"": ""Internet"", ""status"": ""correct""}, {""id"": 6, ""status"": ""unanswered""}, {""id"": 7, ""answer"": ""はんだい"", ""status"": ""correct""}, {""id"": 8, ""status"": ""unanswered""}, {""id"": 9, ""status"": ""unanswered""}, {""id"": 10, ""status"": ""unanswered""}, {""id"": 11, ""answer"": ""B"", ""status"": ""incorrect""}, {""id"": 12, ""answer"": ""handaisei"", ""status"": ""incorrect""}, {""id"": 13, ""status"": ""unanswered""}, {""id"": 14, ""answer"": ""現在進行形"", ""status"": ""correct""}, {""id"": 15, ""answer"": ""ちしき"", ""status"": ""correct""}, {""id"": 16, ""status"": ""unanswered""}, {""id"": 17, ""answer"": ""ちえ"", ""status"": ""correct""}, {""id"": 18, ""answer"": ""バード"", ""status"": ""correct""}, {""id"": 19, ""status"": ""unanswered""}, {""id"": 20, ""status"": ""unanswered""}, {""id"": 21, ""status"": ""unanswered""}, {""id"": 22, ""answer"": ""中国"", ""status"": ""correct""}, {""id"": 23, ""answer"": ""4"", ""status"": ""correct""}, {""id"": 24, ""status"": ""unanswered""}, {""id"": 25, ""status"": ""unanswered""}], ""totalQuestions"": 25}"
019a437f-46cb-7997-96ac-0c0d8fb4c6cd,019a4373-9ec2-76fb-94e8-958130294d84,2,2025-11-02 07:36:46.027857+00,2025-11-02 07:36:46.027857+00,"{""groupId"": ""019a4373-9ec2-76fb-94e8-958130294d84"", ""startedAt"": ""2025-11-02T07:26:41.374Z"", ""questionStates"": [{""id"": 1, ""status"": ""unanswered""}, {""id"": 2, ""answer"": ""たいへいよう"", ""status"": ""correct""}, {""id"": 3, ""status"": ""unanswered""}, {""id"": 4, ""status"": ""unanswered""}, {""id"": 5, ""answer"": ""INTERNET"", ""status"": ""incorrect""}, {""id"": 6, ""status"": ""unanswered""}, {""id"": 7, ""status"": ""unanswered""}, {""id"": 8, ""status"": ""unanswered""}, {""id"": 9, ""status"": ""unanswered""}, {""id"": 10, ""answer"": ""かね"", ""status"": ""incorrect""}, {""id"": 11, ""answer"": ""B"", ""status"": ""incorrect""}, {""id"": 12, ""answer"": ""HAMDAISEI"", ""status"": ""incorrect""}, {""id"": 13, ""status"": ""unanswered""}, {""id"": 14, ""status"": ""unanswered""}, {""id"": 15, ""answer"": ""ちしき"", ""status"": ""correct""}, {""id"": 16, ""status"": ""unanswered""}, {""id"": 17, ""status"": ""unanswered""}, {""id"": 18, ""status"": ""unanswered""}, {""id"": 19, ""status"": ""unanswered""}, {""id"": 20, ""status"": ""unanswered""}, {""id"": 21, ""status"": ""unanswered""}, {""id"": 22, ""status"": ""unanswered""}, {""id"": 23, ""status"": ""unanswered""}, {""id"": 24, ""status"": ""unanswered""}, {""id"": 25, ""status"": ""unanswered""}], ""totalQuestions"": 25}"
019a437f-5d4f-7806-b0fd-02498ce0954e,019a4374-d2e8-7605-974d-098e779f5f00,5,2025-11-02 07:36:51.792162+00,2025-11-02 07:36:51.792162+00,"{""groupId"": ""019a4374-d2e8-7605-974d-098e779f5f00"", ""startedAt"": ""2025-11-02T07:26:41.842Z"", ""questionStates"": [{""id"": 1, ""status"": ""unanswered""}, {""id"": 2, ""answer"": ""たいへいよう"", ""status"": ""correct""}, {""id"": 3, ""status"": ""unanswered""}, {""id"": 4, ""status"": ""unanswered""}, {""id"": 5, ""status"": ""unanswered""}, {""id"": 6, ""status"": ""unanswered""}, {""id"": 7, ""status"": ""unanswered""}, {""id"": 8, ""status"": ""unanswered""}, {""id"": 9, ""status"": ""unanswered""}, {""id"": 10, ""answer"": ""まちかね"", ""status"": ""correct""}, {""id"": 11, ""answer"": ""B"", ""status"": ""incorrect""}, {""id"": 12, ""answer"": ""Handaisei"", ""status"": ""incorrect""}, {""id"": 13, ""status"": ""unanswered""}, {""id"": 14, ""answer"": ""現在進行形"", ""status"": ""correct""}, {""id"": 15, ""answer"": ""ちしき"", ""status"": ""correct""}, {""id"": 16, ""status"": ""unanswered""}, {""id"": 17, ""status"": ""unanswered""}, {""id"": 18, ""status"": ""unanswered""}, {""id"": 19, ""status"": ""unanswered""}, {""id"": 20, ""status"": ""unanswered""}, {""id"": 21, ""status"": ""unanswered""}, {""id"": 22, ""status"": ""unanswered""}, {""id"": 23, ""status"": ""unanswered""}, {""id"": 24, ""status"": ""unanswered""}, {""id"": 25, ""status"": ""unanswered""}], ""totalQuestions"": 25}"
019a437f-638b-7522-915d-230e39bba6a5,019a4373-ed23-79b7-9b22-16b3a7703d62,8,2025-11-02 07:36:53.387652+00,2025-11-02 07:36:53.387652+00,"{""groupId"": ""019a4373-ed23-79b7-9b22-16b3a7703d62"", ""startedAt"": ""2025-11-02T07:26:43.355Z"", ""questionStates"": [{""id"": 1, ""status"": ""unanswered""}, {""id"": 2, ""status"": ""unanswered""}, {""id"": 3, ""status"": ""unanswered""}, {""id"": 4, ""status"": ""unanswered""}, {""id"": 5, ""status"": ""unanswered""}, {""id"": 6, ""status"": ""unanswered""}, {""id"": 7, ""answer"": ""はんだい"", ""status"": ""correct""}, {""id"": 8, ""answer"": ""science"", ""status"": ""correct""}, {""id"": 9, ""status"": ""unanswered""}, {""id"": 10, ""status"": ""unanswered""}, {""id"": 11, ""status"": ""unanswered""}, {""id"": 12, ""status"": ""unanswered""}, {""id"": 13, ""status"": ""unanswered""}, {""id"": 14, ""answer"": ""現在進行形"", ""status"": ""correct""}, {""id"": 15, ""answer"": ""しきい"", ""status"": ""incorrect""}, {""id"": 16, ""status"": ""unanswered""}, {""id"": 17, ""status"": ""unanswered""}, {""id"": 18, ""status"": ""unanswered""}, {""id"": 19, ""answer"": ""クリスマス"", ""status"": ""correct""}, {""id"": 20, ""status"": ""unanswered""}, {""id"": 21, ""answer"": ""氷"", ""status"": ""incorrect""}, {""id"": 22, ""answer"": ""中国"", ""status"": ""correct""}, {""id"": 23, ""answer"": ""4"", ""status"": ""correct""}, {""id"": 24, ""status"": ""unanswered""}, {""id"": 25, ""status"": ""unanswered""}], ""totalQuestions"": 25}"
019a4394-859d-7dd7-965f-044c5e9ec1d7,019a4388-8d8b-77a6-8acd-c9d88ae6fff0,4,2025-11-02 07:59:58.366411+00,2025-11-02 07:59:58.366411+00,"{""groupId"": ""019a4388-8d8b-77a6-8acd-c9d88ae6fff0"", ""startedAt"": ""2025-11-02T07:49:52.079Z"", ""questionStates"": [{""id"": 1, ""status"": ""unanswered""}, {""id"": 2, ""answer"": ""たいへいよう"", ""status"": ""correct""}, {""id"": 3, ""status"": ""unanswered""}, {""id"": 4, ""status"": ""unanswered""}, {""id"": 5, ""status"": ""unanswered""}, {""id"": 6, ""status"": ""unanswered""}, {""id"": 7, ""status"": ""unanswered""}, {""id"": 8, ""status"": ""unanswered""}, {""id"": 9, ""status"": ""unanswered""}, {""id"": 10, ""answer"": ""まちかね"", ""status"": ""correct""}, {""id"": 11, ""answer"": ""B"", ""status"": ""incorrect""}, {""id"": 12, ""status"": ""unanswered""}, {""id"": 13, ""status"": ""unanswered""}, {""id"": 14, ""status"": ""unanswered""}, {""id"": 15, ""status"": ""unanswered""}, {""id"": 16, ""status"": ""unanswered""}, {""id"": 17, ""status"": ""unanswered""}, {""id"": 18, ""status"": ""unanswered""}, {""id"": 19, ""status"": ""unanswered""}, {""id"": 20, ""status"": ""unanswered""}, {""id"": 21, ""answer"": ""コイ"", ""status"": ""correct""}, {""id"": 22, ""status"": ""unanswered""}, {""id"": 23, ""status"": ""unanswered""}, {""id"": 24, ""status"": ""unanswered""}, {""id"": 25, ""status"": ""unanswered""}], ""totalQuestions"": 25}"
019a4394-8a20-7bd8-b9f7-9b068e10df89,019a4386-9e8c-7be8-b2f5-1995db3c0b9a,6,2025-11-02 07:59:59.521066+00,2025-11-02 07:59:59.521066+00,"{""groupId"": ""019a4386-9e8c-7be8-b2f5-1995db3c0b9a"", ""startedAt"": ""2025-11-02T07:49:51.982Z"", ""questionStates"": [{""id"": 1, ""status"": ""unanswered""}, {""id"": 2, ""status"": ""unanswered""}, {""id"": 3, ""status"": ""unanswered""}, {""id"": 4, ""status"": ""unanswered""}, {""id"": 5, ""answer"": ""Interview"", ""status"": ""incorrect""}, {""id"": 6, ""status"": ""unanswered""}, {""id"": 7, ""status"": ""unanswered""}, {""id"": 8, ""status"": ""unanswered""}, {""id"": 9, ""status"": ""unanswered""}, {""id"": 10, ""status"": ""unanswered""}, {""id"": 11, ""status"": ""unanswered""}, {""id"": 12, ""status"": ""unanswered""}, {""id"": 13, ""status"": ""unanswered""}, {""id"": 14, ""answer"": ""現在進行形"", ""status"": ""correct""}, {""id"": 15, ""status"": ""unanswered""}, {""id"": 16, ""status"": ""unanswered""}, {""id"": 17, ""status"": ""unanswered""}, {""id"": 18, ""status"": ""unanswered""}, {""id"": 19, ""answer"": ""クリスマス"", ""status"": ""correct""}, {""id"": 20, ""status"": ""unanswered""}, {""id"": 21, ""status"": ""unanswered""}, {""id"": 22, ""answer"": ""中国"", ""status"": ""correct""}, {""id"": 23, ""answer"": ""4"", ""status"": ""correct""}, {""id"": 24, ""status"": ""unanswered""}, {""id"": 25, ""status"": ""unanswered""}], ""totalQuestions"": 25}"
019a4394-8d70-7553-8f8c-9bf9c104d2ba,019a4386-e8a0-7845-9723-08bc1f3c18c9,8,2025-11-02 08:00:00.397141+00,2025-11-02 08:00:00.397141+00,"{""groupId"": ""019a4386-e8a0-7845-9723-08bc1f3c18c9"", ""startedAt"": ""2025-11-02T07:49:54.514Z"", ""questionStates"": [{""id"": 1, ""answer"": ""たんい"", ""status"": ""correct""}, {""id"": 2, ""status"": ""unanswered""}, {""id"": 3, ""status"": ""unanswered""}, {""id"": 4, ""status"": ""unanswered""}, {""id"": 5, ""answer"": ""internet"", ""status"": ""correct""}, {""id"": 6, ""status"": ""unanswered""}, {""id"": 7, ""status"": ""unanswered""}, {""id"": 8, ""status"": ""unanswered""}, {""id"": 9, ""status"": ""unanswered""}, {""id"": 10, ""status"": ""unanswered""}, {""id"": 11, ""status"": ""unanswered""}, {""id"": 12, ""status"": ""unanswered""}, {""id"": 13, ""answer"": ""さんごくし"", ""status"": ""correct""}, {""id"": 14, ""answer"": ""げんざいしんこうけい"", ""status"": ""correct""}, {""id"": 15, ""status"": ""unanswered""}, {""id"": 16, ""status"": ""unanswered""}, {""id"": 17, ""status"": ""unanswered""}, {""id"": 18, ""status"": ""unanswered""}, {""id"": 19, ""status"": ""unanswered""}, {""id"": 20, ""status"": ""unanswered""}, {""id"": 21, ""answer"": ""こい"", ""status"": ""correct""}, {""id"": 22, ""status"": ""unanswered""}, {""id"": 23, ""status"": ""unanswered""}, {""id"": 24, ""status"": ""unanswered""}, {""id"": 25, ""status"": ""unanswered""}], ""totalQuestions"": 25}"
019a4394-8e61-76bd-ac2d-7a2deec1b7a1,019a4389-d1fe-7e72-b379-fd7022810f51,9,2025-11-02 08:00:00.611657+00,2025-11-02 08:00:00.611657+00,"{""groupId"": ""019a4389-d1fe-7e72-b379-fd7022810f51"", ""startedAt"": ""2025-11-02T07:49:53.041Z"", ""questionStates"": [{""id"": 1, ""status"": ""unanswered""}, {""id"": 2, ""answer"": ""太平洋"", ""status"": ""correct""}, {""id"": 3, ""status"": ""unanswered""}, {""id"": 4, ""status"": ""unanswered""}, {""id"": 5, ""status"": ""unanswered""}, {""id"": 6, ""answer"": ""波"", ""status"": ""correct""}, {""id"": 7, ""status"": ""unanswered""}, {""id"": 8, ""status"": ""unanswered""}, {""id"": 9, ""status"": ""unanswered""}, {""id"": 10, ""status"": ""unanswered""}, {""id"": 11, ""answer"": ""B"", ""status"": ""incorrect""}, {""id"": 12, ""answer"": ""阪大生"", ""status"": ""correct""}, {""id"": 13, ""answer"": ""三国志"", ""status"": ""correct""}, {""id"": 14, ""answer"": ""現在進行形"", ""status"": ""correct""}, {""id"": 15, ""answer"": ""知識"", ""status"": ""correct""}, {""id"": 16, ""status"": ""unanswered""}, {""id"": 17, ""status"": ""unanswered""}, {""id"": 18, ""status"": ""unanswered""}, {""id"": 19, ""status"": ""unanswered""}, {""id"": 20, ""status"": ""unanswered""}, {""id"": 21, ""status"": ""unanswered""}, {""id"": 22, ""status"": ""unanswered""}, {""id"": 23, ""answer"": ""4"", ""status"": ""correct""}, {""id"": 24, ""status"": ""unanswered""}, {""id"": 25, ""status"": ""unanswered""}], ""totalQuestions"": 25}"
019a4394-c0f3-7b1f-8285-b782ada7d8af,019a4386-c5fe-74eb-bf9b-55de5956e669,6,2025-11-02 08:00:13.556008+00,2025-11-02 08:00:13.556008+00,"{""groupId"": ""019a4386-c5fe-74eb-bf9b-55de5956e669"", ""startedAt"": ""2025-11-02T07:49:51.223Z"", ""questionStates"": [{""id"": 1, ""status"": ""unanswered""}, {""id"": 2, ""answer"": ""たいへいよう"", ""status"": ""correct""}, {""id"": 3, ""status"": ""unanswered""}, {""id"": 4, ""status"": ""unanswered""}, {""id"": 5, ""status"": ""unanswered""}, {""id"": 6, ""status"": ""unanswered""}, {""id"": 7, ""answer"": ""はんだい"", ""status"": ""correct""}, {""id"": 8, ""answer"": ""SCIENCE"", ""status"": ""correct""}, {""id"": 9, ""status"": ""unanswered""}, {""id"": 10, ""status"": ""unanswered""}, {""id"": 11, ""status"": ""unanswered""}, {""id"": 12, ""answer"": ""e-learning"", ""status"": ""incorrect""}, {""id"": 13, ""status"": ""unanswered""}, {""id"": 14, ""status"": ""unanswered""}, {""id"": 15, ""answer"": ""ちしき"", ""status"": ""correct""}, {""id"": 16, ""status"": ""unanswered""}, {""id"": 17, ""status"": ""unanswered""}, {""id"": 18, ""status"": ""unanswered""}, {""id"": 19, ""status"": ""unanswered""}, {""id"": 20, ""status"": ""unanswered""}, {""id"": 21, ""answer"": ""こい"", ""status"": ""correct""}, {""id"": 22, ""status"": ""unanswered""}, {""id"": 23, ""answer"": ""4"", ""status"": ""correct""}, {""id"": 24, ""status"": ""unanswered""}, {""id"": 25, ""status"": ""unanswered""}], ""totalQuestions"": 25}"
019a4394-cced-7e55-aedd-61866849f5f7,019a438a-5860-725d-9a7e-6eb636952ce2,12,2025-11-02 08:00:16.62227+00,2025-11-02 08:00:16.62227+00,"{""groupId"": ""019a438a-5860-725d-9a7e-6eb636952ce2"", ""startedAt"": ""2025-11-02T07:49:53.743Z"", ""questionStates"": [{""id"": 1, ""status"": ""unanswered""}, {""id"": 2, ""status"": ""unanswered""}, {""id"": 3, ""status"": ""unanswered""}, {""id"": 4, ""answer"": ""ファミレス"", ""status"": ""correct""}, {""id"": 5, ""status"": ""unanswered""}, {""id"": 6, ""status"": ""unanswered""}, {""id"": 7, ""status"": ""unanswered""}, {""id"": 8, ""answer"": ""science"", ""status"": ""correct""}, {""id"": 9, ""status"": ""unanswered""}, {""id"": 10, ""status"": ""unanswered""}, {""id"": 11, ""status"": ""unanswered""}, {""id"": 12, ""status"": ""unanswered""}, {""id"": 13, ""answer"": ""三国志"", ""status"": ""correct""}, {""id"": 14, ""status"": ""unanswered""}, {""id"": 15, ""status"": ""unanswered""}, {""id"": 16, ""status"": ""unanswered""}, {""id"": 17, ""answer"": ""知恵"", ""status"": ""correct""}, {""id"": 18, ""status"": ""unanswered""}, {""id"": 19, ""answer"": ""クリスマス"", ""status"": ""correct""}, {""id"": 20, ""status"": ""unanswered""}, {""id"": 21, ""status"": ""unanswered""}, {""id"": 22, ""answer"": ""中国"", ""status"": ""correct""}, {""id"": 23, ""status"": ""unanswered""}, {""id"": 24, ""status"": ""unanswered""}, {""id"": 25, ""status"": ""unanswered""}], ""totalQuestions"": 25}"
019a4394-ce8f-79b6-b5d2-2ccc84b7edba,019a438a-fde6-7666-a81d-a129f6ffd75d,4,2025-11-02 08:00:17.039858+00,2025-11-02 08:00:17.039858+00,"{""groupId"": ""019a438a-fde6-7666-a81d-a129f6ffd75d"", ""startedAt"": ""2025-11-02T07:49:53.145Z"", ""questionStates"": [{""id"": 1, ""status"": ""unanswered""}, {""id"": 2, ""answer"": ""太平洋"", ""status"": ""correct""}, {""id"": 3, ""status"": ""unanswered""}, {""id"": 4, ""status"": ""unanswered""}, {""id"": 5, ""answer"": ""INTERNET"", ""status"": ""incorrect""}, {""id"": 6, ""status"": ""unanswered""}, {""id"": 7, ""status"": ""unanswered""}, {""id"": 8, ""status"": ""unanswered""}, {""id"": 9, ""status"": ""unanswered""}, {""id"": 10, ""answer"": ""かね"", ""status"": ""incorrect""}, {""id"": 11, ""answer"": ""B"", ""status"": ""incorrect""}, {""id"": 12, ""status"": ""unanswered""}, {""id"": 13, ""status"": ""unanswered""}, {""id"": 14, ""status"": ""unanswered""}, {""id"": 15, ""status"": ""unanswered""}, {""id"": 16, ""status"": ""unanswered""}, {""id"": 17, ""status"": ""unanswered""}, {""id"": 18, ""status"": ""unanswered""}, {""id"": 19, ""status"": ""unanswered""}, {""id"": 20, ""status"": ""unanswered""}, {""id"": 21, ""status"": ""unanswered""}, {""id"": 22, ""answer"": ""中国"", ""status"": ""correct""}, {""id"": 23, ""answer"": ""4"", ""status"": ""correct""}, {""id"": 24, ""status"": ""unanswered""}, {""id"": 25, ""status"": ""unanswered""}], ""totalQuestions"": 25}"
019a43aa-77b4-7c0c-ab34-33a416a1e771,019a43a0-b2a3-7b22-9777-bbbc7ef01a49,2,2025-11-02 08:23:56.598652+00,2025-11-02 08:23:56.598652+00,"{""groupId"": ""019a43a0-b2a3-7b22-9777-bbbc7ef01a49"", ""startedAt"": ""2025-11-02T08:13:53.062Z"", ""questionStates"": [{""id"": 1, ""status"": ""unanswered""}, {""id"": 2, ""answer"": ""たいへいよう"", ""status"": ""correct""}, {""id"": 3, ""status"": ""unanswered""}, {""id"": 4, ""status"": ""unanswered""}, {""id"": 5, ""status"": ""unanswered""}, {""id"": 6, ""status"": ""unanswered""}, {""id"": 7, ""status"": ""unanswered""}, {""id"": 8, ""status"": ""unanswered""}, {""id"": 9, ""status"": ""unanswered""}, {""id"": 10, ""status"": ""unanswered""}, {""id"": 11, ""status"": ""unanswered""}, {""id"": 12, ""answer"": ""HANDAISAI"", ""status"": ""incorrect""}, {""id"": 13, ""status"": ""unanswered""}, {""id"": 14, ""status"": ""unanswered""}, {""id"": 15, ""answer"": ""ちしき"", ""status"": ""correct""}, {""id"": 16, ""status"": ""unanswered""}, {""id"": 17, ""status"": ""unanswered""}, {""id"": 18, ""status"": ""unanswered""}, {""id"": 19, ""status"": ""unanswered""}, {""id"": 20, ""status"": ""unanswered""}, {""id"": 21, ""status"": ""unanswered""}, {""id"": 22, ""status"": ""unanswered""}, {""id"": 23, ""status"": ""unanswered""}, {""id"": 24, ""status"": ""unanswered""}, {""id"": 25, ""status"": ""unanswered""}], ""totalQuestions"": 25}"
019a43aa-78b1-7cc3-ba5b-f9af06f628b9,019a43a0-b939-79b8-9cbe-e6a0e3f90f6f,7,2025-11-02 08:23:56.850296+00,2025-11-02 08:23:56.850296+00,"{""groupId"": ""019a43a0-b939-79b8-9cbe-e6a0e3f90f6f"", ""startedAt"": ""2025-11-02T08:13:54.327Z"", ""questionStates"": [{""id"": 1, ""status"": ""unanswered""}, {""id"": 2, ""answer"": ""たいへいよう"", ""status"": ""correct""}, {""id"": 3, ""status"": ""unanswered""}, {""id"": 4, ""status"": ""unanswered""}, {""id"": 5, ""answer"": ""INTERNET"", ""status"": ""incorrect""}, {""id"": 6, ""status"": ""unanswered""}, {""id"": 7, ""status"": ""unanswered""}, {""id"": 8, ""status"": ""unanswered""}, {""id"": 9, ""status"": ""unanswered""}, {""id"": 10, ""status"": ""unanswered""}, {""id"": 11, ""status"": ""unanswered""}, {""id"": 12, ""answer"": ""HANDAISEI"", ""status"": ""correct""}, {""id"": 13, ""answer"": ""さんごしく"", ""status"": ""incorrect""}, {""id"": 14, ""status"": ""unanswered""}, {""id"": 15, ""answer"": ""ちしき"", ""status"": ""correct""}, {""id"": 16, ""status"": ""unanswered""}, {""id"": 17, ""answer"": ""はさん"", ""status"": ""incorrect""}, {""id"": 18, ""status"": ""unanswered""}, {""id"": 19, ""answer"": ""クリスマス"", ""status"": ""correct""}, {""id"": 20, ""status"": ""unanswered""}, {""id"": 21, ""status"": ""unanswered""}, {""id"": 22, ""answer"": ""中国"", ""status"": ""correct""}, {""id"": 23, ""status"": ""unanswered""}, {""id"": 24, ""status"": ""unanswered""}, {""id"": 25, ""status"": ""unanswered""}], ""totalQuestions"": 25}"
019a43aa-78ba-7807-97a1-849aff3bda66,019a43a0-c86e-74e9-b966-9816498cfa28,3,2025-11-02 08:23:56.86193+00,2025-11-02 08:23:56.86193+00,"{""groupId"": ""019a43a0-c86e-74e9-b966-9816498cfa28"", ""startedAt"": ""2025-11-02T08:13:54.418Z"", ""questionStates"": [{""id"": 1, ""status"": ""unanswered""}, {""id"": 2, ""status"": ""unanswered""}, {""id"": 3, ""status"": ""unanswered""}, {""id"": 4, ""answer"": ""いぎり"", ""status"": ""incorrect""}, {""id"": 5, ""status"": ""unanswered""}, {""id"": 6, ""answer"": ""い"", ""status"": ""incorrect""}, {""id"": 7, ""answer"": ""はんだい"", ""status"": ""correct""}, {""id"": 8, ""status"": ""unanswered""}, {""id"": 9, ""status"": ""unanswered""}, {""id"": 10, ""status"": ""unanswered""}, {""id"": 11, ""status"": ""unanswered""}, {""id"": 12, ""status"": ""unanswered""}, {""id"": 13, ""status"": ""unanswered""}, {""id"": 14, ""status"": ""unanswered""}, {""id"": 15, ""status"": ""unanswered""}, {""id"": 16, ""answer"": ""124"", ""status"": ""incorrect""}, {""id"": 17, ""answer"": ""ふな"", ""status"": ""incorrect""}, {""id"": 18, ""status"": ""unanswered""}, {""id"": 19, ""answer"": ""クリスマス"", ""status"": ""correct""}, {""id"": 20, ""answer"": ""しまうま"", ""status"": ""incorrect""}, {""id"": 21, ""answer"": ""あいす"", ""status"": ""incorrect""}, {""id"": 22, ""status"": ""unanswered""}, {""id"": 23, ""status"": ""unanswered""}, {""id"": 24, ""status"": ""unanswered""}, {""id"": 25, ""status"": ""unanswered""}], ""totalQuestions"": 25}"
019a43aa-79c7-7db8-a7e2-ff43e1773d02,019a439d-70ff-7964-b828-94b92f701770,11,2025-11-02 08:23:57.129179+00,2025-11-02 08:23:57.129179+00,"{""groupId"": ""019a439d-70ff-7964-b828-94b92f701770"", ""startedAt"": ""2025-11-02T08:13:55.639Z"", ""questionStates"": [{""id"": 1, ""status"": ""unanswered""}, {""id"": 2, ""answer"": ""たいへいよう"", ""status"": ""correct""}, {""id"": 3, ""status"": ""unanswered""}, {""id"": 4, ""status"": ""unanswered""}, {""id"": 5, ""answer"": ""INTERNET"", ""status"": ""incorrect""}, {""id"": 6, ""status"": ""unanswered""}, {""id"": 7, ""status"": ""unanswered""}, {""id"": 8, ""status"": ""unanswered""}, {""id"": 9, ""status"": ""unanswered""}, {""id"": 10, ""answer"": ""あみくろ"", ""status"": ""incorrect""}, {""id"": 11, ""answer"": ""B"", ""status"": ""incorrect""}, {""id"": 12, ""answer"": ""HANDNE"", ""status"": ""incorrect""}, {""id"": 13, ""status"": ""unanswered""}, {""id"": 14, ""status"": ""unanswered""}, {""id"": 15, ""answer"": ""ちしき"", ""status"": ""correct""}, {""id"": 16, ""status"": ""unanswered""}, {""id"": 17, ""status"": ""unanswered""}, {""id"": 18, ""answer"": ""ばーど"", ""status"": ""correct""}, {""id"": 19, ""status"": ""unanswered""}, {""id"": 20, ""answer"": ""えんすい"", ""status"": ""correct""}, {""id"": 21, ""answer"": ""こい"", ""status"": ""correct""}, {""id"": 22, ""answer"": ""中国"", ""status"": ""correct""}, {""id"": 23, ""answer"": ""4"", ""status"": ""correct""}, {""id"": 24, ""answer"": ""いんしん"", ""status"": ""correct""}, {""id"": 25, ""status"": ""unanswered""}], ""totalQuestions"": 25}"
019a43aa-7bb4-772c-aa94-b8c762f73de4,019a439d-fe47-7172-82f6-53ed6379594c,4,2025-11-02 08:23:57.623442+00,2025-11-02 08:23:57.623442+00,"{""groupId"": ""019a439d-fe47-7172-82f6-53ed6379594c"", ""startedAt"": ""2025-11-02T08:13:55.998Z"", ""questionStates"": [{""id"": 1, ""status"": ""unanswered""}, {""id"": 2, ""status"": ""unanswered""}, {""id"": 3, ""status"": ""unanswered""}, {""id"": 4, ""status"": ""unanswered""}, {""id"": 5, ""answer"": ""internet"", ""status"": ""correct""}, {""id"": 6, ""status"": ""unanswered""}, {""id"": 7, ""answer"": ""はんだい"", ""status"": ""correct""}, {""id"": 8, ""status"": ""unanswered""}, {""id"": 9, ""status"": ""unanswered""}, {""id"": 10, ""status"": ""unanswered""}, {""id"": 11, ""status"": ""unanswered""}, {""id"": 12, ""status"": ""unanswered""}, {""id"": 13, ""status"": ""unanswered""}, {""id"": 14, ""answer"": ""げんざいしんこうけい"", ""status"": ""correct""}, {""id"": 15, ""status"": ""unanswered""}, {""id"": 16, ""status"": ""unanswered""}, {""id"": 17, ""status"": ""unanswered""}, {""id"": 18, ""status"": ""unanswered""}, {""id"": 19, ""status"": ""unanswered""}, {""id"": 20, ""status"": ""unanswered""}, {""id"": 21, ""status"": ""unanswered""}, {""id"": 22, ""status"": ""unanswered""}, {""id"": 23, ""answer"": ""4"", ""status"": ""correct""}, {""id"": 24, ""status"": ""unanswered""}, {""id"": 25, ""status"": ""unanswered""}], ""totalQuestions"": 25}"
019a43ba-c55a-7b0c-a677-c9c52b2d6c37,019a43b0-600e-71e1-b9d3-d6df5e48fcf4,4,2025-11-02 08:41:45.07+00,2025-11-02 08:41:45.07+00,"{""groupId"": ""019a43b0-600e-71e1-b9d3-d6df5e48fcf4"", ""startedAt"": ""2025-11-02T08:31:43.310Z"", ""questionStates"": [{""id"": 1, ""status"": ""unanswered""}, {""id"": 2, ""status"": ""unanswered""}, {""id"": 3, ""status"": ""unanswered""}, {""id"": 4, ""answer"": ""ふぁみれす"", ""status"": ""correct""}, {""id"": 5, ""status"": ""unanswered""}, {""id"": 6, ""status"": ""unanswered""}, {""id"": 7, ""status"": ""unanswered""}, {""id"": 8, ""status"": ""unanswered""}, {""id"": 9, ""status"": ""unanswered""}, {""id"": 10, ""status"": ""unanswered""}, {""id"": 11, ""status"": ""unanswered""}, {""id"": 12, ""status"": ""unanswered""}, {""id"": 13, ""status"": ""unanswered""}, {""id"": 14, ""answer"": ""げんざいしんこうけい"", ""status"": ""correct""}, {""id"": 15, ""status"": ""unanswered""}, {""id"": 16, ""status"": ""unanswered""}, {""id"": 17, ""status"": ""unanswered""}, {""id"": 18, ""status"": ""unanswered""}, {""id"": 19, ""answer"": ""くりすます"", ""status"": ""incorrect""}, {""id"": 20, ""status"": ""unanswered""}, {""id"": 21, ""status"": ""unanswered""}, {""id"": 22, ""status"": ""unanswered""}, {""id"": 23, ""status"": ""unanswered""}, {""id"": 24, ""status"": ""unanswered""}, {""id"": 25, ""status"": ""unanswered""}], ""totalQuestions"": 25}"
019a43ba-c86b-779c-b950-cc2259214a3e,019a43af-e2cc-7992-9d44-c972906e825b,5,2025-11-02 08:41:45.836703+00,2025-11-02 08:41:45.836703+00,"{""groupId"": ""019a43af-e2cc-7992-9d44-c972906e825b"", ""startedAt"": ""2025-11-02T08:31:43.442Z"", ""questionStates"": [{""id"": 1, ""status"": ""unanswered""}, {""id"": 2, ""status"": ""unanswered""}, {""id"": 3, ""answer"": ""秋刀魚"", ""status"": ""correct""}, {""id"": 4, ""status"": ""unanswered""}, {""id"": 5, ""status"": ""unanswered""}, {""id"": 6, ""status"": ""unanswered""}, {""id"": 7, ""answer"": ""はんだい"", ""status"": ""correct""}, {""id"": 8, ""answer"": ""Science"", ""status"": ""incorrect""}, {""id"": 9, ""status"": ""unanswered""}, {""id"": 10, ""status"": ""unanswered""}, {""id"": 11, ""status"": ""unanswered""}, {""id"": 12, ""status"": ""unanswered""}, {""id"": 13, ""status"": ""unanswered""}, {""id"": 14, ""status"": ""unanswered""}, {""id"": 15, ""status"": ""unanswered""}, {""id"": 16, ""status"": ""unanswered""}, {""id"": 17, ""answer"": ""ちえ"", ""status"": ""correct""}, {""id"": 18, ""status"": ""unanswered""}, {""id"": 19, ""status"": ""unanswered""}, {""id"": 20, ""status"": ""unanswered""}, {""id"": 21, ""status"": ""unanswered""}, {""id"": 22, ""status"": ""unanswered""}, {""id"": 23, ""status"": ""unanswered""}, {""id"": 24, ""status"": ""unanswered""}, {""id"": 25, ""status"": ""unanswered""}], ""totalQuestions"": 25}"
019a43ba-ce60-7165-aec5-2b0e991a41ca,019a43af-b113-7bd3-a270-6c8e825f83d6,4,2025-11-02 08:41:47.361304+00,2025-11-02 08:41:47.361304+00,"{""groupId"": ""019a43af-b113-7bd3-a270-6c8e825f83d6"", ""startedAt"": ""2025-11-02T08:31:44.946Z"", ""questionStates"": [{""id"": 1, ""status"": ""unanswered""}, {""id"": 2, ""answer"": ""へ"", ""status"": ""incorrect""}, {""id"": 3, ""status"": ""unanswered""}, {""id"": 4, ""status"": ""unanswered""}, {""id"": 5, ""answer"": ""INSERNFT"", ""status"": ""incorrect""}, {""id"": 6, ""status"": ""unanswered""}, {""id"": 7, ""answer"": ""はんだい"", ""status"": ""correct""}, {""id"": 8, ""answer"": ""SCIENCE"", ""status"": ""correct""}, {""id"": 9, ""status"": ""unanswered""}, {""id"": 10, ""status"": ""unanswered""}, {""id"": 11, ""status"": ""unanswered""}, {""id"": 12, ""status"": ""unanswered""}, {""id"": 13, ""status"": ""unanswered""}, {""id"": 14, ""status"": ""unanswered""}, {""id"": 15, ""answer"": ""ちしき"", ""status"": ""correct""}, {""id"": 16, ""status"": ""unanswered""}, {""id"": 17, ""status"": ""unanswered""}, {""id"": 18, ""status"": ""unanswered""}, {""id"": 19, ""status"": ""unanswered""}, {""id"": 20, ""status"": ""unanswered""}, {""id"": 21, ""answer"": ""鯉"", ""status"": ""correct""}, {""id"": 22, ""answer"": ""ふぉー"", ""status"": ""incorrect""}, {""id"": 23, ""status"": ""unanswered""}, {""id"": 24, ""status"": ""unanswered""}, {""id"": 25, ""status"": ""unanswered""}], ""totalQuestions"": 25}"
019a43ba-d29a-7c10-8bc9-594c39571edb,019a43b0-c64b-7c9b-a4ba-11777792fdb6,5,2025-11-02 08:41:48.443376+00,2025-11-02 08:41:48.443376+00,"{""groupId"": ""019a43b0-c64b-7c9b-a4ba-11777792fdb6"", ""startedAt"": ""2025-11-02T08:31:43.904Z"", ""questionStates"": [{""id"": 1, ""status"": ""unanswered""}, {""id"": 2, ""answer"": ""たいへいよう"", ""status"": ""correct""}, {""id"": 3, ""status"": ""unanswered""}, {""id"": 4, ""status"": ""unanswered""}, {""id"": 5, ""status"": ""unanswered""}, {""id"": 6, ""status"": ""unanswered""}, {""id"": 7, ""status"": ""unanswered""}, {""id"": 8, ""status"": ""unanswered""}, {""id"": 9, ""status"": ""unanswered""}, {""id"": 10, ""status"": ""unanswered""}, {""id"": 11, ""status"": ""unanswered""}, {""id"": 12, ""status"": ""unanswered""}, {""id"": 13, ""answer"": ""さんごくし"", ""status"": ""correct""}, {""id"": 14, ""answer"": ""げんざいしんこうけい"", ""status"": ""correct""}, {""id"": 15, ""answer"": ""ちしき"", ""status"": ""correct""}, {""id"": 16, ""status"": ""unanswered""}, {""id"": 17, ""status"": ""unanswered""}, {""id"": 18, ""answer"": ""ばーや"", ""status"": ""incorrect""}, {""id"": 19, ""status"": ""unanswered""}, {""id"": 20, ""status"": ""unanswered""}, {""id"": 21, ""status"": ""unanswered""}, {""id"": 22, ""status"": ""unanswered""}, {""id"": 23, ""status"": ""unanswered""}, {""id"": 24, ""status"": ""unanswered""}, {""id"": 25, ""status"": ""unanswered""}], ""totalQuestions"": 25}"
019a43ba-d52e-76a5-bede-b7a01c52997e,019a43af-8350-75e9-9ef1-5121cd9075b2,5,2025-11-02 08:41:49.103072+00,2025-11-02 08:41:49.103072+00,"{""groupId"": ""019a43af-8350-75e9-9ef1-5121cd9075b2"", ""startedAt"": ""2025-11-02T08:31:43.869Z"", ""questionStates"": [{""id"": 1, ""status"": ""unanswered""}, {""id"": 2, ""answer"": ""たいへいよう"", ""status"": ""correct""}, {""id"": 3, ""status"": ""unanswered""}, {""id"": 4, ""status"": ""unanswered""}, {""id"": 5, ""status"": ""unanswered""}, {""id"": 6, ""status"": ""unanswered""}, {""id"": 7, ""status"": ""unanswered""}, {""id"": 8, ""status"": ""unanswered""}, {""id"": 9, ""status"": ""unanswered""}, {""id"": 10, ""status"": ""unanswered""}, {""id"": 11, ""status"": ""unanswered""}, {""id"": 12, ""answer"": ""UNNDNISSI"", ""status"": ""incorrect""}, {""id"": 13, ""status"": ""unanswered""}, {""id"": 14, ""answer"": ""げんざいしんこうけい"", ""status"": ""correct""}, {""id"": 15, ""status"": ""unanswered""}, {""id"": 16, ""status"": ""unanswered""}, {""id"": 17, ""status"": ""unanswered""}, {""id"": 18, ""status"": ""unanswered""}, {""id"": 19, ""status"": ""unanswered""}, {""id"": 20, ""status"": ""unanswered""}, {""id"": 21, ""answer"": ""こい"", ""status"": ""correct""}, {""id"": 22, ""status"": ""unanswered""}, {""id"": 23, ""status"": ""unanswered""}, {""id"": 24, ""answer"": ""いんしん"", ""status"": ""correct""}, {""id"": 25, ""status"": ""unanswered""}], ""totalQuestions"": 25}"
019a43ba-d636-7014-96f9-4a4393e3f0f2,019a43af-673d-77a2-9709-713df2aae63f,9,2025-11-02 08:41:49.366624+00,2025-11-02 08:41:49.366624+00,"{""groupId"": ""019a43af-673d-77a2-9709-713df2aae63f"", ""startedAt"": ""2025-11-02T08:31:43.738Z"", ""questionStates"": [{""id"": 1, ""status"": ""unanswered""}, {""id"": 2, ""answer"": ""たいへいよう"", ""status"": ""correct""}, {""id"": 3, ""status"": ""unanswered""}, {""id"": 4, ""answer"": ""ファミレス"", ""status"": ""correct""}, {""id"": 5, ""status"": ""unanswered""}, {""id"": 6, ""status"": ""unanswered""}, {""id"": 7, ""answer"": ""はんだい"", ""status"": ""correct""}, {""id"": 8, ""status"": ""unanswered""}, {""id"": 9, ""status"": ""unanswered""}, {""id"": 10, ""status"": ""unanswered""}, {""id"": 11, ""answer"": ""B"", ""status"": ""incorrect""}, {""id"": 12, ""status"": ""unanswered""}, {""id"": 13, ""status"": ""unanswered""}, {""id"": 14, ""status"": ""unanswered""}, {""id"": 15, ""answer"": ""ちしき"", ""status"": ""correct""}, {""id"": 16, ""status"": ""unanswered""}, {""id"": 17, ""status"": ""unanswered""}, {""id"": 18, ""status"": ""unanswered""}, {""id"": 19, ""status"": ""unanswered""}, {""id"": 20, ""answer"": ""えんすい"", ""status"": ""correct""}, {""id"": 21, ""answer"": ""こい"", ""status"": ""correct""}, {""id"": 22, ""answer"": ""4"", ""status"": ""incorrect""}, {""id"": 23, ""status"": ""unanswered""}, {""id"": 24, ""status"": ""unanswered""}, {""id"": 25, ""status"": ""unanswered""}], ""totalQuestions"": 25}"
019a43bb-33c4-706e-bd5a-024193c94d0c,019a43af-dfb2-78ed-9336-032f55a4cf59,7,2025-11-02 08:42:13.316473+00,2025-11-02 08:42:13.316473+00,"{""groupId"": ""019a43af-dfb2-78ed-9336-032f55a4cf59"", ""startedAt"": ""2025-11-02T08:31:43.554Z"", ""questionStates"": [{""id"": 1, ""status"": ""unanswered""}, {""id"": 2, ""status"": ""unanswered""}, {""id"": 3, ""status"": ""unanswered""}, {""id"": 4, ""status"": ""unanswered""}, {""id"": 5, ""answer"": ""Internet"", ""status"": ""correct""}, {""id"": 6, ""status"": ""unanswered""}, {""id"": 7, ""status"": ""unanswered""}, {""id"": 8, ""status"": ""unanswered""}, {""id"": 9, ""status"": ""unanswered""}, {""id"": 10, ""status"": ""unanswered""}, {""id"": 11, ""status"": ""unanswered""}, {""id"": 12, ""status"": ""unanswered""}, {""id"": 13, ""status"": ""unanswered""}, {""id"": 14, ""answer"": ""げんざいしんこうけい"", ""status"": ""correct""}, {""id"": 15, ""answer"": ""ちしき"", ""status"": ""correct""}, {""id"": 16, ""status"": ""unanswered""}, {""id"": 17, ""status"": ""unanswered""}, {""id"": 18, ""answer"": ""バード"", ""status"": ""correct""}, {""id"": 19, ""status"": ""unanswered""}, {""id"": 20, ""status"": ""unanswered""}, {""id"": 21, ""status"": ""unanswered""}, {""id"": 22, ""answer"": ""中国"", ""status"": ""correct""}, {""id"": 23, ""answer"": ""4"", ""status"": ""correct""}, {""id"": 24, ""status"": ""unanswered""}, {""id"": 25, ""status"": ""unanswered""}], ""totalQuestions"": 25}"
019a43cd-3379-7ca9-9d41-260ee9d2b5db,019a43c1-c11a-7916-8504-450e474519fb,5,2025-11-02 09:01:52.890436+00,2025-11-02 09:01:52.890436+00,"{""groupId"": ""019a43c1-c11a-7916-8504-450e474519fb"", ""startedAt"": ""2025-11-02T08:51:51.938Z"", ""questionStates"": [{""id"": 1, ""status"": ""unanswered""}, {""id"": 2, ""answer"": ""たいへいよう"", ""status"": ""correct""}, {""id"": 3, ""status"": ""unanswered""}, {""id"": 4, ""status"": ""unanswered""}, {""id"": 5, ""answer"": ""INTERNET"", ""status"": ""incorrect""}, {""id"": 6, ""status"": ""unanswered""}, {""id"": 7, ""status"": ""unanswered""}, {""id"": 8, ""answer"": ""science"", ""status"": ""correct""}, {""id"": 9, ""status"": ""unanswered""}, {""id"": 10, ""status"": ""unanswered""}, {""id"": 11, ""status"": ""unanswered""}, {""id"": 12, ""status"": ""unanswered""}, {""id"": 13, ""status"": ""unanswered""}, {""id"": 14, ""answer"": ""げんざいしんこうけい"", ""status"": ""correct""}, {""id"": 15, ""status"": ""unanswered""}, {""id"": 16, ""status"": ""unanswered""}, {""id"": 17, ""status"": ""unanswered""}, {""id"": 18, ""status"": ""unanswered""}, {""id"": 19, ""answer"": ""クリスマス"", ""status"": ""correct""}, {""id"": 20, ""status"": ""unanswered""}, {""id"": 21, ""status"": ""unanswered""}, {""id"": 22, ""status"": ""unanswered""}, {""id"": 23, ""status"": ""unanswered""}, {""id"": 24, ""status"": ""unanswered""}, {""id"": 25, ""status"": ""unanswered""}], ""totalQuestions"": 25}"
019a43cd-35e8-7a3f-9849-e859a31f095d,019a43c1-96e6-7813-b499-cfce5bbc2d96,16,2025-11-02 09:01:53.513382+00,2025-11-02 09:01:53.513382+00,"{""groupId"": ""019a43c1-96e6-7813-b499-cfce5bbc2d96"", ""startedAt"": ""2025-11-02T08:51:53.298Z"", ""questionStates"": [{""id"": 1, ""status"": ""unanswered""}, {""id"": 2, ""answer"": ""たいへいよう"", ""status"": ""correct""}, {""id"": 3, ""status"": ""unanswered""}, {""id"": 4, ""answer"": ""ふぁみれす"", ""status"": ""correct""}, {""id"": 5, ""status"": ""unanswered""}, {""id"": 6, ""status"": ""unanswered""}, {""id"": 7, ""answer"": ""はんだい"", ""status"": ""correct""}, {""id"": 8, ""status"": ""unanswered""}, {""id"": 9, ""status"": ""unanswered""}, {""id"": 10, ""status"": ""unanswered""}, {""id"": 11, ""answer"": ""B"", ""status"": ""incorrect""}, {""id"": 12, ""answer"": ""はんだいせい"", ""status"": ""correct""}, {""id"": 13, ""status"": ""unanswered""}, {""id"": 14, ""status"": ""unanswered""}, {""id"": 15, ""answer"": ""ちしき"", ""status"": ""correct""}, {""id"": 16, ""status"": ""unanswered""}, {""id"": 17, ""answer"": ""ちえ"", ""status"": ""correct""}, {""id"": 18, ""status"": ""unanswered""}, {""id"": 19, ""answer"": ""クリスマス"", ""status"": ""correct""}, {""id"": 20, ""status"": ""unanswered""}, {""id"": 21, ""answer"": ""こおり"", ""status"": ""incorrect""}, {""id"": 22, ""answer"": ""ちゅうごく"", ""status"": ""correct""}, {""id"": 23, ""answer"": ""4"", ""status"": ""correct""}, {""id"": 24, ""answer"": ""いんしん"", ""status"": ""correct""}, {""id"": 25, ""status"": ""unanswered""}], ""totalQuestions"": 25}"
019a43cd-3d5e-7d5b-b7b3-c4cad5e0d867,019a43c1-fafe-7737-a361-a27aa00d133d,6,2025-11-02 09:01:55.425026+00,2025-11-02 09:01:55.425026+00,"{""groupId"": ""019a43c1-fafe-7737-a361-a27aa00d133d"", ""startedAt"": ""2025-11-02T08:51:52.069Z"", ""questionStates"": [{""id"": 1, ""status"": ""unanswered""}, {""id"": 2, ""status"": ""unanswered""}, {""id"": 3, ""status"": ""unanswered""}, {""id"": 4, ""status"": ""unanswered""}, {""id"": 5, ""answer"": ""INTERNET"", ""status"": ""incorrect""}, {""id"": 6, ""status"": ""unanswered""}, {""id"": 7, ""answer"": ""はんだい"", ""status"": ""correct""}, {""id"": 8, ""status"": ""unanswered""}, {""id"": 9, ""status"": ""unanswered""}, {""id"": 10, ""status"": ""unanswered""}, {""id"": 11, ""answer"": ""B"", ""status"": ""incorrect""}, {""id"": 12, ""status"": ""unanswered""}, {""id"": 13, ""answer"": ""三国志"", ""status"": ""correct""}, {""id"": 14, ""status"": ""unanswered""}, {""id"": 15, ""status"": ""unanswered""}, {""id"": 16, ""status"": ""unanswered""}, {""id"": 17, ""status"": ""unanswered""}, {""id"": 18, ""status"": ""unanswered""}, {""id"": 19, ""status"": ""unanswered""}, {""id"": 20, ""status"": ""unanswered""}, {""id"": 21, ""status"": ""unanswered""}, {""id"": 22, ""answer"": ""中国"", ""status"": ""correct""}, {""id"": 23, ""answer"": ""4"", ""status"": ""correct""}, {""id"": 24, ""status"": ""unanswered""}, {""id"": 25, ""status"": ""unanswered""}], ""totalQuestions"": 25}"
019a43cd-6cfc-7ba8-a8d3-5374cdfe7ee8,019a43c4-34c6-7338-b813-2abb66de842c,3,2025-11-02 09:02:07.614378+00,2025-11-02 09:02:07.614378+00,"{""groupId"": ""019a43c4-34c6-7338-b813-2abb66de842c"", ""startedAt"": ""2025-11-02T08:52:05.053Z"", ""questionStates"": [{""id"": 1, ""status"": ""unanswered""}, {""id"": 2, ""answer"": ""たいへいよう"", ""status"": ""correct""}, {""id"": 3, ""status"": ""unanswered""}, {""id"": 4, ""status"": ""unanswered""}, {""id"": 5, ""status"": ""unanswered""}, {""id"": 6, ""status"": ""unanswered""}, {""id"": 7, ""status"": ""unanswered""}, {""id"": 8, ""status"": ""unanswered""}, {""id"": 9, ""status"": ""unanswered""}, {""id"": 10, ""status"": ""unanswered""}, {""id"": 11, ""answer"": ""B"", ""status"": ""incorrect""}, {""id"": 12, ""answer"": ""HANNDAISEI"", ""status"": ""incorrect""}, {""id"": 13, ""status"": ""unanswered""}, {""id"": 14, ""answer"": ""げんざいしんこうけい"", ""status"": ""correct""}, {""id"": 15, ""status"": ""unanswered""}, {""id"": 16, ""status"": ""unanswered""}, {""id"": 17, ""status"": ""unanswered""}, {""id"": 18, ""status"": ""unanswered""}, {""id"": 19, ""status"": ""unanswered""}, {""id"": 20, ""status"": ""unanswered""}, {""id"": 21, ""answer"": ""こい"", ""status"": ""correct""}, {""id"": 22, ""status"": ""unanswered""}, {""id"": 23, ""status"": ""unanswered""}, {""id"": 24, ""status"": ""unanswered""}, {""id"": 25, ""status"": ""unanswered""}], ""totalQuestions"": 25}"
019a43df-088f-7e21-8cff-097dfe6a7396,019a43d1-6892-7ec1-9eaa-c02be6c19497,22,2025-11-02 09:21:21.552641+00,2025-11-02 09:21:21.552641+00,"{""groupId"": ""019a43d1-6892-7ec1-9eaa-c02be6c19497"", ""startedAt"": ""2025-11-02T09:11:20.991Z"", ""questionStates"": [{""id"": 1, ""answer"": ""たんい"", ""status"": ""correct""}, {""id"": 2, ""answer"": ""たいへいよう"", ""status"": ""correct""}, {""id"": 3, ""status"": ""unanswered""}, {""id"": 4, ""answer"": ""ふぁみれす"", ""status"": ""correct""}, {""id"": 5, ""answer"": ""INTERNET"", ""status"": ""incorrect""}, {""id"": 6, ""status"": ""unanswered""}, {""id"": 7, ""answer"": ""はんだい"", ""status"": ""correct""}, {""id"": 8, ""status"": ""unanswered""}, {""id"": 9, ""status"": ""unanswered""}, {""id"": 10, ""answer"": ""まちかね"", ""status"": ""correct""}, {""id"": 11, ""status"": ""unanswered""}, {""id"": 12, ""answer"": ""HANDAISEI"", ""status"": ""correct""}, {""id"": 13, ""answer"": ""三国志"", ""status"": ""correct""}, {""id"": 14, ""status"": ""unanswered""}, {""id"": 15, ""answer"": ""ちしき"", ""status"": ""correct""}, {""id"": 16, ""status"": ""unanswered""}, {""id"": 17, ""answer"": ""ちえ"", ""status"": ""correct""}, {""id"": 18, ""answer"": ""バード"", ""status"": ""correct""}, {""id"": 19, ""answer"": ""クリスマス"", ""status"": ""correct""}, {""id"": 20, ""status"": ""unanswered""}, {""id"": 21, ""status"": ""unanswered""}, {""id"": 22, ""answer"": ""ちゅうごく"", ""status"": ""correct""}, {""id"": 23, ""answer"": ""4"", ""status"": ""correct""}, {""id"": 24, ""status"": ""unanswered""}, {""id"": 25, ""status"": ""unanswered""}], ""totalQuestions"": 25}"
019a43df-185c-73bc-b25e-323c09af28ef,019a43d4-cd02-7606-b3fb-bb86f0cc1ce7,14,2025-11-02 09:21:25.596758+00,2025-11-02 09:21:25.596758+00,"{""groupId"": ""019a43d4-cd02-7606-b3fb-bb86f0cc1ce7"", ""startedAt"": ""2025-11-02T09:11:20.688Z"", ""questionStates"": [{""id"": 1, ""answer"": ""たんい"", ""status"": ""correct""}, {""id"": 2, ""status"": ""unanswered""}, {""id"": 3, ""status"": ""unanswered""}, {""id"": 4, ""status"": ""unanswered""}, {""id"": 5, ""status"": ""unanswered""}, {""id"": 6, ""status"": ""unanswered""}, {""id"": 7, ""answer"": ""はんだ"", ""status"": ""incorrect""}, {""id"": 8, ""answer"": ""さいえんす"", ""status"": ""incorrect""}, {""id"": 9, ""status"": ""unanswered""}, {""id"": 10, ""status"": ""unanswered""}, {""id"": 11, ""status"": ""unanswered""}, {""id"": 12, ""status"": ""unanswered""}, {""id"": 13, ""answer"": ""さんごくし"", ""status"": ""correct""}, {""id"": 14, ""answer"": ""げんざいしんこうけい"", ""status"": ""correct""}, {""id"": 15, ""status"": ""unanswered""}, {""id"": 16, ""answer"": ""ねんげつ"", ""status"": ""correct""}, {""id"": 17, ""status"": ""unanswered""}, {""id"": 18, ""status"": ""unanswered""}, {""id"": 19, ""answer"": ""くりすます"", ""status"": ""incorrect""}, {""id"": 20, ""answer"": ""えんすい"", ""status"": ""correct""}, {""id"": 21, ""answer"": ""こい"", ""status"": ""correct""}, {""id"": 22, ""status"": ""unanswered""}, {""id"": 23, ""status"": ""unanswered""}, {""id"": 24, ""answer"": ""いんしん"", ""status"": ""correct""}, {""id"": 25, ""status"": ""unanswered""}], ""totalQuestions"": 25}"
019a43df-1c69-7709-b7b8-13c40f0a0d0d,019a43d5-4e19-7eb3-ae9b-c4ef5f8c0659,17,2025-11-02 09:21:26.633953+00,2025-11-02 09:21:26.633953+00,"{""groupId"": ""019a43d5-4e19-7eb3-ae9b-c4ef5f8c0659"", ""startedAt"": ""2025-11-02T09:11:26.323Z"", ""questionStates"": [{""id"": 1, ""status"": ""unanswered""}, {""id"": 2, ""status"": ""unanswered""}, {""id"": 3, ""status"": ""unanswered""}, {""id"": 4, ""answer"": ""ふぁみれす"", ""status"": ""correct""}, {""id"": 5, ""status"": ""unanswered""}, {""id"": 6, ""status"": ""unanswered""}, {""id"": 7, ""answer"": ""はんだい"", ""status"": ""correct""}, {""id"": 8, ""answer"": ""SCIENCE"", ""status"": ""correct""}, {""id"": 9, ""status"": ""unanswered""}, {""id"": 10, ""status"": ""unanswered""}, {""id"": 11, ""status"": ""unanswered""}, {""id"": 12, ""status"": ""unanswered""}, {""id"": 13, ""answer"": ""三国志"", ""status"": ""correct""}, {""id"": 14, ""answer"": ""現在進行形"", ""status"": ""correct""}, {""id"": 15, ""status"": ""unanswered""}, {""id"": 16, ""status"": ""unanswered""}, {""id"": 17, ""answer"": ""ちえ"", ""status"": ""correct""}, {""id"": 18, ""answer"": ""バード"", ""status"": ""correct""}, {""id"": 19, ""answer"": ""クリスマス"", ""status"": ""correct""}, {""id"": 20, ""status"": ""unanswered""}, {""id"": 21, ""answer"": ""こい"", ""status"": ""correct""}, {""id"": 22, ""answer"": ""中国"", ""status"": ""correct""}, {""id"": 23, ""answer"": ""4"", ""status"": ""correct""}, {""id"": 24, ""status"": ""unanswered""}, {""id"": 25, ""status"": ""unanswered""}], ""totalQuestions"": 25}"
019a43df-1d1a-70f8-b752-543e0da6ad5b,019a43d5-35c5-76e9-9c03-b7e14869aa0c,10,2025-11-02 09:21:26.810503+00,2025-11-02 09:21:26.810503+00,"{""groupId"": ""019a43d5-35c5-76e9-9c03-b7e14869aa0c"", ""startedAt"": ""2025-11-02T09:11:22.329Z"", ""questionStates"": [{""id"": 1, ""answer"": ""たんい"", ""status"": ""correct""}, {""id"": 2, ""status"": ""unanswered""}, {""id"": 3, ""status"": ""unanswered""}, {""id"": 4, ""status"": ""unanswered""}, {""id"": 5, ""status"": ""unanswered""}, {""id"": 6, ""answer"": ""なみ"", ""status"": ""correct""}, {""id"": 7, ""status"": ""unanswered""}, {""id"": 8, ""status"": ""unanswered""}, {""id"": 9, ""status"": ""unanswered""}, {""id"": 10, ""answer"": ""まちかね"", ""status"": ""correct""}, {""id"": 11, ""status"": ""unanswered""}, {""id"": 12, ""status"": ""unanswered""}, {""id"": 13, ""status"": ""unanswered""}, {""id"": 14, ""status"": ""unanswered""}, {""id"": 15, ""status"": ""unanswered""}, {""id"": 16, ""status"": ""unanswered""}, {""id"": 17, ""status"": ""unanswered""}, {""id"": 18, ""answer"": ""ばーど"", ""status"": ""correct""}, {""id"": 19, ""status"": ""unanswered""}, {""id"": 20, ""status"": ""unanswered""}, {""id"": 21, ""status"": ""unanswered""}, {""id"": 22, ""status"": ""unanswered""}, {""id"": 23, ""status"": ""unanswered""}, {""id"": 24, ""answer"": ""いんしん"", ""status"": ""correct""}, {""id"": 25, ""status"": ""unanswered""}], ""totalQuestions"": 25}"
019a43df-58e8-7896-aa3c-502d60161222,019a43d4-a1bd-7771-8852-fb9bd67c95d6,8,2025-11-02 09:21:42.121433+00,2025-11-02 09:21:42.121433+00,"{""groupId"": ""019a43d4-a1bd-7771-8852-fb9bd67c95d6"", ""startedAt"": ""2025-11-02T09:11:20.855Z"", ""questionStates"": [{""id"": 1, ""status"": ""unanswered""}, {""id"": 2, ""answer"": ""たいへいよう"", ""status"": ""correct""}, {""id"": 3, ""status"": ""unanswered""}, {""id"": 4, ""status"": ""unanswered""}, {""id"": 5, ""status"": ""unanswered""}, {""id"": 6, ""answer"": ""波"", ""status"": ""correct""}, {""id"": 7, ""status"": ""unanswered""}, {""id"": 8, ""status"": ""unanswered""}, {""id"": 9, ""status"": ""unanswered""}, {""id"": 10, ""status"": ""unanswered""}, {""id"": 11, ""answer"": ""B"", ""status"": ""incorrect""}, {""id"": 12, ""answer"": ""HANDAISEI"", ""status"": ""correct""}, {""id"": 13, ""status"": ""unanswered""}, {""id"": 14, ""status"": ""unanswered""}, {""id"": 15, ""answer"": ""ちしき"", ""status"": ""correct""}, {""id"": 16, ""status"": ""unanswered""}, {""id"": 17, ""status"": ""unanswered""}, {""id"": 18, ""status"": ""unanswered""}, {""id"": 19, ""status"": ""unanswered""}, {""id"": 20, ""status"": ""unanswered""}, {""id"": 21, ""status"": ""unanswered""}, {""id"": 22, ""answer"": ""中国"", ""status"": ""correct""}, {""id"": 23, ""answer"": ""4"", ""status"": ""correct""}, {""id"": 24, ""status"": ""unanswered""}, {""id"": 25, ""status"": ""unanswered""}], ""totalQuestions"": 25}"
019a43df-7546-79e6-9931-6194f49f21cc,019a43d5-2d4c-7595-af92-69251f190427,16,2025-11-02 09:21:49.384086+00,2025-11-02 09:21:49.384086+00,"{""groupId"": ""019a43d5-2d4c-7595-af92-69251f190427"", ""startedAt"": ""2025-11-02T09:11:21.787Z"", ""questionStates"": [{""id"": 1, ""status"": ""unanswered""}, {""id"": 2, ""answer"": ""たいへいよう"", ""status"": ""correct""}, {""id"": 3, ""status"": ""unanswered""}, {""id"": 4, ""answer"": ""ファミレス"", ""status"": ""correct""}, {""id"": 5, ""status"": ""unanswered""}, {""id"": 6, ""answer"": ""なみ"", ""status"": ""correct""}, {""id"": 7, ""answer"": ""はんだい"", ""status"": ""correct""}, {""id"": 8, ""answer"": ""SCIENCE"", ""status"": ""correct""}, {""id"": 9, ""status"": ""unanswered""}, {""id"": 10, ""answer"": ""まちかね"", ""status"": ""correct""}, {""id"": 11, ""answer"": ""B"", ""status"": ""incorrect""}, {""id"": 12, ""status"": ""unanswered""}, {""id"": 13, ""answer"": ""三国志"", ""status"": ""correct""}, {""id"": 14, ""answer"": ""現在進行形"", ""status"": ""correct""}, {""id"": 15, ""status"": ""unanswered""}, {""id"": 16, ""status"": ""unanswered""}, {""id"": 17, ""status"": ""unanswered""}, {""id"": 18, ""status"": ""unanswered""}, {""id"": 19, ""answer"": ""クリスマス"", ""status"": ""correct""}, {""id"": 20, ""status"": ""unanswered""}, {""id"": 21, ""answer"": ""こい"", ""status"": ""correct""}, {""id"": 22, ""status"": ""unanswered""}, {""id"": 23, ""status"": ""unanswered""}, {""id"": 24, ""status"": ""unanswered""}, {""id"": 25, ""status"": ""unanswered""}], ""totalQuestions"": 25}"
019a474d-a92d-78d6-9953-fc4eae825bbd,019a4742-fea7-7e43-afba-549849ad6828,11,2025-11-03 01:21:03.281046+00,2025-11-03 01:21:03.281046+00,"{""groupId"": ""019a4742-fea7-7e43-afba-549849ad6828"", ""startedAt"": ""2025-11-03T01:11:01.920Z"", ""questionStates"": [{""id"": 1, ""status"": ""unanswered""}, {""id"": 2, ""status"": ""unanswered""}, {""id"": 3, ""status"": ""unanswered""}, {""id"": 4, ""answer"": ""ふぁみれす"", ""status"": ""correct""}, {""id"": 5, ""status"": ""unanswered""}, {""id"": 6, ""status"": ""unanswered""}, {""id"": 7, ""answer"": ""はんだい"", ""status"": ""correct""}, {""id"": 8, ""status"": ""unanswered""}, {""id"": 9, ""status"": ""unanswered""}, {""id"": 10, ""status"": ""unanswered""}, {""id"": 11, ""status"": ""unanswered""}, {""id"": 12, ""status"": ""unanswered""}, {""id"": 13, ""answer"": ""さんごくし"", ""status"": ""correct""}, {""id"": 14, ""answer"": ""げんざいしんこうけ"", ""status"": ""incorrect""}, {""id"": 15, ""status"": ""unanswered""}, {""id"": 16, ""status"": ""unanswered""}, {""id"": 17, ""answer"": ""ちえ"", ""status"": ""correct""}, {""id"": 18, ""status"": ""unanswered""}, {""id"": 19, ""answer"": ""くりすます"", ""status"": ""incorrect""}, {""id"": 20, ""answer"": ""えんすい"", ""status"": ""correct""}, {""id"": 21, ""answer"": ""こい"", ""status"": ""correct""}, {""id"": 22, ""status"": ""unanswered""}, {""id"": 23, ""status"": ""unanswered""}, {""id"": 24, ""answer"": ""へんしん"", ""status"": ""incorrect""}, {""id"": 25, ""status"": ""unanswered""}], ""totalQuestions"": 25}"
019a474d-b5c1-7704-89ce-50f7bdc42c08,019a4742-5ba7-7a48-afc0-32fc274d5d51,6,2025-11-03 01:21:06.500669+00,2025-11-03 01:21:06.500669+00,"{""groupId"": ""019a4742-5ba7-7a48-afc0-32fc274d5d51"", ""startedAt"": ""2025-11-03T01:11:00.854Z"", ""questionStates"": [{""id"": 1, ""status"": ""unanswered""}, {""id"": 2, ""answer"": ""たいへいよう"", ""status"": ""correct""}, {""id"": 3, ""status"": ""unanswered""}, {""id"": 4, ""status"": ""unanswered""}, {""id"": 5, ""status"": ""unanswered""}, {""id"": 6, ""status"": ""unanswered""}, {""id"": 7, ""status"": ""unanswered""}, {""id"": 8, ""status"": ""unanswered""}, {""id"": 9, ""status"": ""unanswered""}, {""id"": 10, ""status"": ""unanswered""}, {""id"": 11, ""answer"": ""B"", ""status"": ""incorrect""}, {""id"": 12, ""answer"": ""HANDAISEI"", ""status"": ""correct""}, {""id"": 13, ""status"": ""unanswered""}, {""id"": 14, ""status"": ""unanswered""}, {""id"": 15, ""answer"": ""ちしき"", ""status"": ""correct""}, {""id"": 16, ""status"": ""unanswered""}, {""id"": 17, ""status"": ""unanswered""}, {""id"": 18, ""status"": ""unanswered""}, {""id"": 19, ""status"": ""unanswered""}, {""id"": 20, ""status"": ""unanswered""}, {""id"": 21, ""status"": ""unanswered""}, {""id"": 22, ""answer"": ""中国"", ""status"": ""correct""}, {""id"": 23, ""answer"": ""4"", ""status"": ""correct""}, {""id"": 24, ""status"": ""unanswered""}, {""id"": 25, ""status"": ""unanswered""}], ""totalQuestions"": 25}"
019a474d-e1c6-752a-af8a-b84a368189e0,019a4742-3ecd-7ab3-b980-18b0603e371e,8,2025-11-03 01:21:17.769667+00,2025-11-03 01:21:17.769667+00,"{""groupId"": ""019a4742-3ecd-7ab3-b980-18b0603e371e"", ""startedAt"": ""2025-11-03T01:11:03.887Z"", ""questionStates"": [{""id"": 1, ""answer"": ""単位"", ""status"": ""correct""}, {""id"": 2, ""status"": ""unanswered""}, {""id"": 3, ""status"": ""unanswered""}, {""id"": 4, ""status"": ""unanswered""}, {""id"": 5, ""answer"": ""internet"", ""status"": ""correct""}, {""id"": 6, ""status"": ""unanswered""}, {""id"": 7, ""status"": ""unanswered""}, {""id"": 8, ""status"": ""unanswered""}, {""id"": 9, ""status"": ""unanswered""}, {""id"": 10, ""status"": ""unanswered""}, {""id"": 11, ""status"": ""unanswered""}, {""id"": 12, ""status"": ""unanswered""}, {""id"": 13, ""status"": ""unanswered""}, {""id"": 14, ""answer"": ""現在進行形"", ""status"": ""correct""}, {""id"": 15, ""status"": ""unanswered""}, {""id"": 16, ""status"": ""unanswered""}, {""id"": 17, ""status"": ""unanswered""}, {""id"": 18, ""status"": ""unanswered""}, {""id"": 19, ""answer"": ""クリスマス"", ""status"": ""correct""}, {""id"": 20, ""status"": ""unanswered""}, {""id"": 21, ""answer"": ""コイ"", ""status"": ""correct""}, {""id"": 22, ""status"": ""unanswered""}, {""id"": 23, ""status"": ""unanswered""}, {""id"": 24, ""status"": ""unanswered""}, {""id"": 25, ""status"": ""unanswered""}], ""totalQuestions"": 25}"
019a474e-1aa0-7ec2-aa80-c66bb0ca4c11,019a4742-756a-7468-bdf2-e7399260a821,18,2025-11-03 01:21:32.323895+00,2025-11-03 01:21:32.323895+00,"{""groupId"": ""019a4742-756a-7468-bdf2-e7399260a821"", ""startedAt"": ""2025-11-03T01:11:03.151Z"", ""questionStates"": [{""id"": 1, ""status"": ""unanswered""}, {""id"": 2, ""answer"": ""たいへいよう"", ""status"": ""correct""}, {""id"": 3, ""status"": ""unanswered""}, {""id"": 4, ""answer"": ""ファミレス"", ""status"": ""correct""}, {""id"": 5, ""answer"": ""インターネット"", ""status"": ""correct""}, {""id"": 6, ""status"": ""unanswered""}, {""id"": 7, ""status"": ""unanswered""}, {""id"": 8, ""answer"": ""サイエンス"", ""status"": ""correct""}, {""id"": 9, ""status"": ""unanswered""}, {""id"": 10, ""answer"": ""まちかね"", ""status"": ""correct""}, {""id"": 11, ""answer"": ""おおさかわん"", ""status"": ""incorrect""}, {""id"": 12, ""answer"": ""はんだいさい"", ""status"": ""incorrect""}, {""id"": 13, ""answer"": ""三国志"", ""status"": ""correct""}, {""id"": 14, ""answer"": ""現在進行形"", ""status"": ""correct""}, {""id"": 15, ""answer"": ""ちしき"", ""status"": ""correct""}, {""id"": 16, ""status"": ""unanswered""}, {""id"": 17, ""answer"": ""ちえ"", ""status"": ""correct""}, {""id"": 18, ""answer"": ""バード"", ""status"": ""correct""}, {""id"": 19, ""status"": ""unanswered""}, {""id"": 20, ""answer"": ""えんすい"", ""status"": ""correct""}, {""id"": 21, ""answer"": ""こい"", ""status"": ""correct""}, {""id"": 22, ""answer"": ""ちゅうがく"", ""status"": ""incorrect""}, {""id"": 23, ""answer"": ""4."", ""status"": ""incorrect""}, {""id"": 24, ""status"": ""unanswered""}, {""id"": 25, ""status"": ""unanswered""}], ""totalQuestions"": 25}"
019a4761-7e73-7d95-b53a-a0cc64001f88,019a4756-32c0-7b91-97a0-1b2108d01c5d,13,2025-11-03 01:42:43.062932+00,2025-11-03 01:42:43.062932+00,"{""groupId"": ""019a4756-32c0-7b91-97a0-1b2108d01c5d"", ""startedAt"": ""2025-11-03T01:32:40.208Z"", ""questionStates"": [{""id"": 1, ""status"": ""unanswered""}, {""id"": 2, ""status"": ""unanswered""}, {""id"": 3, ""status"": ""unanswered""}, {""id"": 4, ""answer"": ""ふぁみれす"", ""status"": ""correct""}, {""id"": 5, ""status"": ""unanswered""}, {""id"": 6, ""status"": ""unanswered""}, {""id"": 7, ""status"": ""unanswered""}, {""id"": 8, ""status"": ""unanswered""}, {""id"": 9, ""status"": ""unanswered""}, {""id"": 10, ""answer"": ""まちかね"", ""status"": ""correct""}, {""id"": 11, ""answer"": ""たいへいよう"", ""status"": ""incorrect""}, {""id"": 12, ""answer"": ""HANDAISEI"", ""status"": ""correct""}, {""id"": 13, ""answer"": ""三国志"", ""status"": ""correct""}, {""id"": 14, ""status"": ""unanswered""}, {""id"": 15, ""status"": ""unanswered""}, {""id"": 16, ""status"": ""unanswered""}, {""id"": 17, ""answer"": ""はんだい"", ""status"": ""incorrect""}, {""id"": 18, ""status"": ""unanswered""}, {""id"": 19, ""answer"": ""くり"", ""status"": ""incorrect""}, {""id"": 20, ""answer"": ""えんすい"", ""status"": ""correct""}, {""id"": 21, ""status"": ""unanswered""}, {""id"": 22, ""status"": ""unanswered""}, {""id"": 23, ""answer"": ""4"", ""status"": ""correct""}, {""id"": 24, ""answer"": ""いんしん"", ""status"": ""correct""}, {""id"": 25, ""status"": ""unanswered""}], ""totalQuestions"": 25}"
019a4761-870d-73ba-86a6-a44a59d0e59c,019a4755-ada0-7241-9844-ed961a6f5e02,7,2025-11-03 01:42:45.264103+00,2025-11-03 01:42:45.264103+00,"{""groupId"": ""019a4755-ada0-7241-9844-ed961a6f5e02"", ""startedAt"": ""2025-11-03T01:32:42.135Z"", ""questionStates"": [{""id"": 1, ""status"": ""unanswered""}, {""id"": 2, ""status"": ""unanswered""}, {""id"": 3, ""status"": ""unanswered""}, {""id"": 4, ""status"": ""unanswered""}, {""id"": 5, ""status"": ""unanswered""}, {""id"": 6, ""answer"": ""バード"", ""status"": ""incorrect""}, {""id"": 7, ""answer"": ""はんだい"", ""status"": ""correct""}, {""id"": 8, ""answer"": ""Science"", ""status"": ""incorrect""}, {""id"": 9, ""status"": ""unanswered""}, {""id"": 10, ""status"": ""unanswered""}, {""id"": 11, ""status"": ""unanswered""}, {""id"": 12, ""status"": ""unanswered""}, {""id"": 13, ""answer"": ""三国志"", ""status"": ""correct""}, {""id"": 14, ""answer"": ""げんざいしんこうけい"", ""status"": ""correct""}, {""id"": 15, ""status"": ""unanswered""}, {""id"": 16, ""status"": ""unanswered""}, {""id"": 17, ""status"": ""unanswered""}, {""id"": 18, ""status"": ""unanswered""}, {""id"": 19, ""answer"": ""クリスマス"", ""status"": ""correct""}, {""id"": 20, ""status"": ""unanswered""}, {""id"": 21, ""answer"": ""こい"", ""status"": ""correct""}, {""id"": 22, ""status"": ""unanswered""}, {""id"": 23, ""status"": ""unanswered""}, {""id"": 24, ""status"": ""unanswered""}, {""id"": 25, ""status"": ""unanswered""}], ""totalQuestions"": 25}"
019a4761-91ab-74f5-b388-90d45da89839,019a4758-61ca-76a2-b6e1-ca265d63fac1,5,2025-11-03 01:42:47.982148+00,2025-11-03 01:42:47.982148+00,"{""groupId"": ""019a4758-61ca-76a2-b6e1-ca265d63fac1"", ""startedAt"": ""2025-11-03T01:32:48.034Z"", ""questionStates"": [{""id"": 1, ""status"": ""unanswered""}, {""id"": 2, ""status"": ""unanswered""}, {""id"": 3, ""status"": ""unanswered""}, {""id"": 4, ""status"": ""unanswered""}, {""id"": 5, ""answer"": ""たいへいよう"", ""status"": ""incorrect""}, {""id"": 6, ""answer"": ""なみ"", ""status"": ""correct""}, {""id"": 7, ""status"": ""unanswered""}, {""id"": 8, ""status"": ""unanswered""}, {""id"": 9, ""status"": ""unanswered""}, {""id"": 10, ""status"": ""unanswered""}, {""id"": 11, ""answer"": ""B"", ""status"": ""incorrect""}, {""id"": 12, ""answer"": ""HANDAIISEI"", ""status"": ""incorrect""}, {""id"": 13, ""status"": ""unanswered""}, {""id"": 14, ""status"": ""unanswered""}, {""id"": 15, ""status"": ""unanswered""}, {""id"": 16, ""status"": ""unanswered""}, {""id"": 17, ""status"": ""unanswered""}, {""id"": 18, ""status"": ""unanswered""}, {""id"": 19, ""status"": ""unanswered""}, {""id"": 20, ""answer"": ""えんすい"", ""status"": ""correct""}, {""id"": 21, ""status"": ""unanswered""}, {""id"": 22, ""answer"": ""元"", ""status"": ""incorrect""}, {""id"": 23, ""answer"": ""4"", ""status"": ""correct""}, {""id"": 24, ""status"": ""unanswered""}, {""id"": 25, ""status"": ""unanswered""}], ""totalQuestions"": 25}"
019a4761-afb5-71b7-8fcd-58c4430861ff,019a4756-ac04-7076-a23f-a3bc408755b7,3,2025-11-03 01:42:55.671961+00,2025-11-03 01:42:55.671961+00,"{""groupId"": ""019a4756-ac04-7076-a23f-a3bc408755b7"", ""startedAt"": ""2025-11-03T01:32:41.125Z"", ""questionStates"": [{""id"": 1, ""status"": ""unanswered""}, {""id"": 2, ""status"": ""unanswered""}, {""id"": 3, ""answer"": ""秋刀魚"", ""status"": ""correct""}, {""id"": 4, ""status"": ""unanswered""}, {""id"": 5, ""status"": ""unanswered""}, {""id"": 6, ""status"": ""unanswered""}, {""id"": 7, ""status"": ""unanswered""}, {""id"": 8, ""status"": ""unanswered""}, {""id"": 9, ""status"": ""unanswered""}, {""id"": 10, ""status"": ""unanswered""}, {""id"": 11, ""status"": ""unanswered""}, {""id"": 12, ""status"": ""unanswered""}, {""id"": 13, ""status"": ""unanswered""}, {""id"": 14, ""status"": ""unanswered""}, {""id"": 15, ""status"": ""unanswered""}, {""id"": 16, ""status"": ""unanswered""}, {""id"": 17, ""status"": ""unanswered""}, {""id"": 18, ""status"": ""unanswered""}, {""id"": 19, ""status"": ""unanswered""}, {""id"": 20, ""status"": ""unanswered""}, {""id"": 21, ""answer"": ""鯉"", ""status"": ""correct""}, {""id"": 22, ""status"": ""unanswered""}, {""id"": 23, ""status"": ""unanswered""}, {""id"": 24, ""status"": ""unanswered""}, {""id"": 25, ""status"": ""unanswered""}], ""totalQuestions"": 25}"
019a4761-fd56-79a6-bde4-107f29976c3e,019a4757-bb79-7ad4-9baa-d9de1e8e2645,3,2025-11-03 01:43:15.545547+00,2025-11-03 01:43:15.545547+00,"{""groupId"": ""019a4757-bb79-7ad4-9baa-d9de1e8e2645"", ""startedAt"": ""2025-11-03T01:32:42.173Z"", ""questionStates"": [{""id"": 1, ""status"": ""unanswered""}, {""id"": 2, ""answer"": ""よいへいよう"", ""status"": ""incorrect""}, {""id"": 3, ""status"": ""unanswered""}, {""id"": 4, ""status"": ""unanswered""}, {""id"": 5, ""answer"": ""internet"", ""status"": ""correct""}, {""id"": 6, ""status"": ""unanswered""}, {""id"": 7, ""status"": ""unanswered""}, {""id"": 8, ""status"": ""unanswered""}, {""id"": 9, ""status"": ""unanswered""}, {""id"": 10, ""status"": ""unanswered""}, {""id"": 11, ""status"": ""unanswered""}, {""id"": 12, ""status"": ""unanswered""}, {""id"": 13, ""status"": ""unanswered""}, {""id"": 14, ""answer"": ""げんざいしんこうけい"", ""status"": ""correct""}, {""id"": 15, ""answer"": ""ちしき"", ""status"": ""correct""}, {""id"": 16, ""status"": ""unanswered""}, {""id"": 17, ""status"": ""unanswered""}, {""id"": 18, ""status"": ""unanswered""}, {""id"": 19, ""status"": ""unanswered""}, {""id"": 20, ""status"": ""unanswered""}, {""id"": 21, ""status"": ""unanswered""}, {""id"": 22, ""status"": ""unanswered""}, {""id"": 23, ""status"": ""unanswered""}, {""id"": 24, ""status"": ""unanswered""}, {""id"": 25, ""status"": ""unanswered""}], ""totalQuestions"": 25}"
019a4775-6c14-72ff-ae24-40f4fe4d8251,019a4768-daf8-7254-a556-b40a214dd7ae,5,2025-11-03 02:04:29.094926+00,2025-11-03 02:04:29.094926+00,"{""groupId"": ""019a4768-daf8-7254-a556-b40a214dd7ae"", ""startedAt"": ""2025-11-03T01:54:24.102Z"", ""questionStates"": [{""id"": 1, ""status"": ""unanswered""}, {""id"": 2, ""answer"": ""たいへいよう"", ""status"": ""correct""}, {""id"": 3, ""status"": ""unanswered""}, {""id"": 4, ""status"": ""unanswered""}, {""id"": 5, ""status"": ""unanswered""}, {""id"": 6, ""status"": ""unanswered""}, {""id"": 7, ""answer"": ""はんだい"", ""status"": ""correct""}, {""id"": 8, ""answer"": ""SCIENCE"", ""status"": ""correct""}, {""id"": 9, ""status"": ""unanswered""}, {""id"": 10, ""status"": ""unanswered""}, {""id"": 11, ""status"": ""unanswered""}, {""id"": 12, ""status"": ""unanswered""}, {""id"": 13, ""status"": ""unanswered""}, {""id"": 14, ""status"": ""unanswered""}, {""id"": 15, ""status"": ""unanswered""}, {""id"": 16, ""status"": ""unanswered""}, {""id"": 17, ""status"": ""unanswered""}, {""id"": 18, ""status"": ""unanswered""}, {""id"": 19, ""status"": ""unanswered""}, {""id"": 20, ""answer"": ""えんすい"", ""status"": ""correct""}, {""id"": 21, ""answer"": ""氷"", ""status"": ""incorrect""}, {""id"": 22, ""status"": ""unanswered""}, {""id"": 23, ""status"": ""unanswered""}, {""id"": 24, ""status"": ""unanswered""}, {""id"": 25, ""status"": ""unanswered""}], ""totalQuestions"": 25}"
019a4775-8e03-73f1-b302-e7a644688170,019a4768-f365-7258-8bf7-052ec402f516,4,2025-11-03 02:04:37.766145+00,2025-11-03 02:04:37.766145+00,"{""groupId"": ""019a4768-f365-7258-8bf7-052ec402f516"", ""startedAt"": ""2025-11-03T01:54:24.289Z"", ""questionStates"": [{""id"": 1, ""status"": ""unanswered""}, {""id"": 2, ""status"": ""unanswered""}, {""id"": 3, ""status"": ""unanswered""}, {""id"": 4, ""status"": ""unanswered""}, {""id"": 5, ""status"": ""unanswered""}, {""id"": 6, ""status"": ""unanswered""}, {""id"": 7, ""status"": ""unanswered""}, {""id"": 8, ""status"": ""unanswered""}, {""id"": 9, ""status"": ""unanswered""}, {""id"": 10, ""status"": ""unanswered""}, {""id"": 11, ""status"": ""unanswered""}, {""id"": 12, ""status"": ""unanswered""}, {""id"": 13, ""status"": ""unanswered""}, {""id"": 14, ""status"": ""unanswered""}, {""id"": 15, ""answer"": ""ちしき"", ""status"": ""correct""}, {""id"": 16, ""status"": ""unanswered""}, {""id"": 17, ""status"": ""unanswered""}, {""id"": 18, ""answer"": ""ばーど"", ""status"": ""correct""}, {""id"": 19, ""answer"": ""クリスマス"", ""status"": ""correct""}, {""id"": 20, ""status"": ""unanswered""}, {""id"": 21, ""status"": ""unanswered""}, {""id"": 22, ""status"": ""unanswered""}, {""id"": 23, ""status"": ""unanswered""}, {""id"": 24, ""status"": ""unanswered""}, {""id"": 25, ""status"": ""unanswered""}], ""totalQuestions"": 25}"
019a4775-b876-72af-9f40-3b4bd56b6b03,019a4769-be85-7713-a690-0920bdec37b8,3,2025-11-03 02:04:48.633128+00,2025-11-03 02:04:48.633128+00,"{""groupId"": ""019a4769-be85-7713-a690-0920bdec37b8"", ""startedAt"": ""2025-11-03T01:54:25.225Z"", ""questionStates"": [{""id"": 1, ""status"": ""unanswered""}, {""id"": 2, ""status"": ""unanswered""}, {""id"": 3, ""status"": ""unanswered""}, {""id"": 4, ""status"": ""unanswered""}, {""id"": 5, ""answer"": ""internet"", ""status"": ""correct""}, {""id"": 6, ""status"": ""unanswered""}, {""id"": 7, ""status"": ""unanswered""}, {""id"": 8, ""status"": ""unanswered""}, {""id"": 9, ""status"": ""unanswered""}, {""id"": 10, ""status"": ""unanswered""}, {""id"": 11, ""status"": ""unanswered""}, {""id"": 12, ""status"": ""unanswered""}, {""id"": 13, ""status"": ""unanswered""}, {""id"": 14, ""answer"": ""げんざいしんこうけい"", ""status"": ""correct""}, {""id"": 15, ""status"": ""unanswered""}, {""id"": 16, ""status"": ""unanswered""}, {""id"": 17, ""status"": ""unanswered""}, {""id"": 18, ""answer"": ""バード"", ""status"": ""correct""}, {""id"": 19, ""status"": ""unanswered""}, {""id"": 20, ""status"": ""unanswered""}, {""id"": 21, ""status"": ""unanswered""}, {""id"": 22, ""answer"": ""モンゴル"", ""status"": ""incorrect""}, {""id"": 23, ""status"": ""unanswered""}, {""id"": 24, ""status"": ""unanswered""}, {""id"": 25, ""status"": ""unanswered""}], ""totalQuestions"": 25}"
019a4775-c89d-708e-a2dc-fb68fb1e274d,019a4768-8309-7a2d-b5e9-6295b0b55ee4,3,2025-11-03 02:04:52.768132+00,2025-11-03 02:04:52.768132+00,"{""groupId"": ""019a4768-8309-7a2d-b5e9-6295b0b55ee4"", ""startedAt"": ""2025-11-03T01:54:24.681Z"", ""questionStates"": [{""id"": 1, ""status"": ""unanswered""}, {""id"": 2, ""answer"": ""太平洋"", ""status"": ""correct""}, {""id"": 3, ""status"": ""unanswered""}, {""id"": 4, ""status"": ""unanswered""}, {""id"": 5, ""status"": ""unanswered""}, {""id"": 6, ""status"": ""unanswered""}, {""id"": 7, ""status"": ""unanswered""}, {""id"": 8, ""answer"": ""science"", ""status"": ""correct""}, {""id"": 9, ""status"": ""unanswered""}, {""id"": 10, ""status"": ""unanswered""}, {""id"": 11, ""status"": ""unanswered""}, {""id"": 12, ""answer"": ""ハンバーガー"", ""status"": ""incorrect""}, {""id"": 13, ""status"": ""unanswered""}, {""id"": 14, ""answer"": ""現在進行形"", ""status"": ""correct""}, {""id"": 15, ""status"": ""unanswered""}, {""id"": 16, ""status"": ""unanswered""}, {""id"": 17, ""status"": ""unanswered""}, {""id"": 18, ""status"": ""unanswered""}, {""id"": 19, ""status"": ""unanswered""}, {""id"": 20, ""status"": ""unanswered""}, {""id"": 21, ""status"": ""unanswered""}, {""id"": 22, ""status"": ""unanswered""}, {""id"": 23, ""status"": ""unanswered""}, {""id"": 24, ""status"": ""unanswered""}, {""id"": 25, ""status"": ""unanswered""}], ""totalQuestions"": 25}"
019a4775-dca8-741a-82c7-8040de7b068e,019a476b-e6bc-7ebc-b25e-9d0322e9a45e,9,2025-11-03 02:04:57.89962+00,2025-11-03 02:04:57.89962+00,"{""groupId"": ""019a476b-e6bc-7ebc-b25e-9d0322e9a45e"", ""startedAt"": ""2025-11-03T01:54:24.704Z"", ""questionStates"": [{""id"": 1, ""status"": ""unanswered""}, {""id"": 2, ""status"": ""unanswered""}, {""id"": 3, ""status"": ""unanswered""}, {""id"": 4, ""answer"": ""ファミレス"", ""status"": ""correct""}, {""id"": 5, ""status"": ""unanswered""}, {""id"": 6, ""status"": ""unanswered""}, {""id"": 7, ""answer"": ""はんだい"", ""status"": ""correct""}, {""id"": 8, ""status"": ""unanswered""}, {""id"": 9, ""status"": ""unanswered""}, {""id"": 10, ""status"": ""unanswered""}, {""id"": 11, ""status"": ""unanswered""}, {""id"": 12, ""status"": ""unanswered""}, {""id"": 13, ""answer"": ""三国志"", ""status"": ""correct""}, {""id"": 14, ""status"": ""unanswered""}, {""id"": 15, ""answer"": ""ちしき"", ""status"": ""correct""}, {""id"": 16, ""status"": ""unanswered""}, {""id"": 17, ""status"": ""unanswered""}, {""id"": 18, ""status"": ""unanswered""}, {""id"": 19, ""status"": ""unanswered""}, {""id"": 20, ""status"": ""unanswered""}, {""id"": 21, ""answer"": ""コイ"", ""status"": ""correct""}, {""id"": 22, ""status"": ""unanswered""}, {""id"": 23, ""answer"": ""4"", ""status"": ""correct""}, {""id"": 24, ""status"": ""unanswered""}, {""id"": 25, ""status"": ""unanswered""}], ""totalQuestions"": 25}"
019a4776-0e83-7331-95b0-02464e45ce24,019a476a-3677-7cd7-af94-27a63d53c7f0,5,2025-11-03 02:05:10.662091+00,2025-11-03 02:05:10.662091+00,"{""groupId"": ""019a476a-3677-7cd7-af94-27a63d53c7f0"", ""startedAt"": ""2025-11-03T01:54:23.453Z"", ""questionStates"": [{""id"": 1, ""status"": ""unanswered""}, {""id"": 2, ""status"": ""unanswered""}, {""id"": 3, ""status"": ""unanswered""}, {""id"": 4, ""answer"": ""ファミレス"", ""status"": ""correct""}, {""id"": 5, ""status"": ""unanswered""}, {""id"": 6, ""status"": ""unanswered""}, {""id"": 7, ""answer"": ""はんだい"", ""status"": ""correct""}, {""id"": 8, ""status"": ""unanswered""}, {""id"": 9, ""status"": ""unanswered""}, {""id"": 10, ""status"": ""unanswered""}, {""id"": 11, ""status"": ""unanswered""}, {""id"": 12, ""status"": ""unanswered""}, {""id"": 13, ""status"": ""unanswered""}, {""id"": 14, ""status"": ""unanswered""}, {""id"": 15, ""status"": ""unanswered""}, {""id"": 16, ""status"": ""unanswered""}, {""id"": 17, ""status"": ""unanswered""}, {""id"": 18, ""status"": ""unanswered""}, {""id"": 19, ""status"": ""unanswered""}, {""id"": 20, ""status"": ""unanswered""}, {""id"": 21, ""answer"": ""こい"", ""status"": ""correct""}, {""id"": 22, ""status"": ""unanswered""}, {""id"": 23, ""status"": ""unanswered""}, {""id"": 24, ""status"": ""unanswered""}, {""id"": 25, ""status"": ""unanswered""}], ""totalQuestions"": 25}"
019a4786-9d5d-76b9-a403-48d4d2f159e4,019a477b-541c-75a7-8e1d-20d3fbb413eb,5,2025-11-03 02:23:15.809215+00,2025-11-03 02:23:15.809215+00,"{""groupId"": ""019a477b-541c-75a7-8e1d-20d3fbb413eb"", ""startedAt"": ""2025-11-03T02:13:14.171Z"", ""questionStates"": [{""id"": 1, ""status"": ""unanswered""}, {""id"": 2, ""answer"": ""たいへいよう"", ""status"": ""correct""}, {""id"": 3, ""status"": ""unanswered""}, {""id"": 4, ""status"": ""unanswered""}, {""id"": 5, ""status"": ""unanswered""}, {""id"": 6, ""status"": ""unanswered""}, {""id"": 7, ""answer"": ""はんだい"", ""status"": ""correct""}, {""id"": 8, ""answer"": ""science"", ""status"": ""correct""}, {""id"": 9, ""status"": ""unanswered""}, {""id"": 10, ""status"": ""unanswered""}, {""id"": 11, ""status"": ""unanswered""}, {""id"": 12, ""status"": ""unanswered""}, {""id"": 13, ""status"": ""unanswered""}, {""id"": 14, ""status"": ""unanswered""}, {""id"": 15, ""answer"": ""ちしき"", ""status"": ""correct""}, {""id"": 16, ""status"": ""unanswered""}, {""id"": 17, ""status"": ""unanswered""}, {""id"": 18, ""status"": ""unanswered""}, {""id"": 19, ""status"": ""unanswered""}, {""id"": 20, ""status"": ""unanswered""}, {""id"": 21, ""answer"": ""こい"", ""status"": ""correct""}, {""id"": 22, ""status"": ""unanswered""}, {""id"": 23, ""status"": ""unanswered""}, {""id"": 24, ""status"": ""unanswered""}, {""id"": 25, ""status"": ""unanswered""}], ""totalQuestions"": 25}"
019a4823-949e-747f-9048-13691f68e762,019a4816-b56e-751e-a479-f065e353b2da,1,2025-11-03 05:14:42.722142+00,2025-11-03 05:14:42.722142+00,"{""groupId"": ""019a4816-b56e-751e-a479-f065e353b2da"", ""startedAt"": ""2025-11-03T05:04:40.758Z"", ""questionStates"": [{""id"": 1, ""status"": ""unanswered""}, {""id"": 2, ""answer"": ""たいへいよう"", ""status"": ""correct""}, {""id"": 3, ""status"": ""unanswered""}, {""id"": 4, ""status"": ""unanswered""}, {""id"": 5, ""status"": ""unanswered""}, {""id"": 6, ""status"": ""unanswered""}, {""id"": 7, ""status"": ""unanswered""}, {""id"": 8, ""status"": ""unanswered""}, {""id"": 9, ""status"": ""unanswered""}, {""id"": 10, ""status"": ""unanswered""}, {""id"": 11, ""status"": ""unanswered""}, {""id"": 12, ""status"": ""unanswered""}, {""id"": 13, ""status"": ""unanswered""}, {""id"": 14, ""status"": ""unanswered""}, {""id"": 15, ""status"": ""unanswered""}, {""id"": 16, ""status"": ""unanswered""}, {""id"": 17, ""status"": ""unanswered""}, {""id"": 18, ""status"": ""unanswered""}, {""id"": 19, ""status"": ""unanswered""}, {""id"": 20, ""status"": ""unanswered""}, {""id"": 21, ""status"": ""unanswered""}, {""id"": 22, ""status"": ""unanswered""}, {""id"": 23, ""status"": ""unanswered""}, {""id"": 24, ""status"": ""unanswered""}, {""id"": 25, ""status"": ""unanswered""}], ""totalQuestions"": 25}"
019a4786-9fc3-79e6-8250-e203c1d7e0a1,019a477b-6813-713f-b164-be81495de752,9,2025-11-03 02:23:16.42268+00,2025-11-03 02:23:16.42268+00,"{""groupId"": ""019a477b-6813-713f-b164-be81495de752"", ""startedAt"": ""2025-11-03T02:13:11.601Z"", ""questionStates"": [{""id"": 1, ""answer"": ""たんい"", ""status"": ""correct""}, {""id"": 2, ""status"": ""unanswered""}, {""id"": 3, ""status"": ""unanswered""}, {""id"": 4, ""status"": ""unanswered""}, {""id"": 5, ""answer"": ""internet"", ""status"": ""correct""}, {""id"": 6, ""status"": ""unanswered""}, {""id"": 7, ""status"": ""unanswered""}, {""id"": 8, ""status"": ""unanswered""}, {""id"": 9, ""status"": ""unanswered""}, {""id"": 10, ""status"": ""unanswered""}, {""id"": 11, ""status"": ""unanswered""}, {""id"": 12, ""status"": ""unanswered""}, {""id"": 13, ""answer"": ""三国志"", ""status"": ""correct""}, {""id"": 14, ""answer"": ""現在進行系"", ""status"": ""incorrect""}, {""id"": 15, ""answer"": ""ちしき"", ""status"": ""correct""}, {""id"": 16, ""status"": ""unanswered""}, {""id"": 17, ""status"": ""unanswered""}, {""id"": 18, ""answer"": ""バード"", ""status"": ""correct""}, {""id"": 19, ""status"": ""unanswered""}, {""id"": 20, ""status"": ""unanswered""}, {""id"": 21, ""status"": ""unanswered""}, {""id"": 22, ""status"": ""unanswered""}, {""id"": 23, ""answer"": ""4"", ""status"": ""correct""}, {""id"": 24, ""status"": ""unanswered""}, {""id"": 25, ""status"": ""unanswered""}], ""totalQuestions"": 25}"
019a4786-c7fa-70ea-858a-ae897d1bacdd,019a477b-59a1-76cd-a7e4-3852eb2dd849,9,2025-11-03 02:23:26.717309+00,2025-11-03 02:23:26.717309+00,"{""groupId"": ""019a477b-59a1-76cd-a7e4-3852eb2dd849"", ""startedAt"": ""2025-11-03T02:13:17.584Z"", ""questionStates"": [{""id"": 1, ""status"": ""unanswered""}, {""id"": 2, ""answer"": ""たいへいよう"", ""status"": ""correct""}, {""id"": 3, ""status"": ""unanswered""}, {""id"": 4, ""status"": ""unanswered""}, {""id"": 5, ""answer"": ""internet"", ""status"": ""correct""}, {""id"": 6, ""status"": ""unanswered""}, {""id"": 7, ""status"": ""unanswered""}, {""id"": 8, ""answer"": ""science"", ""status"": ""correct""}, {""id"": 9, ""status"": ""unanswered""}, {""id"": 10, ""status"": ""unanswered""}, {""id"": 11, ""answer"": ""B"", ""status"": ""incorrect""}, {""id"": 12, ""answer"": ""hybrid"", ""status"": ""incorrect""}, {""id"": 13, ""status"": ""unanswered""}, {""id"": 14, ""answer"": ""げんざいしんこうけい"", ""status"": ""correct""}, {""id"": 15, ""status"": ""unanswered""}, {""id"": 16, ""status"": ""unanswered""}, {""id"": 17, ""answer"": ""ちえ"", ""status"": ""correct""}, {""id"": 18, ""answer"": ""バード"", ""status"": ""correct""}, {""id"": 19, ""status"": ""unanswered""}, {""id"": 20, ""status"": ""unanswered""}, {""id"": 21, ""status"": ""unanswered""}, {""id"": 22, ""answer"": ""中国"", ""status"": ""correct""}, {""id"": 23, ""status"": ""unanswered""}, {""id"": 24, ""status"": ""unanswered""}, {""id"": 25, ""status"": ""unanswered""}], ""totalQuestions"": 25}"
019a4786-c813-7709-8503-a5adfed282e8,019a477d-8cdd-77db-8bb5-0848746081f6,12,2025-11-03 02:23:26.742544+00,2025-11-03 02:23:26.742544+00,"{""groupId"": ""019a477d-8cdd-77db-8bb5-0848746081f6"", ""startedAt"": ""2025-11-03T02:13:24.058Z"", ""questionStates"": [{""id"": 1, ""status"": ""unanswered""}, {""id"": 2, ""answer"": ""たいへいよう"", ""status"": ""correct""}, {""id"": 3, ""answer"": ""秋刀魚"", ""status"": ""correct""}, {""id"": 4, ""status"": ""unanswered""}, {""id"": 5, ""status"": ""unanswered""}, {""id"": 6, ""status"": ""unanswered""}, {""id"": 7, ""answer"": ""はんだい"", ""status"": ""correct""}, {""id"": 8, ""answer"": ""science"", ""status"": ""correct""}, {""id"": 9, ""status"": ""unanswered""}, {""id"": 10, ""answer"": ""まちかね"", ""status"": ""correct""}, {""id"": 11, ""status"": ""unanswered""}, {""id"": 12, ""status"": ""unanswered""}, {""id"": 13, ""status"": ""unanswered""}, {""id"": 14, ""status"": ""unanswered""}, {""id"": 15, ""status"": ""unanswered""}, {""id"": 16, ""status"": ""unanswered""}, {""id"": 17, ""answer"": ""ちえ"", ""status"": ""correct""}, {""id"": 18, ""status"": ""unanswered""}, {""id"": 19, ""status"": ""unanswered""}, {""id"": 20, ""answer"": ""えんすい"", ""status"": ""correct""}, {""id"": 21, ""answer"": ""こい"", ""status"": ""correct""}, {""id"": 22, ""status"": ""unanswered""}, {""id"": 23, ""status"": ""unanswered""}, {""id"": 24, ""status"": ""unanswered""}, {""id"": 25, ""status"": ""unanswered""}], ""totalQuestions"": 25}"
019a4787-6928-7c06-a835-6b02bd5032d5,019a477b-4303-7494-897e-bcc59fd9ce13,7,2025-11-03 02:24:07.979905+00,2025-11-03 02:24:07.979905+00,"{""groupId"": ""019a477b-4303-7494-897e-bcc59fd9ce13"", ""startedAt"": ""2025-11-03T02:14:06.456Z"", ""questionStates"": [{""id"": 1, ""status"": ""unanswered""}, {""id"": 2, ""status"": ""unanswered""}, {""id"": 3, ""status"": ""unanswered""}, {""id"": 4, ""status"": ""unanswered""}, {""id"": 5, ""answer"": ""internet"", ""status"": ""correct""}, {""id"": 6, ""status"": ""unanswered""}, {""id"": 7, ""status"": ""unanswered""}, {""id"": 8, ""status"": ""unanswered""}, {""id"": 9, ""status"": ""unanswered""}, {""id"": 10, ""status"": ""unanswered""}, {""id"": 11, ""answer"": ""B"", ""status"": ""incorrect""}, {""id"": 12, ""status"": ""unanswered""}, {""id"": 13, ""status"": ""unanswered""}, {""id"": 14, ""status"": ""unanswered""}, {""id"": 15, ""status"": ""unanswered""}, {""id"": 16, ""status"": ""unanswered""}, {""id"": 17, ""status"": ""unanswered""}, {""id"": 18, ""status"": ""unanswered""}, {""id"": 19, ""answer"": ""クリスマス"", ""status"": ""correct""}, {""id"": 20, ""status"": ""unanswered""}, {""id"": 21, ""status"": ""unanswered""}, {""id"": 22, ""answer"": ""中国"", ""status"": ""correct""}, {""id"": 23, ""status"": ""unanswered""}, {""id"": 24, ""answer"": ""いんしん"", ""status"": ""correct""}, {""id"": 25, ""status"": ""unanswered""}], ""totalQuestions"": 25}"
019a4787-86bc-7c97-aa60-ba4d5bdd926e,019a4779-90bb-73b6-b2fc-50cc5333c052,7,2025-11-03 02:24:15.552006+00,2025-11-03 02:24:15.552006+00,"{""groupId"": ""019a4779-90bb-73b6-b2fc-50cc5333c052"", ""startedAt"": ""2025-11-03T02:14:12.883Z"", ""questionStates"": [{""id"": 1, ""status"": ""unanswered""}, {""id"": 2, ""answer"": ""太平洋"", ""status"": ""correct""}, {""id"": 3, ""status"": ""unanswered""}, {""id"": 4, ""status"": ""unanswered""}, {""id"": 5, ""status"": ""unanswered""}, {""id"": 6, ""status"": ""unanswered""}, {""id"": 7, ""answer"": ""阪大"", ""status"": ""incorrect""}, {""id"": 8, ""status"": ""unanswered""}, {""id"": 9, ""status"": ""unanswered""}, {""id"": 10, ""status"": ""unanswered""}, {""id"": 11, ""answer"": ""大阪湾"", ""status"": ""incorrect""}, {""id"": 12, ""answer"": ""阪大生"", ""status"": ""correct""}, {""id"": 13, ""status"": ""unanswered""}, {""id"": 14, ""status"": ""unanswered""}, {""id"": 15, ""answer"": ""知識"", ""status"": ""correct""}, {""id"": 16, ""status"": ""unanswered""}, {""id"": 17, ""status"": ""unanswered""}, {""id"": 18, ""status"": ""unanswered""}, {""id"": 19, ""status"": ""unanswered""}, {""id"": 20, ""status"": ""unanswered""}, {""id"": 21, ""answer"": ""鯉"", ""status"": ""correct""}, {""id"": 22, ""answer"": ""中国"", ""status"": ""correct""}, {""id"": 23, ""answer"": ""4"", ""status"": ""correct""}, {""id"": 24, ""status"": ""unanswered""}, {""id"": 25, ""status"": ""unanswered""}], ""totalQuestions"": 25}"
019a47a1-0ed6-7e1c-bdcc-bc11d271aac8,019a4795-41b3-7ef7-b41c-5c75419911e2,4,2025-11-03 02:52:08.794485+00,2025-11-03 02:52:08.794485+00,"{""groupId"": ""019a4795-41b3-7ef7-b41c-5c75419911e2"", ""startedAt"": ""2025-11-03T02:42:07.013Z"", ""questionStates"": [{""id"": 1, ""status"": ""unanswered""}, {""id"": 2, ""answer"": ""たいへいよう"", ""status"": ""correct""}, {""id"": 3, ""status"": ""unanswered""}, {""id"": 4, ""status"": ""unanswered""}, {""id"": 5, ""status"": ""unanswered""}, {""id"": 6, ""status"": ""unanswered""}, {""id"": 7, ""status"": ""unanswered""}, {""id"": 8, ""status"": ""unanswered""}, {""id"": 9, ""status"": ""unanswered""}, {""id"": 10, ""answer"": ""まちかね"", ""status"": ""correct""}, {""id"": 11, ""status"": ""unanswered""}, {""id"": 12, ""answer"": ""handiseut"", ""status"": ""incorrect""}, {""id"": 13, ""status"": ""unanswered""}, {""id"": 14, ""status"": ""unanswered""}, {""id"": 15, ""answer"": ""ちいき"", ""status"": ""incorrect""}, {""id"": 16, ""status"": ""unanswered""}, {""id"": 17, ""status"": ""unanswered""}, {""id"": 18, ""status"": ""unanswered""}, {""id"": 19, ""status"": ""unanswered""}, {""id"": 20, ""status"": ""unanswered""}, {""id"": 21, ""answer"": ""こい"", ""status"": ""correct""}, {""id"": 22, ""status"": ""unanswered""}, {""id"": 23, ""status"": ""unanswered""}, {""id"": 24, ""status"": ""unanswered""}, {""id"": 25, ""status"": ""unanswered""}], ""totalQuestions"": 25}"
019a47a1-0ef8-75de-bd46-e3ee34abd8a7,019a4795-2465-797c-94bf-17a1cca1721c,8,2025-11-03 02:52:08.827758+00,2025-11-03 02:52:08.827758+00,"{""groupId"": ""019a4795-2465-797c-94bf-17a1cca1721c"", ""startedAt"": ""2025-11-03T02:42:08.681Z"", ""questionStates"": [{""id"": 1, ""status"": ""unanswered""}, {""id"": 2, ""answer"": ""たいへいよう"", ""status"": ""correct""}, {""id"": 3, ""status"": ""unanswered""}, {""id"": 4, ""answer"": ""ふぁみれす"", ""status"": ""correct""}, {""id"": 5, ""status"": ""unanswered""}, {""id"": 6, ""status"": ""unanswered""}, {""id"": 7, ""answer"": ""はんだい"", ""status"": ""correct""}, {""id"": 8, ""status"": ""unanswered""}, {""id"": 9, ""status"": ""unanswered""}, {""id"": 10, ""answer"": ""おかねもち"", ""status"": ""incorrect""}, {""id"": 11, ""status"": ""unanswered""}, {""id"": 12, ""status"": ""unanswered""}, {""id"": 13, ""status"": ""unanswered""}, {""id"": 14, ""status"": ""unanswered""}, {""id"": 15, ""status"": ""unanswered""}, {""id"": 16, ""status"": ""unanswered""}, {""id"": 17, ""answer"": ""そち"", ""status"": ""incorrect""}, {""id"": 18, ""status"": ""unanswered""}, {""id"": 19, ""status"": ""unanswered""}, {""id"": 20, ""answer"": ""まるすい"", ""status"": ""incorrect""}, {""id"": 21, ""answer"": ""こい"", ""status"": ""correct""}, {""id"": 22, ""status"": ""unanswered""}, {""id"": 23, ""status"": ""unanswered""}, {""id"": 24, ""answer"": ""いんしん"", ""status"": ""correct""}, {""id"": 25, ""status"": ""unanswered""}], ""totalQuestions"": 25}"
019a47a1-1e03-7ef7-aacb-e5709d072f09,019a4797-8760-70db-9521-9e7852d18c37,8,2025-11-03 02:52:12.679428+00,2025-11-03 02:52:12.679428+00,"{""groupId"": ""019a4797-8760-70db-9521-9e7852d18c37"", ""startedAt"": ""2025-11-03T02:42:08.647Z"", ""questionStates"": [{""id"": 1, ""answer"": ""たんい"", ""status"": ""correct""}, {""id"": 2, ""answer"": ""た"", ""status"": ""incorrect""}, {""id"": 3, ""status"": ""unanswered""}, {""id"": 4, ""status"": ""unanswered""}, {""id"": 5, ""answer"": ""Internet"", ""status"": ""correct""}, {""id"": 6, ""status"": ""unanswered""}, {""id"": 7, ""answer"": ""阪大"", ""status"": ""incorrect""}, {""id"": 8, ""status"": ""unanswered""}, {""id"": 9, ""status"": ""unanswered""}, {""id"": 10, ""status"": ""unanswered""}, {""id"": 11, ""status"": ""unanswered""}, {""id"": 12, ""status"": ""unanswered""}, {""id"": 13, ""answer"": ""三国志"", ""status"": ""correct""}, {""id"": 14, ""answer"": ""現在進行形"", ""status"": ""correct""}, {""id"": 15, ""status"": ""unanswered""}, {""id"": 16, ""status"": ""unanswered""}, {""id"": 17, ""status"": ""unanswered""}, {""id"": 18, ""status"": ""unanswered""}, {""id"": 19, ""status"": ""unanswered""}, {""id"": 20, ""status"": ""unanswered""}, {""id"": 21, ""answer"": ""こい"", ""status"": ""correct""}, {""id"": 22, ""status"": ""unanswered""}, {""id"": 23, ""status"": ""unanswered""}, {""id"": 24, ""status"": ""unanswered""}, {""id"": 25, ""status"": ""unanswered""}], ""totalQuestions"": 25}"
019a47a1-45ec-76a4-bba4-75dcec9979a1,019a4798-0ba9-7e2d-8e4a-7a832f9d8d0b,5,2025-11-03 02:52:22.895863+00,2025-11-03 02:52:22.895863+00,"{""groupId"": ""019a4798-0ba9-7e2d-8e4a-7a832f9d8d0b"", ""startedAt"": ""2025-11-03T02:42:19.911Z"", ""questionStates"": [{""id"": 1, ""status"": ""unanswered""}, {""id"": 2, ""status"": ""unanswered""}, {""id"": 3, ""status"": ""unanswered""}, {""id"": 4, ""status"": ""unanswered""}, {""id"": 5, ""status"": ""unanswered""}, {""id"": 6, ""status"": ""unanswered""}, {""id"": 7, ""status"": ""unanswered""}, {""id"": 8, ""answer"": ""SCIENCE"", ""status"": ""correct""}, {""id"": 9, ""status"": ""unanswered""}, {""id"": 10, ""status"": ""unanswered""}, {""id"": 11, ""status"": ""unanswered""}, {""id"": 12, ""status"": ""unanswered""}, {""id"": 13, ""status"": ""unanswered""}, {""id"": 14, ""answer"": ""現在進行形"", ""status"": ""correct""}, {""id"": 15, ""status"": ""unanswered""}, {""id"": 16, ""status"": ""unanswered""}, {""id"": 17, ""status"": ""unanswered""}, {""id"": 18, ""status"": ""unanswered""}, {""id"": 19, ""answer"": ""クリスマス"", ""status"": ""correct""}, {""id"": 20, ""status"": ""unanswered""}, {""id"": 21, ""answer"": ""こい"", ""status"": ""correct""}, {""id"": 22, ""status"": ""unanswered""}, {""id"": 23, ""status"": ""unanswered""}, {""id"": 24, ""answer"": ""んしん"", ""status"": ""incorrect""}, {""id"": 25, ""status"": ""unanswered""}], ""totalQuestions"": 25}"
019a47a1-5410-70c0-ba79-5fffdfe460bc,019a4795-7495-7095-bab4-814994ae59a9,7,2025-11-03 02:52:26.515419+00,2025-11-03 02:52:26.515419+00,"{""groupId"": ""019a4795-7495-7095-bab4-814994ae59a9"", ""startedAt"": ""2025-11-03T02:42:09.085Z"", ""questionStates"": [{""id"": 1, ""status"": ""unanswered""}, {""id"": 2, ""answer"": ""たいへいよう"", ""status"": ""correct""}, {""id"": 3, ""status"": ""unanswered""}, {""id"": 4, ""status"": ""unanswered""}, {""id"": 5, ""answer"": ""internet"", ""status"": ""correct""}, {""id"": 6, ""status"": ""unanswered""}, {""id"": 7, ""answer"": ""はんだい"", ""status"": ""correct""}, {""id"": 8, ""answer"": ""三国志"", ""status"": ""incorrect""}, {""id"": 9, ""status"": ""unanswered""}, {""id"": 10, ""status"": ""unanswered""}, {""id"": 11, ""status"": ""unanswered""}, {""id"": 12, ""answer"": ""htndise"", ""status"": ""incorrect""}, {""id"": 13, ""status"": ""unanswered""}, {""id"": 14, ""status"": ""unanswered""}, {""id"": 15, ""answer"": ""知識"", ""status"": ""correct""}, {""id"": 16, ""status"": ""unanswered""}, {""id"": 17, ""status"": ""unanswered""}, {""id"": 18, ""status"": ""unanswered""}, {""id"": 19, ""status"": ""unanswered""}, {""id"": 20, ""status"": ""unanswered""}, {""id"": 21, ""answer"": ""こい"", ""status"": ""correct""}, {""id"": 22, ""answer"": ""中国"", ""status"": ""correct""}, {""id"": 23, ""status"": ""unanswered""}, {""id"": 24, ""status"": ""unanswered""}, {""id"": 25, ""status"": ""unanswered""}], ""totalQuestions"": 25}"
019a47a1-6475-7080-86a0-f4985800d506,019a4795-4ebe-7d48-b0c5-f309b2c87664,9,2025-11-03 02:52:30.712368+00,2025-11-03 02:52:30.712368+00,"{""groupId"": ""019a4795-4ebe-7d48-b0c5-f309b2c87664"", ""startedAt"": ""2025-11-03T02:42:06.992Z"", ""questionStates"": [{""id"": 1, ""status"": ""unanswered""}, {""id"": 2, ""answer"": ""たいへいよう"", ""status"": ""correct""}, {""id"": 3, ""status"": ""unanswered""}, {""id"": 4, ""status"": ""unanswered""}, {""id"": 5, ""status"": ""unanswered""}, {""id"": 6, ""answer"": ""なかね"", ""status"": ""incorrect""}, {""id"": 7, ""status"": ""unanswered""}, {""id"": 8, ""answer"": ""SCIENCE"", ""status"": ""correct""}, {""id"": 9, ""status"": ""unanswered""}, {""id"": 10, ""status"": ""unanswered""}, {""id"": 11, ""answer"": ""B"", ""status"": ""incorrect""}, {""id"": 12, ""answer"": ""HANNNISEI"", ""status"": ""incorrect""}, {""id"": 13, ""answer"": ""さんごくし"", ""status"": ""correct""}, {""id"": 14, ""status"": ""unanswered""}, {""id"": 15, ""answer"": ""ちしき"", ""status"": ""correct""}, {""id"": 16, ""status"": ""unanswered""}, {""id"": 17, ""status"": ""unanswered""}, {""id"": 18, ""status"": ""unanswered""}, {""id"": 19, ""status"": ""unanswered""}, {""id"": 20, ""status"": ""unanswered""}, {""id"": 21, ""answer"": ""こい"", ""status"": ""correct""}, {""id"": 22, ""answer"": ""中国"", ""status"": ""correct""}, {""id"": 23, ""answer"": ""4"", ""status"": ""correct""}, {""id"": 24, ""status"": ""unanswered""}, {""id"": 25, ""status"": ""unanswered""}], ""totalQuestions"": 25}"
019a47b5-6ce1-7869-bb6c-2e44567d2674,019a47a7-99b6-7e28-b8c2-72f31fbae96d,15,2025-11-03 03:14:23.604147+00,2025-11-03 03:14:23.604147+00,"{""groupId"": ""019a47a7-99b6-7e28-b8c2-72f31fbae96d"", ""startedAt"": ""2025-11-03T03:04:20.706Z"", ""questionStates"": [{""id"": 1, ""status"": ""unanswered""}, {""id"": 2, ""status"": ""unanswered""}, {""id"": 3, ""status"": ""unanswered""}, {""id"": 4, ""answer"": ""ファミレス"", ""status"": ""correct""}, {""id"": 5, ""status"": ""unanswered""}, {""id"": 6, ""status"": ""unanswered""}, {""id"": 7, ""answer"": ""はんだい"", ""status"": ""correct""}, {""id"": 8, ""answer"": ""science"", ""status"": ""correct""}, {""id"": 9, ""status"": ""unanswered""}, {""id"": 10, ""status"": ""unanswered""}, {""id"": 11, ""answer"": ""大阪湾"", ""status"": ""incorrect""}, {""id"": 12, ""status"": ""unanswered""}, {""id"": 13, ""status"": ""unanswered""}, {""id"": 14, ""answer"": ""現在進行形"", ""status"": ""correct""}, {""id"": 15, ""answer"": ""ちしき"", ""status"": ""correct""}, {""id"": 16, ""status"": ""unanswered""}, {""id"": 17, ""answer"": ""ちえ"", ""status"": ""correct""}, {""id"": 18, ""answer"": ""バード"", ""status"": ""correct""}, {""id"": 19, ""status"": ""unanswered""}, {""id"": 20, ""answer"": ""えんすい"", ""status"": ""correct""}, {""id"": 21, ""answer"": ""鯉"", ""status"": ""correct""}, {""id"": 22, ""answer"": ""中国"", ""status"": ""correct""}, {""id"": 23, ""status"": ""unanswered""}, {""id"": 24, ""status"": ""unanswered""}, {""id"": 25, ""status"": ""unanswered""}], ""totalQuestions"": 25}"
019a47b5-7fd2-7461-8f02-dc388a588446,019a47a9-ae1e-7ac1-9e32-11b9d4ab71dc,7,2025-11-03 03:14:28.438264+00,2025-11-03 03:14:28.438264+00,"{""groupId"": ""019a47a9-ae1e-7ac1-9e32-11b9d4ab71dc"", ""startedAt"": ""2025-11-03T03:04:21.135Z"", ""questionStates"": [{""id"": 1, ""status"": ""unanswered""}, {""id"": 2, ""answer"": ""太平洋"", ""status"": ""correct""}, {""id"": 3, ""status"": ""unanswered""}, {""id"": 4, ""status"": ""unanswered""}, {""id"": 5, ""status"": ""unanswered""}, {""id"": 6, ""status"": ""unanswered""}, {""id"": 7, ""answer"": ""阪大"", ""status"": ""incorrect""}, {""id"": 8, ""status"": ""unanswered""}, {""id"": 9, ""status"": ""unanswered""}, {""id"": 10, ""status"": ""unanswered""}, {""id"": 11, ""status"": ""unanswered""}, {""id"": 12, ""status"": ""unanswered""}, {""id"": 13, ""answer"": ""三国志"", ""status"": ""correct""}, {""id"": 14, ""status"": ""unanswered""}, {""id"": 15, ""status"": ""unanswered""}, {""id"": 16, ""status"": ""unanswered""}, {""id"": 17, ""status"": ""unanswered""}, {""id"": 18, ""status"": ""unanswered""}, {""id"": 19, ""answer"": ""クリスマス"", ""status"": ""correct""}, {""id"": 20, ""status"": ""unanswered""}, {""id"": 21, ""answer"": ""コイ"", ""status"": ""correct""}, {""id"": 22, ""status"": ""unanswered""}, {""id"": 23, ""answer"": ""4"", ""status"": ""correct""}, {""id"": 24, ""status"": ""unanswered""}, {""id"": 25, ""status"": ""unanswered""}], ""totalQuestions"": 25}"
019a47b5-8cd2-794e-9206-23934d9e322f,019a47a8-1795-7dcb-a6c5-fdd8ac9f2978,7,2025-11-03 03:14:31.766457+00,2025-11-03 03:14:31.766457+00,"{""groupId"": ""019a47a8-1795-7dcb-a6c5-fdd8ac9f2978"", ""startedAt"": ""2025-11-03T03:04:21.186Z"", ""questionStates"": [{""id"": 1, ""status"": ""unanswered""}, {""id"": 2, ""answer"": ""たいへいよう"", ""status"": ""correct""}, {""id"": 3, ""status"": ""unanswered""}, {""id"": 4, ""status"": ""unanswered""}, {""id"": 5, ""answer"": ""internet"", ""status"": ""correct""}, {""id"": 6, ""status"": ""unanswered""}, {""id"": 7, ""status"": ""unanswered""}, {""id"": 8, ""status"": ""unanswered""}, {""id"": 9, ""answer"": ""ク"", ""status"": ""incorrect""}, {""id"": 10, ""status"": ""unanswered""}, {""id"": 11, ""answer"": ""B"", ""status"": ""incorrect""}, {""id"": 12, ""status"": ""unanswered""}, {""id"": 13, ""status"": ""unanswered""}, {""id"": 14, ""answer"": ""現在進行形"", ""status"": ""correct""}, {""id"": 15, ""answer"": ""ちしき"", ""status"": ""correct""}, {""id"": 16, ""status"": ""unanswered""}, {""id"": 17, ""status"": ""unanswered""}, {""id"": 18, ""status"": ""unanswered""}, {""id"": 19, ""status"": ""unanswered""}, {""id"": 20, ""status"": ""unanswered""}, {""id"": 21, ""status"": ""unanswered""}, {""id"": 22, ""answer"": ""中国"", ""status"": ""correct""}, {""id"": 23, ""answer"": ""4"", ""status"": ""correct""}, {""id"": 24, ""status"": ""unanswered""}, {""id"": 25, ""status"": ""unanswered""}], ""totalQuestions"": 25}"
019a47b5-91b6-7621-8801-48018ccff963,019a47ac-5d4d-7301-8207-61df21879e63,6,2025-11-03 03:14:33.018263+00,2025-11-03 03:14:33.018263+00,"{""groupId"": ""019a47ac-5d4d-7301-8207-61df21879e63"", ""startedAt"": ""2025-11-03T03:04:31.585Z"", ""questionStates"": [{""id"": 1, ""status"": ""unanswered""}, {""id"": 2, ""answer"": ""たいへいよう"", ""status"": ""correct""}, {""id"": 3, ""status"": ""unanswered""}, {""id"": 4, ""status"": ""unanswered""}, {""id"": 5, ""status"": ""unanswered""}, {""id"": 6, ""status"": ""unanswered""}, {""id"": 7, ""answer"": ""はんだい"", ""status"": ""correct""}, {""id"": 8, ""status"": ""unanswered""}, {""id"": 9, ""status"": ""unanswered""}, {""id"": 10, ""answer"": ""まちかね"", ""status"": ""correct""}, {""id"": 11, ""status"": ""unanswered""}, {""id"": 12, ""status"": ""unanswered""}, {""id"": 13, ""status"": ""unanswered""}, {""id"": 14, ""status"": ""unanswered""}, {""id"": 15, ""status"": ""unanswered""}, {""id"": 16, ""status"": ""unanswered""}, {""id"": 17, ""answer"": ""ちえ"", ""status"": ""correct""}, {""id"": 18, ""status"": ""unanswered""}, {""id"": 19, ""status"": ""unanswered""}, {""id"": 20, ""status"": ""unanswered""}, {""id"": 21, ""status"": ""unanswered""}, {""id"": 22, ""status"": ""unanswered""}, {""id"": 23, ""status"": ""unanswered""}, {""id"": 24, ""answer"": ""じんしん"", ""status"": ""incorrect""}, {""id"": 25, ""status"": ""unanswered""}], ""totalQuestions"": 25}"
019a47b5-94ed-7bce-88dc-9e4c3d2924b4,019a47a8-3d94-7dc9-a397-a5563c491247,2,2025-11-03 03:14:33.841507+00,2025-11-03 03:14:33.841507+00,"{""groupId"": ""019a47a8-3d94-7dc9-a397-a5563c491247"", ""startedAt"": ""2025-11-03T03:04:21.516Z"", ""questionStates"": [{""id"": 1, ""status"": ""unanswered""}, {""id"": 2, ""status"": ""unanswered""}, {""id"": 3, ""status"": ""unanswered""}, {""id"": 4, ""status"": ""unanswered""}, {""id"": 5, ""status"": ""unanswered""}, {""id"": 6, ""status"": ""unanswered""}, {""id"": 7, ""status"": ""unanswered""}, {""id"": 8, ""status"": ""unanswered""}, {""id"": 9, ""status"": ""unanswered""}, {""id"": 10, ""status"": ""unanswered""}, {""id"": 11, ""status"": ""unanswered""}, {""id"": 12, ""status"": ""unanswered""}, {""id"": 13, ""status"": ""unanswered""}, {""id"": 14, ""status"": ""unanswered""}, {""id"": 15, ""answer"": ""知識"", ""status"": ""correct""}, {""id"": 16, ""status"": ""unanswered""}, {""id"": 17, ""status"": ""unanswered""}, {""id"": 18, ""status"": ""unanswered""}, {""id"": 19, ""status"": ""unanswered""}, {""id"": 20, ""status"": ""unanswered""}, {""id"": 21, ""answer"": ""コイ"", ""status"": ""correct""}, {""id"": 22, ""status"": ""unanswered""}, {""id"": 23, ""status"": ""unanswered""}, {""id"": 24, ""status"": ""unanswered""}, {""id"": 25, ""status"": ""unanswered""}], ""totalQuestions"": 25}"
019a47b5-e6c3-7396-a163-0d89c45d34a4,019a47a8-9848-7798-b3c9-af22de6468ed,19,2025-11-03 03:14:54.790911+00,2025-11-03 03:14:54.790911+00,"{""groupId"": ""019a47a8-9848-7798-b3c9-af22de6468ed"", ""startedAt"": ""2025-11-03T03:04:20.569Z"", ""questionStates"": [{""id"": 1, ""status"": ""unanswered""}, {""id"": 2, ""answer"": ""たいへいよう"", ""status"": ""correct""}, {""id"": 3, ""status"": ""unanswered""}, {""id"": 4, ""answer"": ""ファミレス"", ""status"": ""correct""}, {""id"": 5, ""status"": ""unanswered""}, {""id"": 6, ""status"": ""unanswered""}, {""id"": 7, ""answer"": ""はんだい"", ""status"": ""correct""}, {""id"": 8, ""answer"": ""science"", ""status"": ""correct""}, {""id"": 9, ""status"": ""unanswered""}, {""id"": 10, ""answer"": ""まちかね"", ""status"": ""correct""}, {""id"": 11, ""answer"": ""大阪湾"", ""status"": ""incorrect""}, {""id"": 12, ""answer"": ""handaisei"", ""status"": ""incorrect""}, {""id"": 13, ""status"": ""unanswered""}, {""id"": 14, ""answer"": ""現在進行形"", ""status"": ""correct""}, {""id"": 15, ""answer"": ""さんごくし"", ""status"": ""incorrect""}, {""id"": 16, ""answer"": ""年月"", ""status"": ""incorrect""}, {""id"": 17, ""answer"": ""ちえ"", ""status"": ""correct""}, {""id"": 18, ""answer"": ""バード"", ""status"": ""correct""}, {""id"": 19, ""answer"": ""クリスマス"", ""status"": ""correct""}, {""id"": 20, ""answer"": ""えんすい"", ""status"": ""correct""}, {""id"": 21, ""answer"": ""コイ"", ""status"": ""correct""}, {""id"": 22, ""status"": ""unanswered""}, {""id"": 23, ""status"": ""unanswered""}, {""id"": 24, ""answer"": ""いんしん"", ""status"": ""correct""}, {""id"": 25, ""status"": ""unanswered""}], ""totalQuestions"": 25}"
019a47b5-e7cd-74e1-aea4-321c3b2f79fc,019a47a7-f3d9-7865-bd00-08550863089f,8,2025-11-03 03:14:55.057493+00,2025-11-03 03:14:55.057493+00,"{""groupId"": ""019a47a7-f3d9-7865-bd00-08550863089f"", ""startedAt"": ""2025-11-03T03:04:22.754Z"", ""questionStates"": [{""id"": 1, ""status"": ""unanswered""}, {""id"": 2, ""status"": ""unanswered""}, {""id"": 3, ""status"": ""unanswered""}, {""id"": 4, ""status"": ""unanswered""}, {""id"": 5, ""answer"": ""internet"", ""status"": ""correct""}, {""id"": 6, ""status"": ""unanswered""}, {""id"": 7, ""status"": ""unanswered""}, {""id"": 8, ""answer"": ""SCIENCE"", ""status"": ""correct""}, {""id"": 9, ""status"": ""unanswered""}, {""id"": 10, ""status"": ""unanswered""}, {""id"": 11, ""status"": ""unanswered""}, {""id"": 12, ""status"": ""unanswered""}, {""id"": 13, ""answer"": ""三国志"", ""status"": ""correct""}, {""id"": 14, ""status"": ""unanswered""}, {""id"": 15, ""status"": ""unanswered""}, {""id"": 16, ""status"": ""unanswered""}, {""id"": 17, ""status"": ""unanswered""}, {""id"": 18, ""status"": ""unanswered""}, {""id"": 19, ""answer"": ""クリスマス"", ""status"": ""correct""}, {""id"": 20, ""status"": ""unanswered""}, {""id"": 21, ""answer"": ""こい"", ""status"": ""correct""}, {""id"": 22, ""status"": ""unanswered""}, {""id"": 23, ""answer"": ""4"", ""status"": ""correct""}, {""id"": 24, ""status"": ""unanswered""}, {""id"": 25, ""status"": ""unanswered""}], ""totalQuestions"": 25}"
019a47c8-8005-7635-94a1-b503a466fc90,019a47bc-b267-7528-8af2-1f4a6369b865,22,2025-11-03 03:35:13.673383+00,2025-11-03 03:35:13.673383+00,"{""groupId"": ""019a47bc-b267-7528-8af2-1f4a6369b865"", ""startedAt"": ""2025-11-03T03:25:09.249Z"", ""questionStates"": [{""id"": 1, ""answer"": ""たんい"", ""status"": ""correct""}, {""id"": 2, ""answer"": ""たいへいよう"", ""status"": ""correct""}, {""id"": 3, ""answer"": ""秋刀魚"", ""status"": ""correct""}, {""id"": 4, ""answer"": ""ふぁみれす"", ""status"": ""correct""}, {""id"": 5, ""answer"": ""internet"", ""status"": ""correct""}, {""id"": 6, ""status"": ""unanswered""}, {""id"": 7, ""answer"": ""はんだい"", ""status"": ""correct""}, {""id"": 8, ""status"": ""unanswered""}, {""id"": 9, ""status"": ""unanswered""}, {""id"": 10, ""answer"": ""まちかね"", ""status"": ""correct""}, {""id"": 11, ""status"": ""unanswered""}, {""id"": 12, ""answer"": ""handaisei"", ""status"": ""incorrect""}, {""id"": 13, ""status"": ""unanswered""}, {""id"": 14, ""answer"": ""げんざいしんこうけい"", ""status"": ""correct""}, {""id"": 15, ""answer"": ""ちしき"", ""status"": ""correct""}, {""id"": 16, ""status"": ""unanswered""}, {""id"": 17, ""status"": ""unanswered""}, {""id"": 18, ""answer"": ""ばーど"", ""status"": ""correct""}, {""id"": 19, ""status"": ""unanswered""}, {""id"": 20, ""answer"": ""えんすい"", ""status"": ""correct""}, {""id"": 21, ""answer"": ""鯉"", ""status"": ""correct""}, {""id"": 22, ""answer"": ""中国"", ""status"": ""correct""}, {""id"": 23, ""answer"": ""4"", ""status"": ""correct""}, {""id"": 24, ""status"": ""unanswered""}, {""id"": 25, ""status"": ""unanswered""}], ""totalQuestions"": 25}"
019a47c8-93d5-7330-84b2-225a0009c713,019a47bc-809d-71d5-a062-571bfe4417ca,8,2025-11-03 03:35:18.745121+00,2025-11-03 03:35:18.745121+00,"{""groupId"": ""019a47bc-809d-71d5-a062-571bfe4417ca"", ""startedAt"": ""2025-11-03T03:25:11.829Z"", ""questionStates"": [{""id"": 1, ""status"": ""unanswered""}, {""id"": 2, ""answer"": ""たいへいよう"", ""status"": ""correct""}, {""id"": 3, ""status"": ""unanswered""}, {""id"": 4, ""answer"": ""ファミレス"", ""status"": ""correct""}, {""id"": 5, ""status"": ""unanswered""}, {""id"": 6, ""status"": ""unanswered""}, {""id"": 7, ""answer"": ""はんだい"", ""status"": ""correct""}, {""id"": 8, ""status"": ""unanswered""}, {""id"": 9, ""status"": ""unanswered""}, {""id"": 10, ""answer"": ""まちかね"", ""status"": ""correct""}, {""id"": 11, ""answer"": ""B"", ""status"": ""incorrect""}, {""id"": 12, ""answer"": ""HANNDAISEI"", ""status"": ""incorrect""}, {""id"": 13, ""status"": ""unanswered""}, {""id"": 14, ""status"": ""unanswered""}, {""id"": 15, ""status"": ""unanswered""}, {""id"": 16, ""status"": ""unanswered""}, {""id"": 17, ""status"": ""unanswered""}, {""id"": 18, ""status"": ""unanswered""}, {""id"": 19, ""status"": ""unanswered""}, {""id"": 20, ""status"": ""unanswered""}, {""id"": 21, ""answer"": ""こい"", ""status"": ""correct""}, {""id"": 22, ""status"": ""unanswered""}, {""id"": 23, ""status"": ""unanswered""}, {""id"": 24, ""status"": ""unanswered""}, {""id"": 25, ""status"": ""unanswered""}], ""totalQuestions"": 25}"
019a47c8-9b80-7398-a27f-3e29c164c292,019a47bd-917e-70a2-9e11-df65229c44aa,11,2025-11-03 03:35:20.708373+00,2025-11-03 03:35:20.708373+00,"{""groupId"": ""019a47bd-917e-70a2-9e11-df65229c44aa"", ""startedAt"": ""2025-11-03T03:25:11.981Z"", ""questionStates"": [{""id"": 1, ""status"": ""unanswered""}, {""id"": 2, ""status"": ""unanswered""}, {""id"": 3, ""status"": ""unanswered""}, {""id"": 4, ""answer"": ""ファミレス"", ""status"": ""correct""}, {""id"": 5, ""answer"": ""INTERNET"", ""status"": ""incorrect""}, {""id"": 6, ""status"": ""unanswered""}, {""id"": 7, ""answer"": ""はんだい"", ""status"": ""correct""}, {""id"": 8, ""answer"": ""SCIENCE"", ""status"": ""correct""}, {""id"": 9, ""status"": ""unanswered""}, {""id"": 10, ""status"": ""unanswered""}, {""id"": 11, ""status"": ""unanswered""}, {""id"": 12, ""status"": ""unanswered""}, {""id"": 13, ""status"": ""unanswered""}, {""id"": 14, ""answer"": ""現在進行形"", ""status"": ""correct""}, {""id"": 15, ""status"": ""unanswered""}, {""id"": 16, ""status"": ""unanswered""}, {""id"": 17, ""answer"": ""ちえ"", ""status"": ""correct""}, {""id"": 18, ""answer"": ""バード"", ""status"": ""correct""}, {""id"": 19, ""answer"": ""クリスマス"", ""status"": ""correct""}, {""id"": 20, ""status"": ""unanswered""}, {""id"": 21, ""answer"": ""錦鯉"", ""status"": ""incorrect""}, {""id"": 22, ""status"": ""unanswered""}, {""id"": 23, ""status"": ""unanswered""}, {""id"": 24, ""status"": ""unanswered""}, {""id"": 25, ""status"": ""unanswered""}], ""totalQuestions"": 25}"
019a47da-2ea6-7b20-86b4-928b0dc2ff3d,019a47ce-e42d-7a85-94b5-caa414d5f71b,12,2025-11-03 03:54:32.490665+00,2025-11-03 03:54:32.490665+00,"{""groupId"": ""019a47ce-e42d-7a85-94b5-caa414d5f71b"", ""startedAt"": ""2025-11-03T03:44:24.031Z"", ""questionStates"": [{""id"": 1, ""answer"": ""たんい"", ""status"": ""correct""}, {""id"": 2, ""answer"": ""たいへいよう"", ""status"": ""correct""}, {""id"": 3, ""answer"": ""HANDAISEI"", ""status"": ""incorrect""}, {""id"": 4, ""status"": ""unanswered""}, {""id"": 5, ""status"": ""unanswered""}, {""id"": 6, ""status"": ""unanswered""}, {""id"": 7, ""status"": ""unanswered""}, {""id"": 8, ""status"": ""unanswered""}, {""id"": 9, ""status"": ""unanswered""}, {""id"": 10, ""status"": ""unanswered""}, {""id"": 11, ""answer"": ""B"", ""status"": ""incorrect""}, {""id"": 12, ""status"": ""unanswered""}, {""id"": 13, ""answer"": ""さんごくし"", ""status"": ""correct""}, {""id"": 14, ""answer"": ""現在進行系"", ""status"": ""incorrect""}, {""id"": 15, ""answer"": ""ちしき"", ""status"": ""correct""}, {""id"": 16, ""status"": ""unanswered""}, {""id"": 17, ""status"": ""unanswered""}, {""id"": 18, ""status"": ""unanswered""}, {""id"": 19, ""answer"": ""クリスマス"", ""status"": ""correct""}, {""id"": 20, ""status"": ""unanswered""}, {""id"": 21, ""status"": ""unanswered""}, {""id"": 22, ""answer"": ""中国"", ""status"": ""correct""}, {""id"": 23, ""answer"": ""4"", ""status"": ""correct""}, {""id"": 24, ""status"": ""unanswered""}, {""id"": 25, ""status"": ""unanswered""}], ""totalQuestions"": 25}"
019a47da-3143-7d6b-9303-204e472a92cc,019a47cf-5988-7ace-a0dc-958d90d1bfd8,6,2025-11-03 03:54:33.16013+00,2025-11-03 03:54:33.16013+00,"{""groupId"": ""019a47cf-5988-7ace-a0dc-958d90d1bfd8"", ""startedAt"": ""2025-11-03T03:44:27.213Z"", ""questionStates"": [{""id"": 1, ""status"": ""unanswered""}, {""id"": 2, ""answer"": ""太平洋"", ""status"": ""correct""}, {""id"": 3, ""status"": ""unanswered""}, {""id"": 4, ""status"": ""unanswered""}, {""id"": 5, ""status"": ""unanswered""}, {""id"": 6, ""status"": ""unanswered""}, {""id"": 7, ""status"": ""unanswered""}, {""id"": 8, ""status"": ""unanswered""}, {""id"": 9, ""status"": ""unanswered""}, {""id"": 10, ""status"": ""unanswered""}, {""id"": 11, ""answer"": ""B"", ""status"": ""incorrect""}, {""id"": 12, ""answer"": ""handaisei"", ""status"": ""incorrect""}, {""id"": 13, ""status"": ""unanswered""}, {""id"": 14, ""status"": ""unanswered""}, {""id"": 15, ""answer"": ""ちしき"", ""status"": ""correct""}, {""id"": 16, ""status"": ""unanswered""}, {""id"": 17, ""status"": ""unanswered""}, {""id"": 18, ""status"": ""unanswered""}, {""id"": 19, ""status"": ""unanswered""}, {""id"": 20, ""status"": ""unanswered""}, {""id"": 21, ""answer"": ""こい"", ""status"": ""correct""}, {""id"": 22, ""answer"": ""中国"", ""status"": ""correct""}, {""id"": 23, ""answer"": ""4"", ""status"": ""correct""}, {""id"": 24, ""status"": ""unanswered""}, {""id"": 25, ""status"": ""unanswered""}], ""totalQuestions"": 25}"
019a47da-328a-73f9-979f-273fe2dd1062,019a47ce-fcff-756e-9ce7-ea3ea842b98f,7,2025-11-03 03:54:33.486427+00,2025-11-03 03:54:33.486427+00,"{""groupId"": ""019a47ce-fcff-756e-9ce7-ea3ea842b98f"", ""startedAt"": ""2025-11-03T03:44:27.445Z"", ""questionStates"": [{""id"": 1, ""status"": ""unanswered""}, {""id"": 2, ""status"": ""unanswered""}, {""id"": 3, ""status"": ""unanswered""}, {""id"": 4, ""answer"": ""ファミレス"", ""status"": ""correct""}, {""id"": 5, ""status"": ""unanswered""}, {""id"": 6, ""answer"": ""穴"", ""status"": ""incorrect""}, {""id"": 7, ""answer"": ""阪大"", ""status"": ""incorrect""}, {""id"": 8, ""answer"": ""science"", ""status"": ""correct""}, {""id"": 9, ""status"": ""unanswered""}, {""id"": 10, ""status"": ""unanswered""}, {""id"": 11, ""status"": ""unanswered""}, {""id"": 12, ""status"": ""unanswered""}, {""id"": 13, ""answer"": ""三国志"", ""status"": ""correct""}, {""id"": 14, ""status"": ""unanswered""}, {""id"": 15, ""status"": ""unanswered""}, {""id"": 16, ""status"": ""unanswered""}, {""id"": 17, ""status"": ""unanswered""}, {""id"": 18, ""status"": ""unanswered""}, {""id"": 19, ""status"": ""unanswered""}, {""id"": 20, ""status"": ""unanswered""}, {""id"": 21, ""answer"": ""コイ"", ""status"": ""correct""}, {""id"": 22, ""status"": ""unanswered""}, {""id"": 23, ""status"": ""unanswered""}, {""id"": 24, ""status"": ""unanswered""}, {""id"": 25, ""status"": ""unanswered""}], ""totalQuestions"": 25}"
019a47da-330e-7a72-9c85-69149520bb0e,019a47cf-5dbe-7dd9-94e0-76fa560abc58,6,2025-11-03 03:54:33.61877+00,2025-11-03 03:54:33.61877+00,"{""groupId"": ""019a47cf-5dbe-7dd9-94e0-76fa560abc58"", ""startedAt"": ""2025-11-03T03:44:24.193Z"", ""questionStates"": [{""id"": 1, ""status"": ""unanswered""}, {""id"": 2, ""status"": ""unanswered""}, {""id"": 3, ""status"": ""unanswered""}, {""id"": 4, ""status"": ""unanswered""}, {""id"": 5, ""answer"": ""internet"", ""status"": ""correct""}, {""id"": 6, ""status"": ""unanswered""}, {""id"": 7, ""answer"": ""阪大"", ""status"": ""incorrect""}, {""id"": 8, ""status"": ""unanswered""}, {""id"": 9, ""status"": ""unanswered""}, {""id"": 10, ""status"": ""unanswered""}, {""id"": 11, ""status"": ""unanswered""}, {""id"": 12, ""status"": ""unanswered""}, {""id"": 13, ""status"": ""unanswered""}, {""id"": 14, ""status"": ""unanswered""}, {""id"": 15, ""answer"": ""知識"", ""status"": ""correct""}, {""id"": 16, ""status"": ""unanswered""}, {""id"": 17, ""status"": ""unanswered""}, {""id"": 18, ""status"": ""unanswered""}, {""id"": 19, ""status"": ""unanswered""}, {""id"": 20, ""status"": ""unanswered""}, {""id"": 21, ""answer"": ""鯉"", ""status"": ""correct""}, {""id"": 22, ""answer"": ""中国"", ""status"": ""correct""}, {""id"": 23, ""answer"": ""4"", ""status"": ""correct""}, {""id"": 24, ""status"": ""unanswered""}, {""id"": 25, ""status"": ""unanswered""}], ""totalQuestions"": 25}"
019a47da-33a6-746f-939a-f7ca885ef293,019a47ca-0be4-7324-a132-262879528662,5,2025-11-03 03:54:33.77062+00,2025-11-03 03:54:33.77062+00,"{""groupId"": ""019a47ca-0be4-7324-a132-262879528662"", ""startedAt"": ""2025-11-03T03:44:25.841Z"", ""questionStates"": [{""id"": 1, ""status"": ""unanswered""}, {""id"": 2, ""status"": ""unanswered""}, {""id"": 3, ""status"": ""unanswered""}, {""id"": 4, ""status"": ""unanswered""}, {""id"": 5, ""answer"": ""INTERNET"", ""status"": ""incorrect""}, {""id"": 6, ""status"": ""unanswered""}, {""id"": 7, ""answer"": ""はんだい"", ""status"": ""correct""}, {""id"": 8, ""status"": ""unanswered""}, {""id"": 9, ""status"": ""unanswered""}, {""id"": 10, ""status"": ""unanswered""}, {""id"": 11, ""status"": ""unanswered""}, {""id"": 12, ""status"": ""unanswered""}, {""id"": 13, ""status"": ""unanswered""}, {""id"": 14, ""answer"": ""現在進行形"", ""status"": ""correct""}, {""id"": 15, ""status"": ""unanswered""}, {""id"": 16, ""status"": ""unanswered""}, {""id"": 17, ""status"": ""unanswered""}, {""id"": 18, ""answer"": ""バーヤ"", ""status"": ""incorrect""}, {""id"": 19, ""answer"": ""クリスマス"", ""status"": ""correct""}, {""id"": 20, ""status"": ""unanswered""}, {""id"": 21, ""answer"": ""こい"", ""status"": ""correct""}, {""id"": 22, ""status"": ""unanswered""}, {""id"": 23, ""status"": ""unanswered""}, {""id"": 24, ""status"": ""unanswered""}, {""id"": 25, ""status"": ""unanswered""}], ""totalQuestions"": 25}"
019a47da-3fff-7377-bb7b-677bee1245f1,019a47d1-07e1-7d4b-8f76-12996d2a4e2f,10,2025-11-03 03:54:36.931111+00,2025-11-03 03:54:36.931111+00,"{""groupId"": ""019a47d1-07e1-7d4b-8f76-12996d2a4e2f"", ""startedAt"": ""2025-11-03T03:44:35.017Z"", ""questionStates"": [{""id"": 1, ""answer"": ""たんい"", ""status"": ""correct""}, {""id"": 2, ""status"": ""unanswered""}, {""id"": 3, ""status"": ""unanswered""}, {""id"": 4, ""answer"": ""ファミレス"", ""status"": ""correct""}, {""id"": 5, ""answer"": ""Intenet"", ""status"": ""incorrect""}, {""id"": 6, ""status"": ""unanswered""}, {""id"": 7, ""answer"": ""阪大"", ""status"": ""incorrect""}, {""id"": 8, ""answer"": ""Science"", ""status"": ""incorrect""}, {""id"": 9, ""status"": ""unanswered""}, {""id"": 10, ""status"": ""unanswered""}, {""id"": 11, ""status"": ""unanswered""}, {""id"": 12, ""status"": ""unanswered""}, {""id"": 13, ""answer"": ""三国志"", ""status"": ""correct""}, {""id"": 14, ""answer"": ""現在進行形"", ""status"": ""correct""}, {""id"": 15, ""status"": ""unanswered""}, {""id"": 16, ""status"": ""unanswered""}, {""id"": 17, ""status"": ""unanswered""}, {""id"": 18, ""answer"": ""バード"", ""status"": ""correct""}, {""id"": 19, ""status"": ""unanswered""}, {""id"": 20, ""status"": ""unanswered""}, {""id"": 21, ""answer"": ""氷"", ""status"": ""incorrect""}, {""id"": 22, ""status"": ""unanswered""}, {""id"": 23, ""status"": ""unanswered""}, {""id"": 24, ""status"": ""unanswered""}, {""id"": 25, ""status"": ""unanswered""}], ""totalQuestions"": 25}"
019a47da-5a11-7a3f-b6af-a96424b05a82,019a47d0-74fd-7e34-b9b3-d25c0681f606,4,2025-11-03 03:54:43.605748+00,2025-11-03 03:54:43.605748+00,"{""groupId"": ""019a47d0-74fd-7e34-b9b3-d25c0681f606"", ""startedAt"": ""2025-11-03T03:44:25.567Z"", ""questionStates"": [{""id"": 1, ""status"": ""unanswered""}, {""id"": 2, ""status"": ""unanswered""}, {""id"": 3, ""status"": ""unanswered""}, {""id"": 4, ""status"": ""unanswered""}, {""id"": 5, ""status"": ""unanswered""}, {""id"": 6, ""status"": ""unanswered""}, {""id"": 7, ""answer"": ""はんだい"", ""status"": ""correct""}, {""id"": 8, ""status"": ""unanswered""}, {""id"": 9, ""status"": ""unanswered""}, {""id"": 10, ""status"": ""unanswered""}, {""id"": 11, ""status"": ""unanswered""}, {""id"": 12, ""status"": ""unanswered""}, {""id"": 13, ""status"": ""unanswered""}, {""id"": 14, ""status"": ""unanswered""}, {""id"": 15, ""answer"": ""しきい"", ""status"": ""incorrect""}, {""id"": 16, ""status"": ""unanswered""}, {""id"": 17, ""status"": ""unanswered""}, {""id"": 18, ""status"": ""unanswered""}, {""id"": 19, ""status"": ""unanswered""}, {""id"": 20, ""answer"": ""えんすい"", ""status"": ""correct""}, {""id"": 21, ""status"": ""unanswered""}, {""id"": 22, ""status"": ""unanswered""}, {""id"": 23, ""answer"": ""4"", ""status"": ""correct""}, {""id"": 24, ""status"": ""unanswered""}, {""id"": 25, ""status"": ""unanswered""}], ""totalQuestions"": 25}"
019a47ea-ff7e-717b-b522-01e10d3a79f4,019a47df-b9bd-75f2-9363-b95018b5da68,11,2025-11-03 04:12:54.530104+00,2025-11-03 04:12:54.530104+00,"{""groupId"": ""019a47df-b9bd-75f2-9363-b95018b5da68"", ""startedAt"": ""2025-11-03T04:02:53.008Z"", ""questionStates"": [{""id"": 1, ""status"": ""unanswered""}, {""id"": 2, ""answer"": ""たいへいよう"", ""status"": ""correct""}, {""id"": 3, ""status"": ""unanswered""}, {""id"": 4, ""status"": ""unanswered""}, {""id"": 5, ""answer"": ""internet"", ""status"": ""correct""}, {""id"": 6, ""answer"": ""波"", ""status"": ""correct""}, {""id"": 7, ""status"": ""unanswered""}, {""id"": 8, ""status"": ""unanswered""}, {""id"": 9, ""status"": ""unanswered""}, {""id"": 10, ""status"": ""unanswered""}, {""id"": 11, ""answer"": ""B"", ""status"": ""incorrect""}, {""id"": 12, ""answer"": ""handaisei"", ""status"": ""incorrect""}, {""id"": 13, ""status"": ""unanswered""}, {""id"": 14, ""answer"": ""げんざいしんこうけい"", ""status"": ""correct""}, {""id"": 15, ""answer"": ""知識"", ""status"": ""correct""}, {""id"": 16, ""status"": ""unanswered""}, {""id"": 17, ""status"": ""unanswered""}, {""id"": 18, ""answer"": ""くはい"", ""status"": ""incorrect""}, {""id"": 19, ""answer"": ""クリスマス"", ""status"": ""correct""}, {""id"": 20, ""status"": ""unanswered""}, {""id"": 21, ""answer"": ""鯉"", ""status"": ""correct""}, {""id"": 22, ""answer"": ""中国"", ""status"": ""correct""}, {""id"": 23, ""status"": ""unanswered""}, {""id"": 24, ""status"": ""unanswered""}, {""id"": 25, ""status"": ""unanswered""}], ""totalQuestions"": 25}"
019a47eb-1736-78cc-9530-b04fc5054d32,019a47e0-61ca-7e29-b542-61685eb797d9,4,2025-11-03 04:13:00.60285+00,2025-11-03 04:13:00.60285+00,"{""groupId"": ""019a47e0-61ca-7e29-b542-61685eb797d9"", ""startedAt"": ""2025-11-03T04:02:53.209Z"", ""questionStates"": [{""id"": 1, ""status"": ""unanswered""}, {""id"": 2, ""answer"": ""たいへいよう"", ""status"": ""correct""}, {""id"": 3, ""status"": ""unanswered""}, {""id"": 4, ""status"": ""unanswered""}, {""id"": 5, ""status"": ""unanswered""}, {""id"": 6, ""answer"": ""ファミレス"", ""status"": ""incorrect""}, {""id"": 7, ""answer"": ""はんだい"", ""status"": ""correct""}, {""id"": 8, ""answer"": ""science"", ""status"": ""correct""}, {""id"": 9, ""status"": ""unanswered""}, {""id"": 10, ""status"": ""unanswered""}, {""id"": 11, ""status"": ""unanswered""}, {""id"": 12, ""status"": ""unanswered""}, {""id"": 13, ""answer"": ""たいへいよう"", ""status"": ""incorrect""}, {""id"": 14, ""status"": ""unanswered""}, {""id"": 15, ""answer"": ""ちしき"", ""status"": ""correct""}, {""id"": 16, ""status"": ""unanswered""}, {""id"": 17, ""status"": ""unanswered""}, {""id"": 18, ""status"": ""unanswered""}, {""id"": 19, ""status"": ""unanswered""}, {""id"": 20, ""status"": ""unanswered""}, {""id"": 21, ""answer"": ""リス"", ""status"": ""incorrect""}, {""id"": 22, ""status"": ""unanswered""}, {""id"": 23, ""status"": ""unanswered""}, {""id"": 24, ""status"": ""unanswered""}, {""id"": 25, ""status"": ""unanswered""}], ""totalQuestions"": 25}"
019a47eb-1c4a-7af4-8e5f-fdaafb5e3adc,019a47e1-6da5-77bd-8a74-459bd753272a,5,2025-11-03 04:13:01.903625+00,2025-11-03 04:13:01.903625+00,"{""groupId"": ""019a47e1-6da5-77bd-8a74-459bd753272a"", ""startedAt"": ""2025-11-03T04:02:53.152Z"", ""questionStates"": [{""id"": 1, ""status"": ""unanswered""}, {""id"": 2, ""answer"": ""太平洋"", ""status"": ""correct""}, {""id"": 3, ""status"": ""unanswered""}, {""id"": 4, ""status"": ""unanswered""}, {""id"": 5, ""status"": ""unanswered""}, {""id"": 6, ""status"": ""unanswered""}, {""id"": 7, ""status"": ""unanswered""}, {""id"": 8, ""status"": ""unanswered""}, {""id"": 9, ""status"": ""unanswered""}, {""id"": 10, ""status"": ""unanswered""}, {""id"": 11, ""answer"": ""B"", ""status"": ""incorrect""}, {""id"": 12, ""answer"": ""Handaisei"", ""status"": ""incorrect""}, {""id"": 13, ""status"": ""unanswered""}, {""id"": 14, ""status"": ""unanswered""}, {""id"": 15, ""status"": ""unanswered""}, {""id"": 16, ""status"": ""unanswered""}, {""id"": 17, ""status"": ""unanswered""}, {""id"": 18, ""status"": ""unanswered""}, {""id"": 19, ""status"": ""unanswered""}, {""id"": 20, ""status"": ""unanswered""}, {""id"": 21, ""answer"": ""こい"", ""status"": ""correct""}, {""id"": 22, ""answer"": ""中国"", ""status"": ""correct""}, {""id"": 23, ""answer"": ""4"", ""status"": ""correct""}, {""id"": 24, ""status"": ""unanswered""}, {""id"": 25, ""status"": ""unanswered""}], ""totalQuestions"": 25}"
019a47eb-294d-72c7-8d4d-086b74cf5e23,019a47e0-7522-797c-972e-2b9a1cd06056,6,2025-11-03 04:13:05.233097+00,2025-11-03 04:13:05.233097+00,"{""groupId"": ""019a47e0-7522-797c-972e-2b9a1cd06056"", ""startedAt"": ""2025-11-03T04:02:55.302Z"", ""questionStates"": [{""id"": 1, ""status"": ""unanswered""}, {""id"": 2, ""answer"": ""太平洋"", ""status"": ""correct""}, {""id"": 3, ""status"": ""unanswered""}, {""id"": 4, ""answer"": ""ファミレス"", ""status"": ""correct""}, {""id"": 5, ""status"": ""unanswered""}, {""id"": 6, ""status"": ""unanswered""}, {""id"": 7, ""answer"": ""はんだい"", ""status"": ""correct""}, {""id"": 8, ""answer"": ""science"", ""status"": ""correct""}, {""id"": 9, ""status"": ""unanswered""}, {""id"": 10, ""status"": ""unanswered""}, {""id"": 11, ""status"": ""unanswered""}, {""id"": 12, ""status"": ""unanswered""}, {""id"": 13, ""status"": ""unanswered""}, {""id"": 14, ""status"": ""unanswered""}, {""id"": 15, ""status"": ""unanswered""}, {""id"": 16, ""status"": ""unanswered""}, {""id"": 17, ""status"": ""unanswered""}, {""id"": 18, ""status"": ""unanswered""}, {""id"": 19, ""status"": ""unanswered""}, {""id"": 20, ""status"": ""unanswered""}, {""id"": 21, ""answer"": ""りす"", ""status"": ""incorrect""}, {""id"": 22, ""status"": ""unanswered""}, {""id"": 23, ""status"": ""unanswered""}, {""id"": 24, ""status"": ""unanswered""}, {""id"": 25, ""status"": ""unanswered""}], ""totalQuestions"": 25}"
019a47eb-534b-7df9-88ed-bfd72f045240,019a47e1-5e10-7342-8152-356c23b816df,4,2025-11-03 04:13:15.983823+00,2025-11-03 04:13:15.983823+00,"{""groupId"": ""019a47e1-5e10-7342-8152-356c23b816df"", ""startedAt"": ""2025-11-03T04:02:53.739Z"", ""questionStates"": [{""id"": 1, ""status"": ""unanswered""}, {""id"": 2, ""answer"": ""太平洋"", ""status"": ""correct""}, {""id"": 3, ""status"": ""unanswered""}, {""id"": 4, ""status"": ""unanswered""}, {""id"": 5, ""status"": ""unanswered""}, {""id"": 6, ""answer"": ""ファミレス"", ""status"": ""incorrect""}, {""id"": 7, ""answer"": ""はんだい"", ""status"": ""correct""}, {""id"": 8, ""answer"": ""science"", ""status"": ""correct""}, {""id"": 9, ""status"": ""unanswered""}, {""id"": 10, ""status"": ""unanswered""}, {""id"": 11, ""status"": ""unanswered""}, {""id"": 12, ""status"": ""unanswered""}, {""id"": 13, ""status"": ""unanswered""}, {""id"": 14, ""status"": ""unanswered""}, {""id"": 15, ""answer"": ""ちしき"", ""status"": ""correct""}, {""id"": 16, ""status"": ""unanswered""}, {""id"": 17, ""status"": ""unanswered""}, {""id"": 18, ""status"": ""unanswered""}, {""id"": 19, ""status"": ""unanswered""}, {""id"": 20, ""status"": ""unanswered""}, {""id"": 21, ""answer"": ""りす"", ""status"": ""incorrect""}, {""id"": 22, ""status"": ""unanswered""}, {""id"": 23, ""status"": ""unanswered""}, {""id"": 24, ""status"": ""unanswered""}, {""id"": 25, ""status"": ""unanswered""}], ""totalQuestions"": 25}"
019a47eb-5572-71d2-9e46-5e7ec273e3c1,019a47df-d513-7120-80a1-1f6731451c1c,15,2025-11-03 04:13:16.533989+00,2025-11-03 04:13:16.533989+00,"{""groupId"": ""019a47df-d513-7120-80a1-1f6731451c1c"", ""startedAt"": ""2025-11-03T04:03:15.140Z"", ""questionStates"": [{""id"": 1, ""answer"": ""たんい"", ""status"": ""correct""}, {""id"": 2, ""answer"": ""たいへいよう"", ""status"": ""correct""}, {""id"": 3, ""status"": ""unanswered""}, {""id"": 4, ""answer"": ""ふぁみれす"", ""status"": ""correct""}, {""id"": 5, ""answer"": ""internet"", ""status"": ""correct""}, {""id"": 6, ""status"": ""unanswered""}, {""id"": 7, ""answer"": ""はんだい"", ""status"": ""correct""}, {""id"": 8, ""status"": ""unanswered""}, {""id"": 9, ""status"": ""unanswered""}, {""id"": 10, ""answer"": ""おかねもち"", ""status"": ""incorrect""}, {""id"": 11, ""status"": ""unanswered""}, {""id"": 12, ""status"": ""unanswered""}, {""id"": 13, ""answer"": ""三国志"", ""status"": ""correct""}, {""id"": 14, ""answer"": ""現在進行形"", ""status"": ""correct""}, {""id"": 15, ""answer"": ""ちしき"", ""status"": ""correct""}, {""id"": 16, ""status"": ""unanswered""}, {""id"": 17, ""status"": ""unanswered""}, {""id"": 18, ""answer"": ""ハード"", ""status"": ""incorrect""}, {""id"": 19, ""status"": ""unanswered""}, {""id"": 20, ""status"": ""unanswered""}, {""id"": 21, ""answer"": ""こい"", ""status"": ""correct""}, {""id"": 22, ""answer"": ""げん"", ""status"": ""incorrect""}, {""id"": 23, ""answer"": ""4"", ""status"": ""correct""}, {""id"": 24, ""status"": ""unanswered""}, {""id"": 25, ""status"": ""unanswered""}], ""totalQuestions"": 25}"
019a47eb-929c-7e36-8e2b-6f68c9b38391,019a47e1-4c40-7674-9de2-e97c103a8049,11,2025-11-03 04:13:32.192848+00,2025-11-03 04:13:32.192848+00,"{""groupId"": ""019a47e1-4c40-7674-9de2-e97c103a8049"", ""startedAt"": ""2025-11-03T04:03:25.574Z"", ""questionStates"": [{""id"": 1, ""status"": ""unanswered""}, {""id"": 2, ""status"": ""unanswered""}, {""id"": 3, ""status"": ""unanswered""}, {""id"": 4, ""answer"": ""ふぁみれす"", ""status"": ""correct""}, {""id"": 5, ""status"": ""unanswered""}, {""id"": 6, ""status"": ""unanswered""}, {""id"": 7, ""answer"": ""はんだい"", ""status"": ""correct""}, {""id"": 8, ""answer"": ""SCIENCE"", ""status"": ""correct""}, {""id"": 9, ""status"": ""unanswered""}, {""id"": 10, ""status"": ""unanswered""}, {""id"": 11, ""answer"": ""B"", ""status"": ""incorrect""}, {""id"": 12, ""answer"": ""HANDAISEI"", ""status"": ""correct""}, {""id"": 13, ""status"": ""unanswered""}, {""id"": 14, ""answer"": ""現在進行形"", ""status"": ""correct""}, {""id"": 15, ""answer"": ""ちしき"", ""status"": ""correct""}, {""id"": 16, ""status"": ""unanswered""}, {""id"": 17, ""status"": ""unanswered""}, {""id"": 18, ""status"": ""unanswered""}, {""id"": 19, ""answer"": ""1225"", ""status"": ""incorrect""}, {""id"": 20, ""status"": ""unanswered""}, {""id"": 21, ""answer"": ""鯉"", ""status"": ""correct""}, {""id"": 22, ""answer"": ""中国"", ""status"": ""correct""}, {""id"": 23, ""status"": ""unanswered""}, {""id"": 24, ""status"": ""unanswered""}, {""id"": 25, ""status"": ""unanswered""}], ""totalQuestions"": 25}"
019a47fd-919b-7301-bf9f-aec748f800bc,019a47f2-d62b-7c1a-9a51-5b286896bb82,6,2025-11-03 04:33:11.582977+00,2025-11-03 04:33:11.582977+00,"{""groupId"": ""019a47f2-d62b-7c1a-9a51-5b286896bb82"", ""startedAt"": ""2025-11-03T04:23:10.871Z"", ""questionStates"": [{""id"": 1, ""status"": ""unanswered""}, {""id"": 2, ""status"": ""unanswered""}, {""id"": 3, ""status"": ""unanswered""}, {""id"": 4, ""answer"": ""ファミレス"", ""status"": ""correct""}, {""id"": 5, ""status"": ""unanswered""}, {""id"": 6, ""status"": ""unanswered""}, {""id"": 7, ""answer"": ""はんだい"", ""status"": ""correct""}, {""id"": 8, ""answer"": ""SCIENCE"", ""status"": ""correct""}, {""id"": 9, ""status"": ""unanswered""}, {""id"": 10, ""status"": ""unanswered""}, {""id"": 11, ""status"": ""unanswered""}, {""id"": 12, ""status"": ""unanswered""}, {""id"": 13, ""status"": ""unanswered""}, {""id"": 14, ""status"": ""unanswered""}, {""id"": 15, ""answer"": ""ちしき"", ""status"": ""correct""}, {""id"": 16, ""status"": ""unanswered""}, {""id"": 17, ""status"": ""unanswered""}, {""id"": 18, ""status"": ""unanswered""}, {""id"": 19, ""status"": ""unanswered""}, {""id"": 20, ""status"": ""unanswered""}, {""id"": 21, ""status"": ""unanswered""}, {""id"": 22, ""status"": ""unanswered""}, {""id"": 23, ""answer"": ""こい"", ""status"": ""incorrect""}, {""id"": 24, ""status"": ""unanswered""}, {""id"": 25, ""status"": ""unanswered""}], ""totalQuestions"": 25}"
019a47fd-9520-730c-a371-621ad4b24e1a,019a47f1-88b7-724f-95c6-e9dfb74f350b,18,2025-11-03 04:33:12.484068+00,2025-11-03 04:33:12.484068+00,"{""groupId"": ""019a47f1-88b7-724f-95c6-e9dfb74f350b"", ""startedAt"": ""2025-11-03T04:23:10.631Z"", ""questionStates"": [{""id"": 1, ""answer"": ""たんい"", ""status"": ""correct""}, {""id"": 2, ""answer"": ""たいへいよう"", ""status"": ""correct""}, {""id"": 3, ""status"": ""unanswered""}, {""id"": 4, ""answer"": ""ファミレス"", ""status"": ""correct""}, {""id"": 5, ""answer"": ""インターネット"", ""status"": ""correct""}, {""id"": 6, ""status"": ""unanswered""}, {""id"": 7, ""answer"": ""はんだい"", ""status"": ""correct""}, {""id"": 8, ""status"": ""unanswered""}, {""id"": 9, ""status"": ""unanswered""}, {""id"": 10, ""status"": ""unanswered""}, {""id"": 11, ""status"": ""unanswered""}, {""id"": 12, ""answer"": ""阪大祭"", ""status"": ""incorrect""}, {""id"": 13, ""status"": ""unanswered""}, {""id"": 14, ""answer"": ""現在進行形"", ""status"": ""correct""}, {""id"": 15, ""answer"": ""ちしき"", ""status"": ""correct""}, {""id"": 16, ""answer"": ""とうげつ"", ""status"": ""incorrect""}, {""id"": 17, ""status"": ""unanswered""}, {""id"": 18, ""answer"": ""バード"", ""status"": ""correct""}, {""id"": 19, ""answer"": ""クリスマス"", ""status"": ""correct""}, {""id"": 20, ""status"": ""unanswered""}, {""id"": 21, ""answer"": ""こい"", ""status"": ""correct""}, {""id"": 22, ""answer"": ""中国"", ""status"": ""correct""}, {""id"": 23, ""answer"": ""4"", ""status"": ""correct""}, {""id"": 24, ""status"": ""unanswered""}, {""id"": 25, ""status"": ""unanswered""}], ""totalQuestions"": 25}"
019a47fd-a653-7248-8fb4-ad686c0d8368,019a47f1-5b57-78a1-8a7f-2d36791ee5ac,9,2025-11-03 04:33:16.886959+00,2025-11-03 04:33:16.886959+00,"{""groupId"": ""019a47f1-5b57-78a1-8a7f-2d36791ee5ac"", ""startedAt"": ""2025-11-03T04:23:11.977Z"", ""questionStates"": [{""id"": 1, ""answer"": ""たんい"", ""status"": ""correct""}, {""id"": 2, ""status"": ""unanswered""}, {""id"": 3, ""status"": ""unanswered""}, {""id"": 4, ""status"": ""unanswered""}, {""id"": 5, ""answer"": ""Internet"", ""status"": ""correct""}, {""id"": 6, ""answer"": ""鏡"", ""status"": ""incorrect""}, {""id"": 7, ""status"": ""unanswered""}, {""id"": 8, ""status"": ""unanswered""}, {""id"": 9, ""status"": ""unanswered""}, {""id"": 10, ""answer"": ""おかねもち"", ""status"": ""incorrect""}, {""id"": 11, ""status"": ""unanswered""}, {""id"": 12, ""status"": ""unanswered""}, {""id"": 13, ""answer"": ""三国志"", ""status"": ""correct""}, {""id"": 14, ""answer"": ""現在進行形"", ""status"": ""correct""}, {""id"": 15, ""status"": ""unanswered""}, {""id"": 16, ""status"": ""unanswered""}, {""id"": 17, ""status"": ""unanswered""}, {""id"": 18, ""status"": ""unanswered""}, {""id"": 19, ""answer"": ""クリスマス"", ""status"": ""correct""}, {""id"": 20, ""status"": ""unanswered""}, {""id"": 21, ""status"": ""unanswered""}, {""id"": 22, ""status"": ""unanswered""}, {""id"": 23, ""status"": ""unanswered""}, {""id"": 24, ""status"": ""unanswered""}, {""id"": 25, ""status"": ""unanswered""}], ""totalQuestions"": 25}"
019a47fd-acc2-7a07-9db1-dc5cfc0e83fa,019a47f1-b018-732c-b92c-ed4f2f7770eb,1,2025-11-03 04:33:18.534507+00,2025-11-03 04:33:18.534507+00,"{""groupId"": ""019a47f1-b018-732c-b92c-ed4f2f7770eb"", ""startedAt"": ""2025-11-03T04:23:12.163Z"", ""questionStates"": [{""id"": 1, ""status"": ""unanswered""}, {""id"": 2, ""status"": ""unanswered""}, {""id"": 3, ""status"": ""unanswered""}, {""id"": 4, ""status"": ""unanswered""}, {""id"": 5, ""status"": ""unanswered""}, {""id"": 6, ""status"": ""unanswered""}, {""id"": 7, ""status"": ""unanswered""}, {""id"": 8, ""answer"": ""SCIENCE"", ""status"": ""correct""}, {""id"": 9, ""status"": ""unanswered""}, {""id"": 10, ""status"": ""unanswered""}, {""id"": 11, ""status"": ""unanswered""}, {""id"": 12, ""status"": ""unanswered""}, {""id"": 13, ""answer"": ""ふろしき"", ""status"": ""incorrect""}, {""id"": 14, ""status"": ""unanswered""}, {""id"": 15, ""status"": ""unanswered""}, {""id"": 16, ""status"": ""unanswered""}, {""id"": 17, ""status"": ""unanswered""}, {""id"": 18, ""status"": ""unanswered""}, {""id"": 19, ""status"": ""unanswered""}, {""id"": 20, ""status"": ""unanswered""}, {""id"": 21, ""status"": ""unanswered""}, {""id"": 22, ""status"": ""unanswered""}, {""id"": 23, ""status"": ""unanswered""}, {""id"": 24, ""status"": ""unanswered""}, {""id"": 25, ""status"": ""unanswered""}], ""totalQuestions"": 25}"
019a47fd-b6b0-795a-b829-b6c5980b9371,019a47f1-c696-7dc0-8dc0-ebf82a7ebcfc,15,2025-11-03 04:33:21.076464+00,2025-11-03 04:33:21.076464+00,"{""groupId"": ""019a47f1-c696-7dc0-8dc0-ebf82a7ebcfc"", ""startedAt"": ""2025-11-03T04:23:11.018Z"", ""questionStates"": [{""id"": 1, ""status"": ""unanswered""}, {""id"": 2, ""answer"": ""たいへいよう"", ""status"": ""correct""}, {""id"": 3, ""status"": ""unanswered""}, {""id"": 4, ""answer"": ""ふぁみれす"", ""status"": ""correct""}, {""id"": 5, ""status"": ""unanswered""}, {""id"": 6, ""status"": ""unanswered""}, {""id"": 7, ""status"": ""unanswered""}, {""id"": 8, ""answer"": ""SCIENCE"", ""status"": ""correct""}, {""id"": 9, ""status"": ""unanswered""}, {""id"": 10, ""answer"": ""まちかね"", ""status"": ""correct""}, {""id"": 11, ""answer"": ""B"", ""status"": ""incorrect""}, {""id"": 12, ""answer"": ""HANDAISEI"", ""status"": ""correct""}, {""id"": 13, ""answer"": ""三国志"", ""status"": ""correct""}, {""id"": 14, ""answer"": ""げんざいしんこうけい"", ""status"": ""correct""}, {""id"": 15, ""answer"": ""しきい"", ""status"": ""incorrect""}, {""id"": 16, ""status"": ""unanswered""}, {""id"": 17, ""status"": ""unanswered""}, {""id"": 18, ""status"": ""unanswered""}, {""id"": 19, ""status"": ""unanswered""}, {""id"": 20, ""status"": ""unanswered""}, {""id"": 21, ""answer"": ""こい"", ""status"": ""correct""}, {""id"": 22, ""answer"": ""中国"", ""status"": ""correct""}, {""id"": 23, ""answer"": ""4"", ""status"": ""correct""}, {""id"": 24, ""status"": ""unanswered""}, {""id"": 25, ""status"": ""unanswered""}], ""totalQuestions"": 25}"
019a47fd-bd81-7a81-ad3d-8fcaddc0190f,019a47f1-aa25-706e-a027-e55756ae65a5,8,2025-11-03 04:33:22.821692+00,2025-11-03 04:33:22.821692+00,"{""groupId"": ""019a47f1-aa25-706e-a027-e55756ae65a5"", ""startedAt"": ""2025-11-03T04:23:20.347Z"", ""questionStates"": [{""id"": 1, ""status"": ""unanswered""}, {""id"": 2, ""status"": ""unanswered""}, {""id"": 3, ""status"": ""unanswered""}, {""id"": 4, ""status"": ""unanswered""}, {""id"": 5, ""answer"": ""Internet"", ""status"": ""correct""}, {""id"": 6, ""status"": ""unanswered""}, {""id"": 7, ""status"": ""unanswered""}, {""id"": 8, ""status"": ""unanswered""}, {""id"": 9, ""status"": ""unanswered""}, {""id"": 10, ""status"": ""unanswered""}, {""id"": 11, ""status"": ""unanswered""}, {""id"": 12, ""status"": ""unanswered""}, {""id"": 13, ""status"": ""unanswered""}, {""id"": 14, ""answer"": ""現在進行形"", ""status"": ""correct""}, {""id"": 15, ""answer"": ""知識"", ""status"": ""correct""}, {""id"": 16, ""status"": ""unanswered""}, {""id"": 17, ""status"": ""unanswered""}, {""id"": 18, ""status"": ""unanswered""}, {""id"": 19, ""answer"": ""クリスマス"", ""status"": ""correct""}, {""id"": 20, ""status"": ""unanswered""}, {""id"": 21, ""status"": ""unanswered""}, {""id"": 22, ""answer"": ""中国"", ""status"": ""correct""}, {""id"": 23, ""answer"": ""4"", ""status"": ""correct""}, {""id"": 24, ""status"": ""unanswered""}, {""id"": 25, ""status"": ""unanswered""}], ""totalQuestions"": 25}"
019a47fd-cc6d-7a3c-8078-06ddfd31e825,019a47f4-8cc3-78fc-afc5-b64fcbddd711,2,2025-11-03 04:33:26.641316+00,2025-11-03 04:33:26.641316+00,"{""groupId"": ""019a47f4-8cc3-78fc-afc5-b64fcbddd711"", ""startedAt"": ""2025-11-03T04:23:22.367Z"", ""questionStates"": [{""id"": 1, ""status"": ""unanswered""}, {""id"": 2, ""answer"": ""たいへいよう"", ""status"": ""correct""}, {""id"": 3, ""status"": ""unanswered""}, {""id"": 4, ""status"": ""unanswered""}, {""id"": 5, ""answer"": ""Internet"", ""status"": ""correct""}, {""id"": 6, ""status"": ""unanswered""}, {""id"": 7, ""status"": ""unanswered""}, {""id"": 8, ""status"": ""unanswered""}, {""id"": 9, ""status"": ""unanswered""}, {""id"": 10, ""status"": ""unanswered""}, {""id"": 11, ""status"": ""unanswered""}, {""id"": 12, ""answer"": ""Handaisei"", ""status"": ""incorrect""}, {""id"": 13, ""status"": ""unanswered""}, {""id"": 14, ""status"": ""unanswered""}, {""id"": 15, ""status"": ""unanswered""}, {""id"": 16, ""status"": ""unanswered""}, {""id"": 17, ""status"": ""unanswered""}, {""id"": 18, ""status"": ""unanswered""}, {""id"": 19, ""status"": ""unanswered""}, {""id"": 20, ""status"": ""unanswered""}, {""id"": 21, ""status"": ""unanswered""}, {""id"": 22, ""status"": ""unanswered""}, {""id"": 23, ""status"": ""unanswered""}, {""id"": 24, ""status"": ""unanswered""}, {""id"": 25, ""status"": ""unanswered""}], ""totalQuestions"": 25}"
019a47fd-f341-784f-97d3-17f31a284e18,019a47f2-3849-7530-930e-d9d42f85bb15,6,2025-11-03 04:33:36.581424+00,2025-11-03 04:33:36.581424+00,"{""groupId"": ""019a47f2-3849-7530-930e-d9d42f85bb15"", ""startedAt"": ""2025-11-03T04:23:11.536Z"", ""questionStates"": [{""id"": 1, ""status"": ""unanswered""}, {""id"": 2, ""answer"": ""たいへいよう"", ""status"": ""correct""}, {""id"": 3, ""status"": ""unanswered""}, {""id"": 4, ""status"": ""unanswered""}, {""id"": 5, ""status"": ""unanswered""}, {""id"": 6, ""answer"": ""波"", ""status"": ""correct""}, {""id"": 7, ""status"": ""unanswered""}, {""id"": 8, ""status"": ""unanswered""}, {""id"": 9, ""status"": ""unanswered""}, {""id"": 10, ""status"": ""unanswered""}, {""id"": 11, ""answer"": ""B"", ""status"": ""incorrect""}, {""id"": 12, ""status"": ""unanswered""}, {""id"": 13, ""status"": ""unanswered""}, {""id"": 14, ""status"": ""unanswered""}, {""id"": 15, ""answer"": ""知識"", ""status"": ""correct""}, {""id"": 16, ""status"": ""unanswered""}, {""id"": 17, ""status"": ""unanswered""}, {""id"": 18, ""status"": ""unanswered""}, {""id"": 19, ""status"": ""unanswered""}, {""id"": 20, ""status"": ""unanswered""}, {""id"": 21, ""status"": ""unanswered""}, {""id"": 22, ""answer"": ""中国"", ""status"": ""correct""}, {""id"": 23, ""status"": ""unanswered""}, {""id"": 24, ""status"": ""unanswered""}, {""id"": 25, ""status"": ""unanswered""}], ""totalQuestions"": 25}"
019a4807-5145-76b1-bad9-caf0e68cf84d,019a47ab-a7cf-7b23-b27e-688e7b877c26,0,2025-11-03 04:43:50.472938+00,2025-11-03 04:43:50.472938+00,"{""groupId"": ""019a47ab-a7cf-7b23-b27e-688e7b877c26"", ""startedAt"": ""2025-11-03T03:04:20.822Z"", ""questionStates"": [{""id"": 1, ""answer"": ""経済学"", ""status"": ""incorrect""}, {""id"": 2, ""status"": ""unanswered""}, {""id"": 3, ""status"": ""unanswered""}, {""id"": 4, ""status"": ""unanswered""}, {""id"": 5, ""status"": ""unanswered""}, {""id"": 6, ""status"": ""unanswered""}, {""id"": 7, ""status"": ""unanswered""}, {""id"": 8, ""status"": ""unanswered""}, {""id"": 9, ""status"": ""unanswered""}, {""id"": 10, ""status"": ""unanswered""}, {""id"": 11, ""status"": ""unanswered""}, {""id"": 12, ""status"": ""unanswered""}, {""id"": 13, ""status"": ""unanswered""}, {""id"": 14, ""status"": ""unanswered""}, {""id"": 15, ""status"": ""unanswered""}, {""id"": 16, ""status"": ""unanswered""}, {""id"": 17, ""status"": ""unanswered""}, {""id"": 18, ""status"": ""unanswered""}, {""id"": 19, ""status"": ""unanswered""}, {""id"": 20, ""status"": ""unanswered""}, {""id"": 21, ""status"": ""unanswered""}, {""id"": 22, ""status"": ""unanswered""}, {""id"": 23, ""status"": ""unanswered""}, {""id"": 24, ""status"": ""unanswered""}, {""id"": 25, ""status"": ""unanswered""}], ""totalQuestions"": 25}"
019a4811-5f8f-7d03-ac06-3f9ed4fc704c,019a4804-9a0e-7c6c-a10d-8ce80cdf4e83,3,2025-11-03 04:54:49.491473+00,2025-11-03 04:54:49.491473+00,"{""groupId"": ""019a4804-9a0e-7c6c-a10d-8ce80cdf4e83"", ""startedAt"": ""2025-11-03T04:44:47.473Z"", ""questionStates"": [{""id"": 1, ""status"": ""unanswered""}, {""id"": 2, ""status"": ""unanswered""}, {""id"": 3, ""status"": ""unanswered""}, {""id"": 4, ""status"": ""unanswered""}, {""id"": 5, ""status"": ""unanswered""}, {""id"": 6, ""status"": ""unanswered""}, {""id"": 7, ""answer"": ""はんだい"", ""status"": ""correct""}, {""id"": 8, ""answer"": ""SCIENCE"", ""status"": ""correct""}, {""id"": 9, ""status"": ""unanswered""}, {""id"": 10, ""status"": ""unanswered""}, {""id"": 11, ""status"": ""unanswered""}, {""id"": 12, ""status"": ""unanswered""}, {""id"": 13, ""status"": ""unanswered""}, {""id"": 14, ""status"": ""unanswered""}, {""id"": 15, ""status"": ""unanswered""}, {""id"": 16, ""status"": ""unanswered""}, {""id"": 17, ""status"": ""unanswered""}, {""id"": 18, ""status"": ""unanswered""}, {""id"": 19, ""status"": ""unanswered""}, {""id"": 20, ""status"": ""unanswered""}, {""id"": 21, ""answer"": ""こい"", ""status"": ""correct""}, {""id"": 22, ""status"": ""unanswered""}, {""id"": 23, ""status"": ""unanswered""}, {""id"": 24, ""status"": ""unanswered""}, {""id"": 25, ""status"": ""unanswered""}], ""totalQuestions"": 25}"
019a4811-668b-7e86-b27b-cc01b4da0638,019a4807-cf92-7834-aa70-7180d5a1252d,14,2025-11-03 04:54:51.279795+00,2025-11-03 04:54:51.279795+00,"{""groupId"": ""019a4807-cf92-7834-aa70-7180d5a1252d"", ""startedAt"": ""2025-11-03T04:44:48.781Z"", ""questionStates"": [{""id"": 1, ""status"": ""unanswered""}, {""id"": 2, ""answer"": ""たいへいよう"", ""status"": ""correct""}, {""id"": 3, ""answer"": ""さんま"", ""status"": ""correct""}, {""id"": 4, ""status"": ""unanswered""}, {""id"": 5, ""answer"": ""internet"", ""status"": ""correct""}, {""id"": 6, ""answer"": ""なみ"", ""status"": ""correct""}, {""id"": 7, ""status"": ""unanswered""}, {""id"": 8, ""status"": ""unanswered""}, {""id"": 9, ""status"": ""unanswered""}, {""id"": 10, ""answer"": ""まちかね"", ""status"": ""correct""}, {""id"": 11, ""status"": ""unanswered""}, {""id"": 12, ""status"": ""unanswered""}, {""id"": 13, ""status"": ""unanswered""}, {""id"": 14, ""status"": ""unanswered""}, {""id"": 15, ""answer"": ""ちしき"", ""status"": ""correct""}, {""id"": 16, ""status"": ""unanswered""}, {""id"": 17, ""status"": ""unanswered""}, {""id"": 18, ""answer"": ""バード"", ""status"": ""correct""}, {""id"": 19, ""status"": ""unanswered""}, {""id"": 20, ""status"": ""unanswered""}, {""id"": 21, ""answer"": ""こい"", ""status"": ""correct""}, {""id"": 22, ""answer"": ""ちゅうごく"", ""status"": ""correct""}, {""id"": 23, ""answer"": ""4"", ""status"": ""correct""}, {""id"": 24, ""status"": ""unanswered""}, {""id"": 25, ""status"": ""unanswered""}], ""totalQuestions"": 25}"
019a4811-6844-713c-891d-2eca7e9be7e1,019a4804-87a6-7a29-8ca1-97e855868f76,12,2025-11-03 04:54:51.719554+00,2025-11-03 04:54:51.719554+00,"{""groupId"": ""019a4804-87a6-7a29-8ca1-97e855868f76"", ""startedAt"": ""2025-11-03T04:44:49.929Z"", ""questionStates"": [{""id"": 1, ""answer"": ""たんい"", ""status"": ""correct""}, {""id"": 2, ""answer"": ""たいへいよう"", ""status"": ""correct""}, {""id"": 3, ""status"": ""unanswered""}, {""id"": 4, ""answer"": ""ふぁみれ"", ""status"": ""incorrect""}, {""id"": 5, ""answer"": ""internet"", ""status"": ""correct""}, {""id"": 6, ""status"": ""unanswered""}, {""id"": 7, ""status"": ""unanswered""}, {""id"": 8, ""status"": ""unanswered""}, {""id"": 9, ""status"": ""unanswered""}, {""id"": 10, ""status"": ""unanswered""}, {""id"": 11, ""answer"": ""B"", ""status"": ""incorrect""}, {""id"": 12, ""answer"": ""HANDAISEI"", ""status"": ""correct""}, {""id"": 13, ""status"": ""unanswered""}, {""id"": 14, ""answer"": ""げんざいしんこうけい"", ""status"": ""correct""}, {""id"": 15, ""answer"": ""ちしき"", ""status"": ""correct""}, {""id"": 16, ""status"": ""unanswered""}, {""id"": 17, ""answer"": ""そち"", ""status"": ""incorrect""}, {""id"": 18, ""answer"": ""ばーど"", ""status"": ""correct""}, {""id"": 19, ""answer"": ""くりすます"", ""status"": ""incorrect""}, {""id"": 20, ""status"": ""unanswered""}, {""id"": 21, ""status"": ""unanswered""}, {""id"": 22, ""answer"": ""中国"", ""status"": ""correct""}, {""id"": 23, ""answer"": ""4"", ""status"": ""correct""}, {""id"": 24, ""status"": ""unanswered""}, {""id"": 25, ""status"": ""unanswered""}], ""totalQuestions"": 25}"
019a4811-6b22-7ac8-b106-bbea2c9ca9fb,019a4805-6f6b-7ec5-bb23-21b26caa08b6,3,2025-11-03 04:54:52.454558+00,2025-11-03 04:54:52.454558+00,"{""groupId"": ""019a4805-6f6b-7ec5-bb23-21b26caa08b6"", ""startedAt"": ""2025-11-03T04:44:48.404Z"", ""questionStates"": [{""id"": 1, ""status"": ""unanswered""}, {""id"": 2, ""answer"": ""太平洋"", ""status"": ""correct""}, {""id"": 3, ""status"": ""unanswered""}, {""id"": 4, ""status"": ""unanswered""}, {""id"": 5, ""answer"": ""internet"", ""status"": ""correct""}, {""id"": 6, ""status"": ""unanswered""}, {""id"": 7, ""status"": ""unanswered""}, {""id"": 8, ""status"": ""unanswered""}, {""id"": 9, ""status"": ""unanswered""}, {""id"": 10, ""status"": ""unanswered""}, {""id"": 11, ""answer"": ""B"", ""status"": ""incorrect""}, {""id"": 12, ""answer"": ""HANDAISEI"", ""status"": ""correct""}, {""id"": 13, ""status"": ""unanswered""}, {""id"": 14, ""answer"": ""げんざいしんこうけ"", ""status"": ""incorrect""}, {""id"": 15, ""status"": ""unanswered""}, {""id"": 16, ""status"": ""unanswered""}, {""id"": 17, ""status"": ""unanswered""}, {""id"": 18, ""status"": ""unanswered""}, {""id"": 19, ""status"": ""unanswered""}, {""id"": 20, ""status"": ""unanswered""}, {""id"": 21, ""status"": ""unanswered""}, {""id"": 22, ""status"": ""unanswered""}, {""id"": 23, ""status"": ""unanswered""}, {""id"": 24, ""status"": ""unanswered""}, {""id"": 25, ""status"": ""unanswered""}], ""totalQuestions"": 25}"
019a4811-752d-7912-8d89-3c3a15d681bd,019a4805-208d-7138-afdc-deb5e7be1ab1,6,2025-11-03 04:54:55.025103+00,2025-11-03 04:54:55.025103+00,"{""groupId"": ""019a4805-208d-7138-afdc-deb5e7be1ab1"", ""startedAt"": ""2025-11-03T04:44:48.861Z"", ""questionStates"": [{""id"": 1, ""status"": ""unanswered""}, {""id"": 2, ""status"": ""unanswered""}, {""id"": 3, ""status"": ""unanswered""}, {""id"": 4, ""status"": ""unanswered""}, {""id"": 5, ""status"": ""unanswered""}, {""id"": 6, ""status"": ""unanswered""}, {""id"": 7, ""answer"": ""はんだい"", ""status"": ""correct""}, {""id"": 8, ""status"": ""unanswered""}, {""id"": 9, ""status"": ""unanswered""}, {""id"": 10, ""status"": ""unanswered""}, {""id"": 11, ""status"": ""unanswered""}, {""id"": 12, ""status"": ""unanswered""}, {""id"": 13, ""status"": ""unanswered""}, {""id"": 14, ""status"": ""unanswered""}, {""id"": 15, ""answer"": ""ちしき"", ""status"": ""correct""}, {""id"": 16, ""status"": ""unanswered""}, {""id"": 17, ""status"": ""unanswered""}, {""id"": 18, ""status"": ""unanswered""}, {""id"": 19, ""status"": ""unanswered""}, {""id"": 20, ""answer"": ""えんすい"", ""status"": ""correct""}, {""id"": 21, ""answer"": ""こい"", ""status"": ""correct""}, {""id"": 22, ""answer"": ""げん"", ""status"": ""incorrect""}, {""id"": 23, ""answer"": ""4"", ""status"": ""correct""}, {""id"": 24, ""status"": ""unanswered""}, {""id"": 25, ""status"": ""unanswered""}], ""totalQuestions"": 25}"
019a4811-768c-7bdf-8d35-6a160bddb217,019a4807-267e-7513-aedf-60227e04c661,2,2025-11-03 04:54:55.376268+00,2025-11-03 04:54:55.376268+00,"{""groupId"": ""019a4807-267e-7513-aedf-60227e04c661"", ""startedAt"": ""2025-11-03T04:44:50.309Z"", ""questionStates"": [{""id"": 1, ""status"": ""unanswered""}, {""id"": 2, ""status"": ""unanswered""}, {""id"": 3, ""status"": ""unanswered""}, {""id"": 4, ""status"": ""unanswered""}, {""id"": 5, ""status"": ""unanswered""}, {""id"": 6, ""status"": ""unanswered""}, {""id"": 7, ""answer"": ""はんだい"", ""status"": ""correct""}, {""id"": 8, ""answer"": ""SCIENCE"", ""status"": ""correct""}, {""id"": 9, ""status"": ""unanswered""}, {""id"": 10, ""status"": ""unanswered""}, {""id"": 11, ""status"": ""unanswered""}, {""id"": 12, ""status"": ""unanswered""}, {""id"": 13, ""answer"": ""三五四九"", ""status"": ""incorrect""}, {""id"": 14, ""answer"": ""はんぶん"", ""status"": ""incorrect""}, {""id"": 15, ""status"": ""unanswered""}, {""id"": 16, ""status"": ""unanswered""}, {""id"": 17, ""status"": ""unanswered""}, {""id"": 18, ""status"": ""unanswered""}, {""id"": 19, ""status"": ""unanswered""}, {""id"": 20, ""status"": ""unanswered""}, {""id"": 21, ""status"": ""unanswered""}, {""id"": 22, ""status"": ""unanswered""}, {""id"": 23, ""status"": ""unanswered""}, {""id"": 24, ""status"": ""unanswered""}, {""id"": 25, ""status"": ""unanswered""}], ""totalQuestions"": 25}"
019a4811-7bab-76f5-9ccf-d2ebd7e3dbf1,019a4804-eade-7eeb-922b-0d50b350a950,2,2025-11-03 04:54:56.687131+00,2025-11-03 04:54:56.687131+00,"{""groupId"": ""019a4804-eade-7eeb-922b-0d50b350a950"", ""startedAt"": ""2025-11-03T04:44:46.598Z"", ""questionStates"": [{""id"": 1, ""status"": ""unanswered""}, {""id"": 2, ""status"": ""unanswered""}, {""id"": 3, ""status"": ""unanswered""}, {""id"": 4, ""status"": ""unanswered""}, {""id"": 5, ""status"": ""unanswered""}, {""id"": 6, ""status"": ""unanswered""}, {""id"": 7, ""status"": ""unanswered""}, {""id"": 8, ""status"": ""unanswered""}, {""id"": 9, ""status"": ""unanswered""}, {""id"": 10, ""answer"": ""まちかね"", ""status"": ""correct""}, {""id"": 11, ""answer"": ""大阪湾"", ""status"": ""incorrect""}, {""id"": 12, ""status"": ""unanswered""}, {""id"": 13, ""status"": ""unanswered""}, {""id"": 14, ""status"": ""unanswered""}, {""id"": 15, ""status"": ""unanswered""}, {""id"": 16, ""status"": ""unanswered""}, {""id"": 17, ""status"": ""unanswered""}, {""id"": 18, ""status"": ""unanswered""}, {""id"": 19, ""status"": ""unanswered""}, {""id"": 20, ""status"": ""unanswered""}, {""id"": 21, ""answer"": ""氷"", ""status"": ""incorrect""}, {""id"": 22, ""status"": ""unanswered""}, {""id"": 23, ""status"": ""unanswered""}, {""id"": 24, ""status"": ""unanswered""}, {""id"": 25, ""status"": ""unanswered""}], ""totalQuestions"": 25}"
019a4811-7de3-73d8-8c66-bd1398366340,019a4805-541a-7b0a-9d37-dcdc97ecfaf3,3,2025-11-03 04:54:57.254951+00,2025-11-03 04:54:57.254951+00,"{""groupId"": ""019a4805-541a-7b0a-9d37-dcdc97ecfaf3"", ""startedAt"": ""2025-11-03T04:44:48.993Z"", ""questionStates"": [{""id"": 1, ""status"": ""unanswered""}, {""id"": 2, ""status"": ""unanswered""}, {""id"": 3, ""status"": ""unanswered""}, {""id"": 4, ""status"": ""unanswered""}, {""id"": 5, ""status"": ""unanswered""}, {""id"": 6, ""status"": ""unanswered""}, {""id"": 7, ""answer"": ""はんだい"", ""status"": ""correct""}, {""id"": 8, ""answer"": ""science"", ""status"": ""correct""}, {""id"": 9, ""status"": ""unanswered""}, {""id"": 10, ""status"": ""unanswered""}, {""id"": 11, ""answer"": ""b"", ""status"": ""incorrect""}, {""id"": 12, ""status"": ""unanswered""}, {""id"": 13, ""status"": ""unanswered""}, {""id"": 14, ""status"": ""unanswered""}, {""id"": 15, ""answer"": ""ちしき"", ""status"": ""correct""}, {""id"": 16, ""status"": ""unanswered""}, {""id"": 17, ""status"": ""unanswered""}, {""id"": 18, ""status"": ""unanswered""}, {""id"": 19, ""status"": ""unanswered""}, {""id"": 20, ""status"": ""unanswered""}, {""id"": 21, ""status"": ""unanswered""}, {""id"": 22, ""status"": ""unanswered""}, {""id"": 23, ""status"": ""unanswered""}, {""id"": 24, ""status"": ""unanswered""}, {""id"": 25, ""status"": ""unanswered""}], ""totalQuestions"": 25}"
019a4811-7f44-769e-b8e3-93c6605f4411,019a4807-6997-7be6-94b1-f603617ce916,13,2025-11-03 04:54:57.607995+00,2025-11-03 04:54:57.607995+00,"{""groupId"": ""019a4807-6997-7be6-94b1-f603617ce916"", ""startedAt"": ""2025-11-03T04:44:48.576Z"", ""questionStates"": [{""id"": 1, ""status"": ""unanswered""}, {""id"": 2, ""answer"": ""太平洋"", ""status"": ""correct""}, {""id"": 3, ""status"": ""unanswered""}, {""id"": 4, ""status"": ""unanswered""}, {""id"": 5, ""status"": ""unanswered""}, {""id"": 6, ""status"": ""unanswered""}, {""id"": 7, ""status"": ""unanswered""}, {""id"": 8, ""answer"": ""サイエンス"", ""status"": ""correct""}, {""id"": 9, ""status"": ""unanswered""}, {""id"": 10, ""answer"": ""まちかね"", ""status"": ""correct""}, {""id"": 11, ""answer"": ""B"", ""status"": ""incorrect""}, {""id"": 12, ""answer"": ""阪大生"", ""status"": ""correct""}, {""id"": 13, ""answer"": ""三国志"", ""status"": ""correct""}, {""id"": 14, ""answer"": ""現在進行形"", ""status"": ""correct""}, {""id"": 15, ""answer"": ""知識"", ""status"": ""correct""}, {""id"": 16, ""status"": ""unanswered""}, {""id"": 17, ""status"": ""unanswered""}, {""id"": 18, ""status"": ""unanswered""}, {""id"": 19, ""answer"": ""クリスマス"", ""status"": ""correct""}, {""id"": 20, ""status"": ""unanswered""}, {""id"": 21, ""status"": ""unanswered""}, {""id"": 22, ""answer"": ""中国"", ""status"": ""correct""}, {""id"": 23, ""status"": ""unanswered""}, {""id"": 24, ""status"": ""unanswered""}, {""id"": 25, ""status"": ""unanswered""}], ""totalQuestions"": 25}"
019a4811-8485-71a9-855a-70013665f1e2,019a4804-74ab-7d5f-a696-1c665b44f399,4,2025-11-03 04:54:58.952571+00,2025-11-03 04:54:58.952571+00,"{""groupId"": ""019a4804-74ab-7d5f-a696-1c665b44f399"", ""startedAt"": ""2025-11-03T04:44:47.500Z"", ""questionStates"": [{""id"": 1, ""status"": ""unanswered""}, {""id"": 2, ""status"": ""unanswered""}, {""id"": 3, ""status"": ""unanswered""}, {""id"": 4, ""status"": ""unanswered""}, {""id"": 5, ""status"": ""unanswered""}, {""id"": 6, ""status"": ""unanswered""}, {""id"": 7, ""status"": ""unanswered""}, {""id"": 8, ""answer"": ""scnence"", ""status"": ""incorrect""}, {""id"": 9, ""status"": ""unanswered""}, {""id"": 10, ""status"": ""unanswered""}, {""id"": 11, ""status"": ""unanswered""}, {""id"": 12, ""status"": ""unanswered""}, {""id"": 13, ""answer"": ""三国志"", ""status"": ""correct""}, {""id"": 14, ""answer"": ""現在進行形めい"", ""status"": ""incorrect""}, {""id"": 15, ""status"": ""unanswered""}, {""id"": 16, ""status"": ""unanswered""}, {""id"": 17, ""status"": ""unanswered""}, {""id"": 18, ""status"": ""unanswered""}, {""id"": 19, ""answer"": ""クリスマス"", ""status"": ""correct""}, {""id"": 20, ""status"": ""unanswered""}, {""id"": 21, ""status"": ""unanswered""}, {""id"": 22, ""status"": ""unanswered""}, {""id"": 23, ""status"": ""unanswered""}, {""id"": 24, ""status"": ""unanswered""}, {""id"": 25, ""status"": ""unanswered""}], ""totalQuestions"": 25}"
019a4811-98b4-70b9-badf-26589579493b,019a4807-4e8b-79d1-9461-a3f1216ebd2e,14,2025-11-03 04:55:04.1462+00,2025-11-03 04:55:04.1462+00,"{""groupId"": ""019a4807-4e8b-79d1-9461-a3f1216ebd2e"", ""startedAt"": ""2025-11-03T04:44:48.505Z"", ""questionStates"": [{""id"": 1, ""answer"": ""たんい"", ""status"": ""correct""}, {""id"": 2, ""answer"": ""たいへいよう"", ""status"": ""correct""}, {""id"": 3, ""status"": ""unanswered""}, {""id"": 4, ""status"": ""unanswered""}, {""id"": 5, ""answer"": ""IMTERNET"", ""status"": ""incorrect""}, {""id"": 6, ""status"": ""unanswered""}, {""id"": 7, ""status"": ""unanswered""}, {""id"": 8, ""status"": ""unanswered""}, {""id"": 9, ""status"": ""unanswered""}, {""id"": 10, ""answer"": ""まちかね"", ""status"": ""correct""}, {""id"": 11, ""answer"": ""B"", ""status"": ""incorrect""}, {""id"": 12, ""answer"": ""HANDAISEI"", ""status"": ""correct""}, {""id"": 13, ""answer"": ""さんごくし"", ""status"": ""correct""}, {""id"": 14, ""answer"": ""げんざいしんこうけい"", ""status"": ""correct""}, {""id"": 15, ""answer"": ""しきい"", ""status"": ""incorrect""}, {""id"": 16, ""status"": ""unanswered""}, {""id"": 17, ""status"": ""unanswered""}, {""id"": 18, ""answer"": ""バード"", ""status"": ""correct""}, {""id"": 19, ""answer"": ""クリスマス"", ""status"": ""correct""}, {""id"": 20, ""status"": ""unanswered""}, {""id"": 21, ""status"": ""unanswered""}, {""id"": 22, ""answer"": ""げん"", ""status"": ""incorrect""}, {""id"": 23, ""answer"": ""4"", ""status"": ""correct""}, {""id"": 24, ""status"": ""unanswered""}, {""id"": 25, ""status"": ""unanswered""}], ""totalQuestions"": 25}"
019a481d-e56e-77cd-8594-a4a65c6b349f,019a478a-fde8-734f-9a7c-87732a93bd8c,1,2025-11-03 05:08:30.194388+00,2025-11-03 05:08:30.194388+00,"{""groupId"": ""019a478a-fde8-734f-9a7c-87732a93bd8c"", ""startedAt"": ""2025-11-03T02:28:04.623Z"", ""questionStates"": [{""id"": 1, ""status"": ""unanswered""}, {""id"": 2, ""status"": ""unanswered""}, {""id"": 3, ""status"": ""unanswered""}, {""id"": 4, ""status"": ""unanswered""}, {""id"": 5, ""answer"": ""Internet"", ""status"": ""correct""}, {""id"": 6, ""status"": ""unanswered""}, {""id"": 7, ""status"": ""unanswered""}, {""id"": 8, ""status"": ""unanswered""}, {""id"": 9, ""status"": ""unanswered""}, {""id"": 10, ""status"": ""unanswered""}, {""id"": 11, ""status"": ""unanswered""}, {""id"": 12, ""status"": ""unanswered""}, {""id"": 13, ""status"": ""unanswered""}, {""id"": 14, ""status"": ""unanswered""}, {""id"": 15, ""status"": ""unanswered""}, {""id"": 16, ""status"": ""unanswered""}, {""id"": 17, ""status"": ""unanswered""}, {""id"": 18, ""status"": ""unanswered""}, {""id"": 19, ""status"": ""unanswered""}, {""id"": 20, ""status"": ""unanswered""}, {""id"": 21, ""status"": ""unanswered""}, {""id"": 22, ""status"": ""unanswered""}, {""id"": 23, ""status"": ""unanswered""}, {""id"": 24, ""status"": ""unanswered""}, {""id"": 25, ""status"": ""unanswered""}], ""totalQuestions"": 25}"
019a4823-93e5-71c7-bfa4-5430a001be74,019a4816-ba14-7837-a6fb-d321c10e271b,20,2025-11-03 05:14:42.536546+00,2025-11-03 05:14:42.536546+00,"{""groupId"": ""019a4816-ba14-7837-a6fb-d321c10e271b"", ""startedAt"": ""2025-11-03T05:04:41.135Z"", ""questionStates"": [{""id"": 1, ""status"": ""unanswered""}, {""id"": 2, ""answer"": ""たいへいよう"", ""status"": ""correct""}, {""id"": 3, ""status"": ""unanswered""}, {""id"": 4, ""answer"": ""ファミレス"", ""status"": ""correct""}, {""id"": 5, ""status"": ""unanswered""}, {""id"": 6, ""answer"": ""なみ"", ""status"": ""correct""}, {""id"": 7, ""answer"": ""はんだい"", ""status"": ""correct""}, {""id"": 8, ""answer"": ""さいえんす"", ""status"": ""incorrect""}, {""id"": 9, ""status"": ""unanswered""}, {""id"": 10, ""status"": ""unanswered""}, {""id"": 11, ""answer"": ""B"", ""status"": ""incorrect""}, {""id"": 12, ""answer"": ""はんだいせい"", ""status"": ""correct""}, {""id"": 13, ""answer"": ""さんごくし"", ""status"": ""correct""}, {""id"": 14, ""answer"": ""げんざいしんこうけい"", ""status"": ""correct""}, {""id"": 15, ""answer"": ""ちしき"", ""status"": ""correct""}, {""id"": 16, ""status"": ""unanswered""}, {""id"": 17, ""answer"": ""ちえ"", ""status"": ""correct""}, {""id"": 18, ""status"": ""unanswered""}, {""id"": 19, ""answer"": ""クリスマス"", ""status"": ""correct""}, {""id"": 20, ""status"": ""unanswered""}, {""id"": 21, ""answer"": ""こい"", ""status"": ""correct""}, {""id"": 22, ""answer"": ""ちゅうごく"", ""status"": ""correct""}, {""id"": 23, ""answer"": ""4"", ""status"": ""correct""}, {""id"": 24, ""status"": ""unanswered""}, {""id"": 25, ""status"": ""unanswered""}], ""totalQuestions"": 25}"
019a4823-96a1-7566-9ff7-749af6e0a946,019a4817-482d-7a8a-91b1-5019401be7fd,4,2025-11-03 05:14:43.236763+00,2025-11-03 05:14:43.236763+00,"{""groupId"": ""019a4817-482d-7a8a-91b1-5019401be7fd"", ""startedAt"": ""2025-11-03T05:04:41.616Z"", ""questionStates"": [{""id"": 1, ""status"": ""unanswered""}, {""id"": 2, ""answer"": ""たいへいよう"", ""status"": ""correct""}, {""id"": 3, ""status"": ""unanswered""}, {""id"": 4, ""status"": ""unanswered""}, {""id"": 5, ""status"": ""unanswered""}, {""id"": 6, ""status"": ""unanswered""}, {""id"": 7, ""answer"": ""はんだい"", ""status"": ""correct""}, {""id"": 8, ""status"": ""unanswered""}, {""id"": 9, ""status"": ""unanswered""}, {""id"": 10, ""status"": ""unanswered""}, {""id"": 11, ""answer"": ""B"", ""status"": ""incorrect""}, {""id"": 12, ""answer"": ""HA ND A ISEi"", ""status"": ""incorrect""}, {""id"": 13, ""status"": ""unanswered""}, {""id"": 14, ""status"": ""unanswered""}, {""id"": 15, ""status"": ""unanswered""}, {""id"": 16, ""status"": ""unanswered""}, {""id"": 17, ""status"": ""unanswered""}, {""id"": 18, ""status"": ""unanswered""}, {""id"": 19, ""status"": ""unanswered""}, {""id"": 20, ""status"": ""unanswered""}, {""id"": 21, ""status"": ""unanswered""}, {""id"": 22, ""answer"": ""中国"", ""status"": ""correct""}, {""id"": 23, ""status"": ""unanswered""}, {""id"": 24, ""status"": ""unanswered""}, {""id"": 25, ""status"": ""unanswered""}], ""totalQuestions"": 25}"
019a4823-9822-75fd-b00b-ab647fd4c076,019a4818-4363-73b5-95fb-c60681b1ddea,10,2025-11-03 05:14:43.622244+00,2025-11-03 05:14:43.622244+00,"{""groupId"": ""019a4818-4363-73b5-95fb-c60681b1ddea"", ""startedAt"": ""2025-11-03T05:04:39.977Z"", ""questionStates"": [{""id"": 1, ""status"": ""unanswered""}, {""id"": 2, ""status"": ""unanswered""}, {""id"": 3, ""status"": ""unanswered""}, {""id"": 4, ""answer"": ""ファミレス"", ""status"": ""correct""}, {""id"": 5, ""status"": ""unanswered""}, {""id"": 6, ""status"": ""unanswered""}, {""id"": 7, ""answer"": ""阪大"", ""status"": ""incorrect""}, {""id"": 8, ""status"": ""unanswered""}, {""id"": 9, ""status"": ""unanswered""}, {""id"": 10, ""answer"": ""まちかね"", ""status"": ""correct""}, {""id"": 11, ""status"": ""unanswered""}, {""id"": 12, ""status"": ""unanswered""}, {""id"": 13, ""status"": ""unanswered""}, {""id"": 14, ""status"": ""unanswered""}, {""id"": 15, ""answer"": ""ちしき"", ""status"": ""correct""}, {""id"": 16, ""status"": ""unanswered""}, {""id"": 17, ""status"": ""unanswered""}, {""id"": 18, ""status"": ""unanswered""}, {""id"": 19, ""status"": ""unanswered""}, {""id"": 20, ""answer"": ""円錐"", ""status"": ""correct""}, {""id"": 21, ""answer"": ""こい"", ""status"": ""correct""}, {""id"": 22, ""status"": ""unanswered""}, {""id"": 23, ""answer"": ""4"", ""status"": ""correct""}, {""id"": 24, ""status"": ""unanswered""}, {""id"": 25, ""status"": ""unanswered""}], ""totalQuestions"": 25}"
019a4823-a5de-79da-bb26-9a7cf2e97549,019a4817-e0e9-70eb-8050-7a940c21c1e2,12,2025-11-03 05:14:47.138354+00,2025-11-03 05:14:47.138354+00,"{""groupId"": ""019a4817-e0e9-70eb-8050-7a940c21c1e2"", ""startedAt"": ""2025-11-03T05:04:43.754Z"", ""questionStates"": [{""id"": 1, ""status"": ""unanswered""}, {""id"": 2, ""answer"": ""たいへいよう"", ""status"": ""correct""}, {""id"": 3, ""status"": ""unanswered""}, {""id"": 4, ""answer"": ""ファミレス"", ""status"": ""correct""}, {""id"": 5, ""answer"": ""internet"", ""status"": ""correct""}, {""id"": 6, ""status"": ""unanswered""}, {""id"": 7, ""answer"": ""阪大"", ""status"": ""incorrect""}, {""id"": 8, ""answer"": ""science"", ""status"": ""correct""}, {""id"": 9, ""status"": ""unanswered""}, {""id"": 10, ""status"": ""unanswered""}, {""id"": 11, ""status"": ""unanswered""}, {""id"": 12, ""status"": ""unanswered""}, {""id"": 13, ""status"": ""unanswered""}, {""id"": 14, ""status"": ""unanswered""}, {""id"": 15, ""answer"": ""知識"", ""status"": ""correct""}, {""id"": 16, ""answer"": ""ねんげつ"", ""status"": ""correct""}, {""id"": 17, ""status"": ""unanswered""}, {""id"": 18, ""status"": ""unanswered""}, {""id"": 19, ""status"": ""unanswered""}, {""id"": 20, ""status"": ""unanswered""}, {""id"": 21, ""answer"": ""こい"", ""status"": ""correct""}, {""id"": 22, ""status"": ""unanswered""}, {""id"": 23, ""answer"": ""4"", ""status"": ""correct""}, {""id"": 24, ""status"": ""unanswered""}, {""id"": 25, ""status"": ""unanswered""}], ""totalQuestions"": 25}"
019a4823-c3a3-7ef0-bcbd-74c7052d27ef,019a4816-2fb2-79a8-9a7a-9e7dbeb1e098,17,2025-11-03 05:14:54.759956+00,2025-11-03 05:14:54.759956+00,"{""groupId"": ""019a4816-2fb2-79a8-9a7a-9e7dbeb1e098"", ""startedAt"": ""2025-11-03T05:04:39.710Z"", ""questionStates"": [{""id"": 1, ""answer"": ""たんい"", ""status"": ""correct""}, {""id"": 2, ""status"": ""unanswered""}, {""id"": 3, ""status"": ""unanswered""}, {""id"": 4, ""answer"": ""ファミレス"", ""status"": ""correct""}, {""id"": 5, ""status"": ""unanswered""}, {""id"": 6, ""status"": ""unanswered""}, {""id"": 7, ""answer"": ""はんだい"", ""status"": ""correct""}, {""id"": 8, ""answer"": ""science"", ""status"": ""correct""}, {""id"": 9, ""status"": ""unanswered""}, {""id"": 10, ""status"": ""unanswered""}, {""id"": 11, ""status"": ""unanswered""}, {""id"": 12, ""status"": ""unanswered""}, {""id"": 13, ""status"": ""unanswered""}, {""id"": 14, ""answer"": ""現在進行形"", ""status"": ""correct""}, {""id"": 15, ""status"": ""unanswered""}, {""id"": 16, ""status"": ""unanswered""}, {""id"": 17, ""answer"": ""ちえ"", ""status"": ""correct""}, {""id"": 18, ""status"": ""unanswered""}, {""id"": 19, ""answer"": ""クリスマス"", ""status"": ""correct""}, {""id"": 20, ""status"": ""unanswered""}, {""id"": 21, ""answer"": ""こい"", ""status"": ""correct""}, {""id"": 22, ""answer"": ""中国"", ""status"": ""correct""}, {""id"": 23, ""answer"": ""4"", ""status"": ""correct""}, {""id"": 24, ""status"": ""unanswered""}, {""id"": 25, ""status"": ""unanswered""}], ""totalQuestions"": 25}"
019a4823-e501-787d-8d31-059ca40b42e6,019a481a-ae79-788e-b87d-34a4904782b7,22,2025-11-03 05:15:03.301293+00,2025-11-03 05:15:03.301293+00,"{""groupId"": ""019a481a-ae79-788e-b87d-34a4904782b7"", ""startedAt"": ""2025-11-03T05:05:01.882Z"", ""questionStates"": [{""id"": 1, ""answer"": ""たんい"", ""status"": ""correct""}, {""id"": 2, ""answer"": ""太平洋"", ""status"": ""correct""}, {""id"": 3, ""status"": ""unanswered""}, {""id"": 4, ""answer"": ""ファミレス"", ""status"": ""correct""}, {""id"": 5, ""status"": ""unanswered""}, {""id"": 6, ""answer"": ""波"", ""status"": ""correct""}, {""id"": 7, ""answer"": ""はんだい"", ""status"": ""correct""}, {""id"": 8, ""answer"": ""SCIENCE"", ""status"": ""correct""}, {""id"": 9, ""status"": ""unanswered""}, {""id"": 10, ""answer"": ""まちかね"", ""status"": ""correct""}, {""id"": 11, ""answer"": ""B"", ""status"": ""incorrect""}, {""id"": 12, ""status"": ""unanswered""}, {""id"": 13, ""status"": ""unanswered""}, {""id"": 14, ""answer"": ""現在進行形"", ""status"": ""correct""}, {""id"": 15, ""status"": ""unanswered""}, {""id"": 16, ""status"": ""unanswered""}, {""id"": 17, ""status"": ""unanswered""}, {""id"": 18, ""answer"": ""バード"", ""status"": ""correct""}, {""id"": 19, ""answer"": ""クリスマス"", ""status"": ""correct""}, {""id"": 20, ""answer"": ""えんすい"", ""status"": ""correct""}, {""id"": 21, ""answer"": ""こい"", ""status"": ""correct""}, {""id"": 22, ""status"": ""unanswered""}, {""id"": 23, ""status"": ""unanswered""}, {""id"": 24, ""answer"": ""いんしん"", ""status"": ""correct""}, {""id"": 25, ""status"": ""unanswered""}], ""totalQuestions"": 25}"
019a4824-2512-7eef-801c-fe20d38409b2,019a4819-ba14-7b8c-8af1-809a13febc96,7,2025-11-03 05:15:19.702391+00,2025-11-03 05:15:19.702391+00,"{""groupId"": ""019a4819-ba14-7b8c-8af1-809a13febc96"", ""startedAt"": ""2025-11-03T05:04:41.048Z"", ""questionStates"": [{""id"": 1, ""status"": ""unanswered""}, {""id"": 2, ""answer"": ""たいへいよう"", ""status"": ""correct""}, {""id"": 3, ""status"": ""unanswered""}, {""id"": 4, ""status"": ""unanswered""}, {""id"": 5, ""status"": ""unanswered""}, {""id"": 6, ""answer"": ""波"", ""status"": ""correct""}, {""id"": 7, ""status"": ""unanswered""}, {""id"": 8, ""status"": ""unanswered""}, {""id"": 9, ""status"": ""unanswered""}, {""id"": 10, ""answer"": ""まちかね"", ""status"": ""correct""}, {""id"": 11, ""answer"": ""B"", ""status"": ""incorrect""}, {""id"": 12, ""answer"": ""HANDAISEI"", ""status"": ""correct""}, {""id"": 13, ""status"": ""unanswered""}, {""id"": 14, ""status"": ""unanswered""}, {""id"": 15, ""answer"": ""ちしき"", ""status"": ""correct""}, {""id"": 16, ""status"": ""unanswered""}, {""id"": 17, ""status"": ""unanswered""}, {""id"": 18, ""status"": ""unanswered""}, {""id"": 19, ""status"": ""unanswered""}, {""id"": 20, ""status"": ""unanswered""}, {""id"": 21, ""status"": ""unanswered""}, {""id"": 22, ""status"": ""unanswered""}, {""id"": 23, ""status"": ""unanswered""}, {""id"": 24, ""status"": ""unanswered""}, {""id"": 25, ""status"": ""unanswered""}], ""totalQuestions"": 25}"
019a4824-2cf0-7ef7-9305-52ae8c5874e1,019a4817-c371-7ca7-ba94-0f0d7659ffdd,0,2025-11-03 05:15:21.716468+00,2025-11-03 05:15:21.716468+00,"{""groupId"": ""019a4817-c371-7ca7-ba94-0f0d7659ffdd"", ""startedAt"": ""2025-11-03T05:04:39.723Z"", ""questionStates"": [{""id"": 1, ""status"": ""unanswered""}, {""id"": 2, ""status"": ""unanswered""}, {""id"": 3, ""status"": ""unanswered""}, {""id"": 4, ""status"": ""unanswered""}, {""id"": 5, ""status"": ""unanswered""}, {""id"": 6, ""status"": ""unanswered""}, {""id"": 7, ""status"": ""unanswered""}, {""id"": 8, ""status"": ""unanswered""}, {""id"": 9, ""status"": ""unanswered""}, {""id"": 10, ""status"": ""unanswered""}, {""id"": 11, ""status"": ""unanswered""}, {""id"": 12, ""status"": ""unanswered""}, {""id"": 13, ""status"": ""unanswered""}, {""id"": 14, ""status"": ""unanswered""}, {""id"": 15, ""status"": ""unanswered""}, {""id"": 16, ""status"": ""unanswered""}, {""id"": 17, ""status"": ""unanswered""}, {""id"": 18, ""status"": ""unanswered""}, {""id"": 19, ""status"": ""unanswered""}, {""id"": 20, ""status"": ""unanswered""}, {""id"": 21, ""status"": ""unanswered""}, {""id"": 22, ""status"": ""unanswered""}, {""id"": 23, ""status"": ""unanswered""}, {""id"": 24, ""status"": ""unanswered""}, {""id"": 25, ""status"": ""unanswered""}], ""totalQuestions"": 25}"
019a4824-4031-7cba-87ad-0b4189d91232,019a4816-ace7-70e0-80b2-1e11bc93bdf6,4,2025-11-03 05:15:26.645629+00,2025-11-03 05:15:26.645629+00,"{""groupId"": ""019a4816-ace7-70e0-80b2-1e11bc93bdf6"", ""startedAt"": ""2025-11-03T05:04:39.734Z"", ""questionStates"": [{""id"": 1, ""status"": ""unanswered""}, {""id"": 2, ""status"": ""unanswered""}, {""id"": 3, ""status"": ""unanswered""}, {""id"": 4, ""status"": ""unanswered""}, {""id"": 5, ""answer"": ""internet"", ""status"": ""correct""}, {""id"": 6, ""status"": ""unanswered""}, {""id"": 7, ""status"": ""unanswered""}, {""id"": 8, ""status"": ""unanswered""}, {""id"": 9, ""status"": ""unanswered""}, {""id"": 10, ""status"": ""unanswered""}, {""id"": 11, ""answer"": ""B"", ""status"": ""incorrect""}, {""id"": 12, ""status"": ""unanswered""}, {""id"": 13, ""status"": ""unanswered""}, {""id"": 14, ""status"": ""unanswered""}, {""id"": 15, ""answer"": ""しきい"", ""status"": ""incorrect""}, {""id"": 16, ""status"": ""unanswered""}, {""id"": 17, ""status"": ""unanswered""}, {""id"": 18, ""answer"": ""バード"", ""status"": ""correct""}, {""id"": 19, ""status"": ""unanswered""}, {""id"": 20, ""status"": ""unanswered""}, {""id"": 21, ""status"": ""unanswered""}, {""id"": 22, ""answer"": ""中国"", ""status"": ""correct""}, {""id"": 23, ""status"": ""unanswered""}, {""id"": 24, ""status"": ""unanswered""}, {""id"": 25, ""status"": ""unanswered""}], ""totalQuestions"": 25}"
019a4825-285c-7e8c-9166-60e441594e5c,019a4819-4c13-75d5-86bf-f3f5ef6e2f71,15,2025-11-03 05:16:26.080644+00,2025-11-03 05:16:26.080644+00,"{""groupId"": ""019a4819-4c13-75d5-86bf-f3f5ef6e2f71"", ""startedAt"": ""2025-11-03T05:06:23.837Z"", ""questionStates"": [{""id"": 1, ""status"": ""unanswered""}, {""id"": 2, ""status"": ""unanswered""}, {""id"": 3, ""status"": ""unanswered""}, {""id"": 4, ""answer"": ""ふぁみれす"", ""status"": ""correct""}, {""id"": 5, ""status"": ""unanswered""}, {""id"": 6, ""status"": ""unanswered""}, {""id"": 7, ""answer"": ""はんだい"", ""status"": ""correct""}, {""id"": 8, ""answer"": ""science"", ""status"": ""correct""}, {""id"": 9, ""status"": ""unanswered""}, {""id"": 10, ""status"": ""unanswered""}, {""id"": 11, ""status"": ""unanswered""}, {""id"": 12, ""status"": ""unanswered""}, {""id"": 13, ""answer"": ""三国志"", ""status"": ""correct""}, {""id"": 14, ""answer"": ""現在進行形"", ""status"": ""correct""}, {""id"": 15, ""answer"": ""知識"", ""status"": ""correct""}, {""id"": 16, ""status"": ""unanswered""}, {""id"": 17, ""status"": ""unanswered""}, {""id"": 18, ""status"": ""unanswered""}, {""id"": 19, ""answer"": ""クリスマス"", ""status"": ""correct""}, {""id"": 20, ""status"": ""unanswered""}, {""id"": 21, ""answer"": ""鯉"", ""status"": ""correct""}, {""id"": 22, ""answer"": ""中国"", ""status"": ""correct""}, {""id"": 23, ""answer"": ""4"", ""status"": ""correct""}, {""id"": 24, ""status"": ""unanswered""}, {""id"": 25, ""status"": ""unanswered""}], ""totalQuestions"": 25}"
019a4836-a5ab-736f-9586-b0a14d75c364,019a482b-450c-7b86-a436-d1d8253d7e93,13,2025-11-03 05:35:32.270755+00,2025-11-03 05:35:32.270755+00,"{""groupId"": ""019a482b-450c-7b86-a436-d1d8253d7e93"", ""startedAt"": ""2025-11-03T05:25:30.719Z"", ""questionStates"": [{""id"": 1, ""status"": ""unanswered""}, {""id"": 2, ""status"": ""unanswered""}, {""id"": 3, ""status"": ""unanswered""}, {""id"": 4, ""answer"": ""ふぁみれす"", ""status"": ""correct""}, {""id"": 5, ""answer"": ""intenet"", ""status"": ""incorrect""}, {""id"": 6, ""status"": ""unanswered""}, {""id"": 7, ""answer"": ""はんだい"", ""status"": ""correct""}, {""id"": 8, ""status"": ""unanswered""}, {""id"": 9, ""status"": ""unanswered""}, {""id"": 10, ""status"": ""unanswered""}, {""id"": 11, ""status"": ""unanswered""}, {""id"": 12, ""status"": ""unanswered""}, {""id"": 13, ""status"": ""unanswered""}, {""id"": 14, ""status"": ""unanswered""}, {""id"": 15, ""answer"": ""ちしき"", ""status"": ""correct""}, {""id"": 16, ""status"": ""unanswered""}, {""id"": 17, ""answer"": ""ちえ"", ""status"": ""correct""}, {""id"": 18, ""answer"": ""バード"", ""status"": ""correct""}, {""id"": 19, ""answer"": ""クリスマス"", ""status"": ""correct""}, {""id"": 20, ""status"": ""unanswered""}, {""id"": 21, ""status"": ""unanswered""}, {""id"": 22, ""answer"": ""中国"", ""status"": ""correct""}, {""id"": 23, ""answer"": ""4"", ""status"": ""correct""}, {""id"": 24, ""status"": ""unanswered""}, {""id"": 25, ""status"": ""unanswered""}], ""totalQuestions"": 25}"
019a4836-a979-7e7e-a498-642c48a2fed1,019a482a-ee9f-727b-a0e7-88858016ad30,10,2025-11-03 05:35:33.245349+00,2025-11-03 05:35:33.245349+00,"{""groupId"": ""019a482a-ee9f-727b-a0e7-88858016ad30"", ""startedAt"": ""2025-11-03T05:25:30.288Z"", ""questionStates"": [{""id"": 1, ""answer"": ""たんい"", ""status"": ""correct""}, {""id"": 2, ""status"": ""unanswered""}, {""id"": 3, ""answer"": ""インターネット"", ""status"": ""incorrect""}, {""id"": 4, ""answer"": ""ファミレス"", ""status"": ""correct""}, {""id"": 5, ""status"": ""unanswered""}, {""id"": 6, ""status"": ""unanswered""}, {""id"": 7, ""status"": ""unanswered""}, {""id"": 8, ""answer"": ""science"", ""status"": ""correct""}, {""id"": 9, ""status"": ""unanswered""}, {""id"": 10, ""status"": ""unanswered""}, {""id"": 11, ""status"": ""unanswered""}, {""id"": 12, ""status"": ""unanswered""}, {""id"": 13, ""status"": ""unanswered""}, {""id"": 14, ""answer"": ""現在進行形"", ""status"": ""correct""}, {""id"": 15, ""status"": ""unanswered""}, {""id"": 16, ""status"": ""unanswered""}, {""id"": 17, ""status"": ""unanswered""}, {""id"": 18, ""status"": ""unanswered""}, {""id"": 19, ""answer"": ""クリスマス"", ""status"": ""correct""}, {""id"": 20, ""status"": ""unanswered""}, {""id"": 21, ""status"": ""unanswered""}, {""id"": 22, ""status"": ""unanswered""}, {""id"": 23, ""status"": ""unanswered""}, {""id"": 24, ""status"": ""unanswered""}, {""id"": 25, ""status"": ""unanswered""}], ""totalQuestions"": 25}"
019a4836-b4af-7716-b3a7-f02a8369332e,019a482c-f9ac-7cce-9975-f91f27843c9c,1,2025-11-03 05:35:36.114841+00,2025-11-03 05:35:36.114841+00,"{""groupId"": ""019a482c-f9ac-7cce-9975-f91f27843c9c"", ""startedAt"": ""2025-11-03T05:25:30.759Z"", ""questionStates"": [{""id"": 1, ""status"": ""unanswered""}, {""id"": 2, ""status"": ""unanswered""}, {""id"": 3, ""status"": ""unanswered""}, {""id"": 4, ""status"": ""unanswered""}, {""id"": 5, ""answer"": ""INTERENT"", ""status"": ""incorrect""}, {""id"": 6, ""status"": ""unanswered""}, {""id"": 7, ""status"": ""unanswered""}, {""id"": 8, ""status"": ""unanswered""}, {""id"": 9, ""status"": ""unanswered""}, {""id"": 10, ""status"": ""unanswered""}, {""id"": 11, ""answer"": ""大阪湾"", ""status"": ""incorrect""}, {""id"": 12, ""answer"": ""HANDAISEI"", ""status"": ""correct""}, {""id"": 13, ""status"": ""unanswered""}, {""id"": 14, ""status"": ""unanswered""}, {""id"": 15, ""answer"": ""しきい"", ""status"": ""incorrect""}, {""id"": 16, ""status"": ""unanswered""}, {""id"": 17, ""status"": ""unanswered""}, {""id"": 18, ""status"": ""unanswered""}, {""id"": 19, ""status"": ""unanswered""}, {""id"": 20, ""status"": ""unanswered""}, {""id"": 21, ""status"": ""unanswered""}, {""id"": 22, ""status"": ""unanswered""}, {""id"": 23, ""status"": ""unanswered""}, {""id"": 24, ""status"": ""unanswered""}, {""id"": 25, ""status"": ""unanswered""}], ""totalQuestions"": 25}"
019a4836-b8c8-7d69-9603-63c8b314e3a4,019a482d-1699-7c4a-92d1-25b6431c4a7d,7,2025-11-03 05:35:37.164587+00,2025-11-03 05:35:37.164587+00,"{""groupId"": ""019a482d-1699-7c4a-92d1-25b6431c4a7d"", ""startedAt"": ""2025-11-03T05:25:34.345Z"", ""questionStates"": [{""id"": 1, ""status"": ""unanswered""}, {""id"": 2, ""status"": ""unanswered""}, {""id"": 3, ""status"": ""unanswered""}, {""id"": 4, ""status"": ""unanswered""}, {""id"": 5, ""answer"": ""INTERNET"", ""status"": ""incorrect""}, {""id"": 6, ""status"": ""unanswered""}, {""id"": 7, ""status"": ""unanswered""}, {""id"": 8, ""status"": ""unanswered""}, {""id"": 9, ""status"": ""unanswered""}, {""id"": 10, ""status"": ""unanswered""}, {""id"": 11, ""status"": ""unanswered""}, {""id"": 12, ""answer"": ""KANDAISEI"", ""status"": ""incorrect""}, {""id"": 13, ""status"": ""unanswered""}, {""id"": 14, ""answer"": ""現在進行形"", ""status"": ""correct""}, {""id"": 15, ""answer"": ""知識"", ""status"": ""correct""}, {""id"": 16, ""status"": ""unanswered""}, {""id"": 17, ""status"": ""unanswered""}, {""id"": 18, ""answer"": ""バード"", ""status"": ""correct""}, {""id"": 19, ""status"": ""unanswered""}, {""id"": 20, ""status"": ""unanswered""}, {""id"": 21, ""answer"": ""こい"", ""status"": ""correct""}, {""id"": 22, ""answer"": ""中国"", ""status"": ""correct""}, {""id"": 23, ""answer"": ""4"", ""status"": ""correct""}, {""id"": 24, ""status"": ""unanswered""}, {""id"": 25, ""status"": ""unanswered""}], ""totalQuestions"": 25}"
019a4836-c1e8-781b-800c-8ba01a805ed9,019a482b-2eeb-7163-aec8-daaf2375aeec,11,2025-11-03 05:35:39.499999+00,2025-11-03 05:35:39.499999+00,"{""groupId"": ""019a482b-2eeb-7163-aec8-daaf2375aeec"", ""startedAt"": ""2025-11-03T05:25:29.408Z"", ""questionStates"": [{""id"": 1, ""status"": ""unanswered""}, {""id"": 2, ""answer"": ""たいへいよう"", ""status"": ""correct""}, {""id"": 3, ""status"": ""unanswered""}, {""id"": 4, ""answer"": ""ふぁみれす"", ""status"": ""correct""}, {""id"": 5, ""status"": ""unanswered""}, {""id"": 6, ""status"": ""unanswered""}, {""id"": 7, ""answer"": ""はんだい"", ""status"": ""correct""}, {""id"": 8, ""answer"": ""science"", ""status"": ""correct""}, {""id"": 9, ""status"": ""unanswered""}, {""id"": 10, ""status"": ""unanswered""}, {""id"": 11, ""status"": ""unanswered""}, {""id"": 12, ""status"": ""unanswered""}, {""id"": 13, ""answer"": ""三国志"", ""status"": ""correct""}, {""id"": 14, ""answer"": ""げんざいしんこうけい"", ""status"": ""correct""}, {""id"": 15, ""answer"": ""ちしき"", ""status"": ""correct""}, {""id"": 16, ""status"": ""unanswered""}, {""id"": 17, ""status"": ""unanswered""}, {""id"": 18, ""status"": ""unanswered""}, {""id"": 19, ""answer"": ""くりすます"", ""status"": ""incorrect""}, {""id"": 20, ""status"": ""unanswered""}, {""id"": 21, ""answer"": ""こい"", ""status"": ""correct""}, {""id"": 22, ""answer"": ""げん"", ""status"": ""incorrect""}, {""id"": 23, ""status"": ""unanswered""}, {""id"": 24, ""status"": ""unanswered""}, {""id"": 25, ""status"": ""unanswered""}], ""totalQuestions"": 25}"
019a4836-cf7a-7491-b51b-9e07991e3259,019a482b-faf8-7c43-ad14-41bf47013e98,9,2025-11-03 05:35:42.973718+00,2025-11-03 05:35:42.973718+00,"{""groupId"": ""019a482b-faf8-7c43-ad14-41bf47013e98"", ""startedAt"": ""2025-11-03T05:25:30.356Z"", ""questionStates"": [{""id"": 1, ""status"": ""unanswered""}, {""id"": 2, ""status"": ""unanswered""}, {""id"": 3, ""status"": ""unanswered""}, {""id"": 4, ""answer"": ""ファミレス"", ""status"": ""correct""}, {""id"": 5, ""status"": ""unanswered""}, {""id"": 6, ""status"": ""unanswered""}, {""id"": 7, ""answer"": ""はんだい"", ""status"": ""correct""}, {""id"": 8, ""answer"": ""science"", ""status"": ""correct""}, {""id"": 9, ""status"": ""unanswered""}, {""id"": 10, ""status"": ""unanswered""}, {""id"": 11, ""status"": ""unanswered""}, {""id"": 12, ""status"": ""unanswered""}, {""id"": 13, ""answer"": ""さんごくし"", ""status"": ""correct""}, {""id"": 14, ""answer"": ""現在進行型"", ""status"": ""incorrect""}, {""id"": 15, ""status"": ""unanswered""}, {""id"": 16, ""status"": ""unanswered""}, {""id"": 17, ""status"": ""unanswered""}, {""id"": 18, ""status"": ""unanswered""}, {""id"": 19, ""answer"": ""クリスマス"", ""status"": ""correct""}, {""id"": 20, ""status"": ""unanswered""}, {""id"": 21, ""status"": ""unanswered""}, {""id"": 22, ""status"": ""unanswered""}, {""id"": 23, ""status"": ""unanswered""}, {""id"": 24, ""answer"": ""へんしん"", ""status"": ""incorrect""}, {""id"": 25, ""status"": ""unanswered""}], ""totalQuestions"": 25}"
019a4836-d0ec-732e-840e-cc43cac20cfd,019a482b-6042-7139-932f-ee225a9e468d,18,2025-11-03 05:35:43.343784+00,2025-11-03 05:35:43.343784+00,"{""groupId"": ""019a482b-6042-7139-932f-ee225a9e468d"", ""startedAt"": ""2025-11-03T05:25:31.113Z"", ""questionStates"": [{""id"": 1, ""answer"": ""たんい"", ""status"": ""correct""}, {""id"": 2, ""answer"": ""たいへいよう"", ""status"": ""correct""}, {""id"": 3, ""status"": ""unanswered""}, {""id"": 4, ""status"": ""unanswered""}, {""id"": 5, ""answer"": ""internet"", ""status"": ""correct""}, {""id"": 6, ""status"": ""unanswered""}, {""id"": 7, ""status"": ""unanswered""}, {""id"": 8, ""answer"": ""science"", ""status"": ""correct""}, {""id"": 9, ""status"": ""unanswered""}, {""id"": 10, ""answer"": ""まちかね"", ""status"": ""correct""}, {""id"": 11, ""answer"": ""B"", ""status"": ""incorrect""}, {""id"": 12, ""answer"": ""handaisei"", ""status"": ""incorrect""}, {""id"": 13, ""answer"": ""さんごくし"", ""status"": ""correct""}, {""id"": 14, ""answer"": ""げんざいしんこうけい"", ""status"": ""correct""}, {""id"": 15, ""answer"": ""ちしき"", ""status"": ""correct""}, {""id"": 16, ""status"": ""unanswered""}, {""id"": 17, ""status"": ""unanswered""}, {""id"": 18, ""answer"": ""ばーど"", ""status"": ""correct""}, {""id"": 19, ""status"": ""unanswered""}, {""id"": 20, ""answer"": ""えんすい"", ""status"": ""correct""}, {""id"": 21, ""status"": ""unanswered""}, {""id"": 22, ""answer"": ""中国"", ""status"": ""correct""}, {""id"": 23, ""answer"": ""4"", ""status"": ""correct""}, {""id"": 24, ""status"": ""unanswered""}, {""id"": 25, ""status"": ""unanswered""}], ""totalQuestions"": 25}"
019a4836-d139-7aee-b916-76ccbcb3a29d,019a4822-9ec4-7260-b93a-8ade7a391148,1,2025-11-03 05:35:43.421423+00,2025-11-03 05:35:43.421423+00,"{""groupId"": ""019a4822-9ec4-7260-b93a-8ade7a391148"", ""startedAt"": ""2025-11-03T05:25:32.320Z"", ""questionStates"": [{""id"": 1, ""status"": ""unanswered""}, {""id"": 2, ""answer"": ""たいへいよう"", ""status"": ""correct""}, {""id"": 3, ""status"": ""unanswered""}, {""id"": 4, ""status"": ""unanswered""}, {""id"": 5, ""status"": ""unanswered""}, {""id"": 6, ""answer"": ""赤"", ""status"": ""incorrect""}, {""id"": 7, ""status"": ""unanswered""}, {""id"": 8, ""status"": ""unanswered""}, {""id"": 9, ""status"": ""unanswered""}, {""id"": 10, ""status"": ""unanswered""}, {""id"": 11, ""status"": ""unanswered""}, {""id"": 12, ""status"": ""unanswered""}, {""id"": 13, ""status"": ""unanswered""}, {""id"": 14, ""status"": ""unanswered""}, {""id"": 15, ""status"": ""unanswered""}, {""id"": 16, ""status"": ""unanswered""}, {""id"": 17, ""status"": ""unanswered""}, {""id"": 18, ""status"": ""unanswered""}, {""id"": 19, ""status"": ""unanswered""}, {""id"": 20, ""status"": ""unanswered""}, {""id"": 21, ""status"": ""unanswered""}, {""id"": 22, ""status"": ""unanswered""}, {""id"": 23, ""status"": ""unanswered""}, {""id"": 24, ""status"": ""unanswered""}, {""id"": 25, ""status"": ""unanswered""}], ""totalQuestions"": 25}"
019a4836-de67-7e24-96a8-4d454031c6c0,019a482c-18e6-7ece-975a-5a3b03b1cc88,6,2025-11-03 05:35:46.795292+00,2025-11-03 05:35:46.795292+00,"{""groupId"": ""019a482c-18e6-7ece-975a-5a3b03b1cc88"", ""startedAt"": ""2025-11-03T05:25:31.311Z"", ""questionStates"": [{""id"": 1, ""status"": ""unanswered""}, {""id"": 2, ""status"": ""unanswered""}, {""id"": 3, ""status"": ""unanswered""}, {""id"": 4, ""status"": ""unanswered""}, {""id"": 5, ""status"": ""unanswered""}, {""id"": 6, ""status"": ""unanswered""}, {""id"": 7, ""answer"": ""はんだい"", ""status"": ""correct""}, {""id"": 8, ""status"": ""unanswered""}, {""id"": 9, ""status"": ""unanswered""}, {""id"": 10, ""status"": ""unanswered""}, {""id"": 11, ""status"": ""unanswered""}, {""id"": 12, ""status"": ""unanswered""}, {""id"": 13, ""status"": ""unanswered""}, {""id"": 14, ""status"": ""unanswered""}, {""id"": 15, ""answer"": ""ちしき"", ""status"": ""correct""}, {""id"": 16, ""status"": ""unanswered""}, {""id"": 17, ""status"": ""unanswered""}, {""id"": 18, ""status"": ""unanswered""}, {""id"": 19, ""status"": ""unanswered""}, {""id"": 20, ""status"": ""unanswered""}, {""id"": 21, ""answer"": ""鯉"", ""status"": ""correct""}, {""id"": 22, ""answer"": ""中国"", ""status"": ""correct""}, {""id"": 23, ""answer"": ""4"", ""status"": ""correct""}, {""id"": 24, ""status"": ""unanswered""}, {""id"": 25, ""status"": ""unanswered""}], ""totalQuestions"": 25}"
019a4844-10e3-775b-a803-6eae3f29913e,019a483a-d35b-788f-8a4d-95a914e4c8e6,0,2025-11-03 05:50:11.688519+00,2025-11-03 05:50:11.688519+00,"{""groupId"": ""019a483a-d35b-788f-8a4d-95a914e4c8e6"", ""startedAt"": ""2025-11-03T05:40:08.455Z"", ""questionStates"": [{""id"": 1, ""status"": ""unanswered""}, {""id"": 2, ""status"": ""unanswered""}, {""id"": 3, ""status"": ""unanswered""}, {""id"": 4, ""status"": ""unanswered""}, {""id"": 5, ""status"": ""unanswered""}, {""id"": 6, ""status"": ""unanswered""}, {""id"": 7, ""status"": ""unanswered""}, {""id"": 8, ""status"": ""unanswered""}, {""id"": 9, ""status"": ""unanswered""}, {""id"": 10, ""status"": ""unanswered""}, {""id"": 11, ""status"": ""unanswered""}, {""id"": 12, ""status"": ""unanswered""}, {""id"": 13, ""status"": ""unanswered""}, {""id"": 14, ""status"": ""unanswered""}, {""id"": 15, ""status"": ""unanswered""}, {""id"": 16, ""status"": ""unanswered""}, {""id"": 17, ""status"": ""unanswered""}, {""id"": 18, ""status"": ""unanswered""}, {""id"": 19, ""status"": ""unanswered""}, {""id"": 20, ""status"": ""unanswered""}, {""id"": 21, ""answer"": ""こおり"", ""status"": ""incorrect""}, {""id"": 22, ""status"": ""unanswered""}, {""id"": 23, ""status"": ""unanswered""}, {""id"": 24, ""status"": ""unanswered""}, {""id"": 25, ""status"": ""unanswered""}], ""totalQuestions"": 25}"
019a4847-3605-71bf-9ae9-e6b3dabc4e90,019a483d-3b97-7062-8e7c-10a0d1e6c95b,14,2025-11-03 05:53:37.800777+00,2025-11-03 05:53:37.800777+00,"{""groupId"": ""019a483d-3b97-7062-8e7c-10a0d1e6c95b"", ""startedAt"": ""2025-11-03T05:43:31.360Z"", ""questionStates"": [{""id"": 1, ""answer"": ""たんい"", ""status"": ""correct""}, {""id"": 2, ""status"": ""unanswered""}, {""id"": 3, ""status"": ""unanswered""}, {""id"": 4, ""answer"": ""ファミレス"", ""status"": ""correct""}, {""id"": 5, ""answer"": ""INTERNET"", ""status"": ""incorrect""}, {""id"": 6, ""status"": ""unanswered""}, {""id"": 7, ""answer"": ""はんだい"", ""status"": ""correct""}, {""id"": 8, ""status"": ""unanswered""}, {""id"": 9, ""status"": ""unanswered""}, {""id"": 10, ""status"": ""unanswered""}, {""id"": 11, ""status"": ""unanswered""}, {""id"": 12, ""status"": ""unanswered""}, {""id"": 13, ""status"": ""unanswered""}, {""id"": 14, ""answer"": ""現在進行形"", ""status"": ""correct""}, {""id"": 15, ""status"": ""unanswered""}, {""id"": 16, ""status"": ""unanswered""}, {""id"": 17, ""answer"": ""ちえ"", ""status"": ""correct""}, {""id"": 18, ""answer"": ""バード"", ""status"": ""correct""}, {""id"": 19, ""status"": ""unanswered""}, {""id"": 20, ""answer"": ""えんかい"", ""status"": ""incorrect""}, {""id"": 21, ""answer"": ""こい"", ""status"": ""correct""}, {""id"": 22, ""status"": ""unanswered""}, {""id"": 23, ""status"": ""unanswered""}, {""id"": 24, ""answer"": ""いんしん"", ""status"": ""correct""}, {""id"": 25, ""status"": ""unanswered""}], ""totalQuestions"": 25}"
019a4847-40d3-7c87-80b4-3fa9afa59aed,019a483a-b76a-7880-b8ce-3174377b19e0,9,2025-11-03 05:53:40.567497+00,2025-11-03 05:53:40.567497+00,"{""groupId"": ""019a483a-b76a-7880-b8ce-3174377b19e0"", ""startedAt"": ""2025-11-03T05:43:32.158Z"", ""questionStates"": [{""id"": 1, ""status"": ""unanswered""}, {""id"": 2, ""answer"": ""太平洋"", ""status"": ""correct""}, {""id"": 3, ""status"": ""unanswered""}, {""id"": 4, ""answer"": ""ファミレス"", ""status"": ""correct""}, {""id"": 5, ""status"": ""unanswered""}, {""id"": 6, ""status"": ""unanswered""}, {""id"": 7, ""status"": ""unanswered""}, {""id"": 8, ""status"": ""unanswered""}, {""id"": 9, ""status"": ""unanswered""}, {""id"": 10, ""status"": ""unanswered""}, {""id"": 11, ""status"": ""unanswered""}, {""id"": 12, ""status"": ""unanswered""}, {""id"": 13, ""answer"": ""三国志"", ""status"": ""correct""}, {""id"": 14, ""answer"": ""現在進行形"", ""status"": ""correct""}, {""id"": 15, ""status"": ""unanswered""}, {""id"": 16, ""status"": ""unanswered""}, {""id"": 17, ""status"": ""unanswered""}, {""id"": 18, ""status"": ""unanswered""}, {""id"": 19, ""status"": ""unanswered""}, {""id"": 20, ""status"": ""unanswered""}, {""id"": 21, ""status"": ""unanswered""}, {""id"": 22, ""answer"": ""中国"", ""status"": ""correct""}, {""id"": 23, ""status"": ""unanswered""}, {""id"": 24, ""status"": ""unanswered""}, {""id"": 25, ""status"": ""unanswered""}], ""totalQuestions"": 25}"
019a4847-6b7b-7c7f-bc97-3dad1bc5a87c,019a483d-9535-725b-ab4e-56f02de30243,7,2025-11-03 05:53:51.487526+00,2025-11-03 05:53:51.487526+00,"{""groupId"": ""019a483d-9535-725b-ab4e-56f02de30243"", ""startedAt"": ""2025-11-03T05:43:50.003Z"", ""questionStates"": [{""id"": 1, ""status"": ""unanswered""}, {""id"": 2, ""answer"": ""たいへいよう"", ""status"": ""correct""}, {""id"": 3, ""status"": ""unanswered""}, {""id"": 4, ""status"": ""unanswered""}, {""id"": 5, ""answer"": ""internet"", ""status"": ""correct""}, {""id"": 6, ""status"": ""unanswered""}, {""id"": 7, ""status"": ""unanswered""}, {""id"": 8, ""status"": ""unanswered""}, {""id"": 9, ""status"": ""unanswered""}, {""id"": 10, ""status"": ""unanswered""}, {""id"": 11, ""status"": ""unanswered""}, {""id"": 12, ""status"": ""unanswered""}, {""id"": 13, ""status"": ""unanswered""}, {""id"": 14, ""answer"": ""げんざいしんこうけい"", ""status"": ""correct""}, {""id"": 15, ""answer"": ""ちしき"", ""status"": ""correct""}, {""id"": 16, ""status"": ""unanswered""}, {""id"": 17, ""status"": ""unanswered""}, {""id"": 18, ""status"": ""unanswered""}, {""id"": 19, ""status"": ""unanswered""}, {""id"": 20, ""status"": ""unanswered""}, {""id"": 21, ""status"": ""unanswered""}, {""id"": 22, ""answer"": ""中国"", ""status"": ""correct""}, {""id"": 23, ""answer"": ""4"", ""status"": ""correct""}, {""id"": 24, ""status"": ""unanswered""}, {""id"": 25, ""status"": ""unanswered""}], ""totalQuestions"": 25}"
019a4857-c721-7449-a230-49a8bcd444ad,019a484b-68b8-7514-b269-895619605cc5,8,2025-11-03 06:11:43.524763+00,2025-11-03 06:11:43.524763+00,"{""groupId"": ""019a484b-68b8-7514-b269-895619605cc5"", ""startedAt"": ""2025-11-03T06:01:43.128Z"", ""questionStates"": [{""id"": 1, ""status"": ""unanswered""}, {""id"": 2, ""answer"": ""たいへいよう"", ""status"": ""correct""}, {""id"": 3, ""status"": ""unanswered""}, {""id"": 4, ""answer"": ""ふぁみれす"", ""status"": ""correct""}, {""id"": 5, ""answer"": ""internet"", ""status"": ""correct""}, {""id"": 6, ""status"": ""unanswered""}, {""id"": 7, ""answer"": ""はんだい"", ""status"": ""correct""}, {""id"": 8, ""status"": ""unanswered""}, {""id"": 9, ""status"": ""unanswered""}, {""id"": 10, ""status"": ""unanswered""}, {""id"": 11, ""answer"": ""A"", ""status"": ""incorrect""}, {""id"": 12, ""status"": ""unanswered""}, {""id"": 13, ""status"": ""unanswered""}, {""id"": 14, ""status"": ""unanswered""}, {""id"": 15, ""answer"": ""ちしき"", ""status"": ""correct""}, {""id"": 16, ""status"": ""unanswered""}, {""id"": 17, ""status"": ""unanswered""}, {""id"": 18, ""status"": ""unanswered""}, {""id"": 19, ""status"": ""unanswered""}, {""id"": 20, ""status"": ""unanswered""}, {""id"": 21, ""status"": ""unanswered""}, {""id"": 22, ""status"": ""unanswered""}, {""id"": 23, ""answer"": ""4"", ""status"": ""correct""}, {""id"": 24, ""status"": ""unanswered""}, {""id"": 25, ""status"": ""unanswered""}], ""totalQuestions"": 25}"
019a4857-d83d-7d60-aa3d-e9f8ce4dd14d,019a484d-3556-7209-9e34-0fa9ec726c85,4,2025-11-03 06:11:47.905666+00,2025-11-03 06:11:47.905666+00,"{""groupId"": ""019a484d-3556-7209-9e34-0fa9ec726c85"", ""startedAt"": ""2025-11-03T06:01:44.290Z"", ""questionStates"": [{""id"": 1, ""status"": ""unanswered""}, {""id"": 2, ""answer"": ""たいへいよう"", ""status"": ""correct""}, {""id"": 3, ""status"": ""unanswered""}, {""id"": 4, ""status"": ""unanswered""}, {""id"": 5, ""status"": ""unanswered""}, {""id"": 6, ""status"": ""unanswered""}, {""id"": 7, ""status"": ""unanswered""}, {""id"": 8, ""status"": ""unanswered""}, {""id"": 9, ""status"": ""unanswered""}, {""id"": 10, ""status"": ""unanswered""}, {""id"": 11, ""status"": ""unanswered""}, {""id"": 12, ""status"": ""unanswered""}, {""id"": 13, ""answer"": ""三国志"", ""status"": ""correct""}, {""id"": 14, ""status"": ""unanswered""}, {""id"": 15, ""status"": ""unanswered""}, {""id"": 16, ""status"": ""unanswered""}, {""id"": 17, ""status"": ""unanswered""}, {""id"": 18, ""status"": ""unanswered""}, {""id"": 19, ""status"": ""unanswered""}, {""id"": 20, ""status"": ""unanswered""}, {""id"": 21, ""answer"": ""こい"", ""status"": ""correct""}, {""id"": 22, ""status"": ""unanswered""}, {""id"": 23, ""status"": ""unanswered""}, {""id"": 24, ""status"": ""unanswered""}, {""id"": 25, ""status"": ""unanswered""}], ""totalQuestions"": 25}"
019a4857-d92c-7dd3-9be8-e763c029230d,019a484d-2203-709c-b664-0e6f0db40ba8,10,2025-11-03 06:11:48.144472+00,2025-11-03 06:11:48.144472+00,"{""groupId"": ""019a484d-2203-709c-b664-0e6f0db40ba8"", ""startedAt"": ""2025-11-03T06:01:43.838Z"", ""questionStates"": [{""id"": 1, ""status"": ""unanswered""}, {""id"": 2, ""status"": ""unanswered""}, {""id"": 3, ""status"": ""unanswered""}, {""id"": 4, ""answer"": ""ファミレス"", ""status"": ""correct""}, {""id"": 5, ""answer"": ""INTERNET"", ""status"": ""incorrect""}, {""id"": 6, ""status"": ""unanswered""}, {""id"": 7, ""status"": ""unanswered""}, {""id"": 8, ""answer"": ""SCIENCE"", ""status"": ""correct""}, {""id"": 9, ""status"": ""unanswered""}, {""id"": 10, ""status"": ""unanswered""}, {""id"": 11, ""status"": ""unanswered""}, {""id"": 12, ""status"": ""unanswered""}, {""id"": 13, ""answer"": ""三国志"", ""status"": ""correct""}, {""id"": 14, ""answer"": ""現在進行系"", ""status"": ""incorrect""}, {""id"": 15, ""answer"": ""しきい"", ""status"": ""incorrect""}, {""id"": 16, ""status"": ""unanswered""}, {""id"": 17, ""status"": ""unanswered""}, {""id"": 18, ""answer"": ""バード"", ""status"": ""correct""}, {""id"": 19, ""status"": ""unanswered""}, {""id"": 20, ""status"": ""unanswered""}, {""id"": 21, ""status"": ""unanswered""}, {""id"": 22, ""answer"": ""中国"", ""status"": ""correct""}, {""id"": 23, ""answer"": ""4"", ""status"": ""correct""}, {""id"": 24, ""status"": ""unanswered""}, {""id"": 25, ""status"": ""unanswered""}], ""totalQuestions"": 25}"
019a4857-dc51-7e85-867d-92ba0a0d15d5,019a484b-3671-7168-9503-44931ebfe14d,3,2025-11-03 06:11:48.949335+00,2025-11-03 06:11:48.949335+00,"{""groupId"": ""019a484b-3671-7168-9503-44931ebfe14d"", ""startedAt"": ""2025-11-03T06:01:45.731Z"", ""questionStates"": [{""id"": 1, ""status"": ""unanswered""}, {""id"": 2, ""status"": ""unanswered""}, {""id"": 3, ""status"": ""unanswered""}, {""id"": 4, ""status"": ""unanswered""}, {""id"": 5, ""status"": ""unanswered""}, {""id"": 6, ""status"": ""unanswered""}, {""id"": 7, ""status"": ""unanswered""}, {""id"": 8, ""status"": ""unanswered""}, {""id"": 9, ""status"": ""unanswered""}, {""id"": 10, ""status"": ""unanswered""}, {""id"": 11, ""status"": ""unanswered""}, {""id"": 12, ""status"": ""unanswered""}, {""id"": 13, ""status"": ""unanswered""}, {""id"": 14, ""status"": ""unanswered""}, {""id"": 15, ""status"": ""unanswered""}, {""id"": 16, ""status"": ""unanswered""}, {""id"": 17, ""answer"": ""ちえ"", ""status"": ""correct""}, {""id"": 18, ""status"": ""unanswered""}, {""id"": 19, ""status"": ""unanswered""}, {""id"": 20, ""status"": ""unanswered""}, {""id"": 21, ""answer"": ""こい"", ""status"": ""correct""}, {""id"": 22, ""status"": ""unanswered""}, {""id"": 23, ""status"": ""unanswered""}, {""id"": 24, ""status"": ""unanswered""}, {""id"": 25, ""status"": ""unanswered""}], ""totalQuestions"": 25}"
019a4857-e35c-7f37-af7b-8ec8a04c6111,019a484b-f5b1-7337-8b3a-52895fd492ee,5,2025-11-03 06:11:50.752497+00,2025-11-03 06:11:50.752497+00,"{""groupId"": ""019a484b-f5b1-7337-8b3a-52895fd492ee"", ""startedAt"": ""2025-11-03T06:01:43.441Z"", ""questionStates"": [{""id"": 1, ""status"": ""unanswered""}, {""id"": 2, ""status"": ""unanswered""}, {""id"": 3, ""status"": ""unanswered""}, {""id"": 4, ""status"": ""unanswered""}, {""id"": 5, ""status"": ""unanswered""}, {""id"": 6, ""status"": ""unanswered""}, {""id"": 7, ""answer"": ""はんだい"", ""status"": ""correct""}, {""id"": 8, ""status"": ""unanswered""}, {""id"": 9, ""status"": ""unanswered""}, {""id"": 10, ""status"": ""unanswered""}, {""id"": 11, ""status"": ""unanswered""}, {""id"": 12, ""answer"": ""handaysey"", ""status"": ""incorrect""}, {""id"": 13, ""answer"": ""三国志"", ""status"": ""correct""}, {""id"": 14, ""status"": ""unanswered""}, {""id"": 15, ""answer"": ""ちしき"", ""status"": ""correct""}, {""id"": 16, ""status"": ""unanswered""}, {""id"": 17, ""status"": ""unanswered""}, {""id"": 18, ""status"": ""unanswered""}, {""id"": 19, ""status"": ""unanswered""}, {""id"": 20, ""status"": ""unanswered""}, {""id"": 21, ""status"": ""unanswered""}, {""id"": 22, ""status"": ""unanswered""}, {""id"": 23, ""answer"": ""4"", ""status"": ""correct""}, {""id"": 24, ""status"": ""unanswered""}, {""id"": 25, ""status"": ""unanswered""}], ""totalQuestions"": 25}"
019a4857-e6af-7139-a71d-e0dc4a669c26,019a484b-82f5-7288-a3ee-6249a9ade3b7,6,2025-11-03 06:11:51.60283+00,2025-11-03 06:11:51.60283+00,"{""groupId"": ""019a484b-82f5-7288-a3ee-6249a9ade3b7"", ""startedAt"": ""2025-11-03T06:01:43.654Z"", ""questionStates"": [{""id"": 1, ""status"": ""unanswered""}, {""id"": 2, ""answer"": ""たいへいよう"", ""status"": ""correct""}, {""id"": 3, ""status"": ""unanswered""}, {""id"": 4, ""status"": ""unanswered""}, {""id"": 5, ""answer"": ""INTERNET"", ""status"": ""incorrect""}, {""id"": 6, ""status"": ""unanswered""}, {""id"": 7, ""status"": ""unanswered""}, {""id"": 8, ""status"": ""unanswered""}, {""id"": 9, ""status"": ""unanswered""}, {""id"": 10, ""answer"": ""まちかね"", ""status"": ""correct""}, {""id"": 11, ""status"": ""unanswered""}, {""id"": 12, ""status"": ""unanswered""}, {""id"": 13, ""status"": ""unanswered""}, {""id"": 14, ""answer"": ""現在進行形"", ""status"": ""correct""}, {""id"": 15, ""status"": ""unanswered""}, {""id"": 16, ""status"": ""unanswered""}, {""id"": 17, ""status"": ""unanswered""}, {""id"": 18, ""status"": ""unanswered""}, {""id"": 19, ""answer"": ""クリスマス"", ""status"": ""correct""}, {""id"": 20, ""status"": ""unanswered""}, {""id"": 21, ""status"": ""unanswered""}, {""id"": 22, ""status"": ""unanswered""}, {""id"": 23, ""status"": ""unanswered""}, {""id"": 24, ""status"": ""unanswered""}, {""id"": 25, ""status"": ""unanswered""}], ""totalQuestions"": 25}"
019a4857-e907-7cd0-a5b5-0b987e98d779,019a484d-c356-78b5-b0b4-61913fb5c8eb,8,2025-11-03 06:11:52.203353+00,2025-11-03 06:11:52.203353+00,"{""groupId"": ""019a484d-c356-78b5-b0b4-61913fb5c8eb"", ""startedAt"": ""2025-11-03T06:01:45.568Z"", ""questionStates"": [{""id"": 1, ""status"": ""unanswered""}, {""id"": 2, ""status"": ""unanswered""}, {""id"": 3, ""status"": ""unanswered""}, {""id"": 4, ""answer"": ""ふぁみれす"", ""status"": ""correct""}, {""id"": 5, ""status"": ""unanswered""}, {""id"": 6, ""status"": ""unanswered""}, {""id"": 7, ""answer"": ""はんだい"", ""status"": ""correct""}, {""id"": 8, ""status"": ""unanswered""}, {""id"": 9, ""status"": ""unanswered""}, {""id"": 10, ""status"": ""unanswered""}, {""id"": 11, ""status"": ""unanswered""}, {""id"": 12, ""status"": ""unanswered""}, {""id"": 13, ""status"": ""unanswered""}, {""id"": 14, ""answer"": ""げんざいしんこうけい"", ""status"": ""correct""}, {""id"": 15, ""status"": ""unanswered""}, {""id"": 16, ""status"": ""unanswered""}, {""id"": 17, ""status"": ""unanswered""}, {""id"": 18, ""status"": ""unanswered""}, {""id"": 19, ""answer"": ""クリスマス"", ""status"": ""correct""}, {""id"": 20, ""status"": ""unanswered""}, {""id"": 21, ""answer"": ""こい"", ""status"": ""correct""}, {""id"": 22, ""status"": ""unanswered""}, {""id"": 23, ""status"": ""unanswered""}, {""id"": 24, ""status"": ""unanswered""}, {""id"": 25, ""status"": ""unanswered""}], ""totalQuestions"": 25}"
019a4857-ef46-750b-a9a2-c26b4e9783c9,019a484b-d930-766b-86f0-529dc8282c83,7,2025-11-03 06:11:53.802024+00,2025-11-03 06:11:53.802024+00,"{""groupId"": ""019a484b-d930-766b-86f0-529dc8282c83"", ""startedAt"": ""2025-11-03T06:01:44.046Z"", ""questionStates"": [{""id"": 1, ""status"": ""unanswered""}, {""id"": 2, ""status"": ""unanswered""}, {""id"": 3, ""status"": ""unanswered""}, {""id"": 4, ""status"": ""unanswered""}, {""id"": 5, ""status"": ""unanswered""}, {""id"": 6, ""status"": ""unanswered""}, {""id"": 7, ""answer"": ""はんだい"", ""status"": ""correct""}, {""id"": 8, ""answer"": ""science"", ""status"": ""correct""}, {""id"": 9, ""status"": ""unanswered""}, {""id"": 10, ""status"": ""unanswered""}, {""id"": 11, ""status"": ""unanswered""}, {""id"": 12, ""status"": ""unanswered""}, {""id"": 13, ""answer"": ""さんごくし"", ""status"": ""correct""}, {""id"": 14, ""answer"": ""げんざいしんこうけい"", ""status"": ""correct""}, {""id"": 15, ""answer"": ""ちしき"", ""status"": ""correct""}, {""id"": 16, ""status"": ""unanswered""}, {""id"": 17, ""status"": ""unanswered""}, {""id"": 18, ""status"": ""unanswered""}, {""id"": 19, ""status"": ""unanswered""}, {""id"": 20, ""status"": ""unanswered""}, {""id"": 21, ""status"": ""unanswered""}, {""id"": 22, ""status"": ""unanswered""}, {""id"": 23, ""answer"": ""4"", ""status"": ""correct""}, {""id"": 24, ""status"": ""unanswered""}, {""id"": 25, ""status"": ""unanswered""}], ""totalQuestions"": 25}"
019a4857-f05b-7439-939c-8f25ddddcc09,019a484d-d682-7d50-8543-fba0a925dc4c,11,2025-11-03 06:11:54.078897+00,2025-11-03 06:11:54.078897+00,"{""groupId"": ""019a484d-d682-7d50-8543-fba0a925dc4c"", ""startedAt"": ""2025-11-03T06:01:46.341Z"", ""questionStates"": [{""id"": 1, ""status"": ""unanswered""}, {""id"": 2, ""answer"": ""太平洋"", ""status"": ""correct""}, {""id"": 3, ""status"": ""unanswered""}, {""id"": 4, ""status"": ""unanswered""}, {""id"": 5, ""answer"": ""INTERNET"", ""status"": ""incorrect""}, {""id"": 6, ""status"": ""unanswered""}, {""id"": 7, ""status"": ""unanswered""}, {""id"": 8, ""status"": ""unanswered""}, {""id"": 9, ""status"": ""unanswered""}, {""id"": 10, ""status"": ""unanswered""}, {""id"": 11, ""status"": ""unanswered""}, {""id"": 12, ""answer"": ""HANDAISEI"", ""status"": ""correct""}, {""id"": 13, ""status"": ""unanswered""}, {""id"": 14, ""answer"": ""現在進行形"", ""status"": ""correct""}, {""id"": 15, ""answer"": ""知識"", ""status"": ""correct""}, {""id"": 16, ""status"": ""unanswered""}, {""id"": 17, ""status"": ""unanswered""}, {""id"": 18, ""answer"": ""バード"", ""status"": ""correct""}, {""id"": 19, ""answer"": ""クリスマス"", ""status"": ""correct""}, {""id"": 20, ""status"": ""unanswered""}, {""id"": 21, ""answer"": ""こい"", ""status"": ""correct""}, {""id"": 22, ""answer"": ""中国"", ""status"": ""correct""}, {""id"": 23, ""answer"": ""4"", ""status"": ""correct""}, {""id"": 24, ""status"": ""unanswered""}, {""id"": 25, ""status"": ""unanswered""}], ""totalQuestions"": 25}"
019a4857-f436-770f-9d2a-516a57696346,019a484a-f48f-7458-8fbb-6f6d7f5e04d5,4,2025-11-03 06:11:55.066011+00,2025-11-03 06:11:55.066011+00,"{""groupId"": ""019a484a-f48f-7458-8fbb-6f6d7f5e04d5"", ""startedAt"": ""2025-11-03T06:01:49.619Z"", ""questionStates"": [{""id"": 1, ""status"": ""unanswered""}, {""id"": 2, ""answer"": ""たいへいよう"", ""status"": ""correct""}, {""id"": 3, ""status"": ""unanswered""}, {""id"": 4, ""status"": ""unanswered""}, {""id"": 5, ""answer"": ""intewnet"", ""status"": ""incorrect""}, {""id"": 6, ""status"": ""unanswered""}, {""id"": 7, ""answer"": ""はんだい"", ""status"": ""correct""}, {""id"": 8, ""status"": ""unanswered""}, {""id"": 9, ""status"": ""unanswered""}, {""id"": 10, ""status"": ""unanswered""}, {""id"": 11, ""status"": ""unanswered""}, {""id"": 12, ""answer"": ""大阪湾"", ""status"": ""incorrect""}, {""id"": 13, ""status"": ""unanswered""}, {""id"": 14, ""status"": ""unanswered""}, {""id"": 15, ""answer"": ""ちしき"", ""status"": ""correct""}, {""id"": 16, ""status"": ""unanswered""}, {""id"": 17, ""status"": ""unanswered""}, {""id"": 18, ""status"": ""unanswered""}, {""id"": 19, ""status"": ""unanswered""}, {""id"": 20, ""status"": ""unanswered""}, {""id"": 21, ""status"": ""unanswered""}, {""id"": 22, ""status"": ""unanswered""}, {""id"": 23, ""answer"": ""4"", ""status"": ""correct""}, {""id"": 24, ""status"": ""unanswered""}, {""id"": 25, ""status"": ""unanswered""}], ""totalQuestions"": 25}"
019a4858-3a5f-7b31-b053-0b1334331c5a,019a484b-b6a2-78c9-8086-3ffa53b556c3,7,2025-11-03 06:12:13.027577+00,2025-11-03 06:12:13.027577+00,"{""groupId"": ""019a484b-b6a2-78c9-8086-3ffa53b556c3"", ""startedAt"": ""2025-11-03T06:01:44.868Z"", ""questionStates"": [{""id"": 1, ""answer"": ""たんい"", ""status"": ""correct""}, {""id"": 2, ""status"": ""unanswered""}, {""id"": 3, ""status"": ""unanswered""}, {""id"": 4, ""status"": ""unanswered""}, {""id"": 5, ""status"": ""unanswered""}, {""id"": 6, ""status"": ""unanswered""}, {""id"": 7, ""status"": ""unanswered""}, {""id"": 8, ""status"": ""unanswered""}, {""id"": 9, ""status"": ""unanswered""}, {""id"": 10, ""status"": ""unanswered""}, {""id"": 11, ""status"": ""unanswered""}, {""id"": 12, ""status"": ""unanswered""}, {""id"": 13, ""status"": ""unanswered""}, {""id"": 14, ""answer"": ""げんざいしんこうけい"", ""status"": ""correct""}, {""id"": 15, ""status"": ""unanswered""}, {""id"": 16, ""status"": ""unanswered""}, {""id"": 17, ""status"": ""unanswered""}, {""id"": 18, ""answer"": ""ダイヤモンド"", ""status"": ""incorrect""}, {""id"": 19, ""status"": ""unanswered""}, {""id"": 20, ""answer"": ""えんすい"", ""status"": ""correct""}, {""id"": 21, ""status"": ""unanswered""}, {""id"": 22, ""status"": ""unanswered""}, {""id"": 23, ""answer"": ""4"", ""status"": ""correct""}, {""id"": 24, ""status"": ""unanswered""}, {""id"": 25, ""status"": ""unanswered""}], ""totalQuestions"": 25}"
019a4858-67d9-7564-8b32-fdf8071814b9,019a484b-6df0-7763-a441-568615abff88,9,2025-11-03 06:12:24.669889+00,2025-11-03 06:12:24.669889+00,"{""groupId"": ""019a484b-6df0-7763-a441-568615abff88"", ""startedAt"": ""2025-11-03T06:01:45.074Z"", ""questionStates"": [{""id"": 1, ""answer"": ""たんい"", ""status"": ""correct""}, {""id"": 2, ""status"": ""unanswered""}, {""id"": 3, ""status"": ""unanswered""}, {""id"": 4, ""status"": ""unanswered""}, {""id"": 5, ""answer"": ""internet"", ""status"": ""correct""}, {""id"": 6, ""status"": ""unanswered""}, {""id"": 7, ""status"": ""unanswered""}, {""id"": 8, ""status"": ""unanswered""}, {""id"": 9, ""status"": ""unanswered""}, {""id"": 10, ""status"": ""unanswered""}, {""id"": 11, ""status"": ""unanswered""}, {""id"": 12, ""status"": ""unanswered""}, {""id"": 13, ""status"": ""unanswered""}, {""id"": 14, ""answer"": ""げんざいしんこうけい"", ""status"": ""correct""}, {""id"": 15, ""answer"": ""ちしき"", ""status"": ""correct""}, {""id"": 16, ""status"": ""unanswered""}, {""id"": 17, ""status"": ""unanswered""}, {""id"": 18, ""answer"": ""ばーど"", ""status"": ""correct""}, {""id"": 19, ""status"": ""unanswered""}, {""id"": 20, ""status"": ""unanswered""}, {""id"": 21, ""answer"": ""こい"", ""status"": ""correct""}, {""id"": 22, ""answer"": ""フランス"", ""status"": ""incorrect""}, {""id"": 23, ""answer"": ""4"", ""status"": ""correct""}, {""id"": 24, ""status"": ""unanswered""}, {""id"": 25, ""status"": ""unanswered""}], ""totalQuestions"": 25}"
019a486b-1230-76ea-afa2-60c7a6fa6738,019a485d-4b39-7987-8310-dce4ebb6677d,9,2025-11-03 06:32:47.923919+00,2025-11-03 06:32:47.923919+00,"{""groupId"": ""019a485d-4b39-7987-8310-dce4ebb6677d"", ""startedAt"": ""2025-11-03T06:22:44.706Z"", ""questionStates"": [{""id"": 1, ""status"": ""unanswered""}, {""id"": 2, ""answer"": ""たいへいよう"", ""status"": ""correct""}, {""id"": 3, ""status"": ""unanswered""}, {""id"": 4, ""answer"": ""ふぁみれす"", ""status"": ""correct""}, {""id"": 5, ""answer"": ""internet"", ""status"": ""correct""}, {""id"": 6, ""status"": ""unanswered""}, {""id"": 7, ""answer"": ""はんだい"", ""status"": ""correct""}, {""id"": 8, ""status"": ""unanswered""}, {""id"": 9, ""status"": ""unanswered""}, {""id"": 10, ""status"": ""unanswered""}, {""id"": 11, ""answer"": ""B"", ""status"": ""incorrect""}, {""id"": 12, ""answer"": ""handaisei"", ""status"": ""incorrect""}, {""id"": 13, ""status"": ""unanswered""}, {""id"": 14, ""status"": ""unanswered""}, {""id"": 15, ""answer"": ""ちしき"", ""status"": ""correct""}, {""id"": 16, ""status"": ""unanswered""}, {""id"": 17, ""answer"": ""そち"", ""status"": ""incorrect""}, {""id"": 18, ""status"": ""unanswered""}, {""id"": 19, ""status"": ""unanswered""}, {""id"": 20, ""status"": ""unanswered""}, {""id"": 21, ""status"": ""unanswered""}, {""id"": 22, ""answer"": ""中国"", ""status"": ""correct""}, {""id"": 23, ""status"": ""unanswered""}, {""id"": 24, ""status"": ""unanswered""}, {""id"": 25, ""status"": ""unanswered""}], ""totalQuestions"": 25}"
019a486b-13f5-74c5-a214-6f9dde699368,019a485c-83c4-7992-9800-c8175e68e891,2,2025-11-03 06:32:48.377106+00,2025-11-03 06:32:48.377106+00,"{""groupId"": ""019a485c-83c4-7992-9800-c8175e68e891"", ""startedAt"": ""2025-11-03T06:22:43.389Z"", ""questionStates"": [{""id"": 1, ""status"": ""unanswered""}, {""id"": 2, ""answer"": ""たいへいよう"", ""status"": ""correct""}, {""id"": 3, ""status"": ""unanswered""}, {""id"": 4, ""status"": ""unanswered""}, {""id"": 5, ""status"": ""unanswered""}, {""id"": 6, ""status"": ""unanswered""}, {""id"": 7, ""answer"": ""はんだい"", ""status"": ""correct""}, {""id"": 8, ""status"": ""unanswered""}, {""id"": 9, ""status"": ""unanswered""}, {""id"": 10, ""status"": ""unanswered""}, {""id"": 11, ""status"": ""unanswered""}, {""id"": 12, ""status"": ""unanswered""}, {""id"": 13, ""status"": ""unanswered""}, {""id"": 14, ""status"": ""unanswered""}, {""id"": 15, ""status"": ""unanswered""}, {""id"": 16, ""status"": ""unanswered""}, {""id"": 17, ""status"": ""unanswered""}, {""id"": 18, ""status"": ""unanswered""}, {""id"": 19, ""status"": ""unanswered""}, {""id"": 20, ""status"": ""unanswered""}, {""id"": 21, ""status"": ""unanswered""}, {""id"": 22, ""status"": ""unanswered""}, {""id"": 23, ""status"": ""unanswered""}, {""id"": 24, ""status"": ""unanswered""}, {""id"": 25, ""status"": ""unanswered""}], ""totalQuestions"": 25}"
019a486b-1563-72a3-b9ea-0ff969df0998,019a485d-1955-772f-9248-0886dde058af,19,2025-11-03 06:32:48.742601+00,2025-11-03 06:32:48.742601+00,"{""groupId"": ""019a485d-1955-772f-9248-0886dde058af"", ""startedAt"": ""2025-11-03T06:22:47.494Z"", ""questionStates"": [{""id"": 1, ""answer"": ""単位"", ""status"": ""correct""}, {""id"": 2, ""answer"": ""たいへいよう"", ""status"": ""correct""}, {""id"": 3, ""status"": ""unanswered""}, {""id"": 4, ""status"": ""unanswered""}, {""id"": 5, ""answer"": ""INTERNET"", ""status"": ""incorrect""}, {""id"": 6, ""status"": ""unanswered""}, {""id"": 7, ""status"": ""unanswered""}, {""id"": 8, ""answer"": ""science"", ""status"": ""correct""}, {""id"": 9, ""status"": ""unanswered""}, {""id"": 10, ""status"": ""unanswered""}, {""id"": 11, ""answer"": ""B"", ""status"": ""incorrect""}, {""id"": 12, ""answer"": ""HANDAISEI"", ""status"": ""correct""}, {""id"": 13, ""answer"": ""三国志"", ""status"": ""correct""}, {""id"": 14, ""answer"": ""現在進行形"", ""status"": ""correct""}, {""id"": 15, ""answer"": ""知識"", ""status"": ""correct""}, {""id"": 16, ""answer"": ""ねんげつ"", ""status"": ""correct""}, {""id"": 17, ""status"": ""unanswered""}, {""id"": 18, ""answer"": ""バード"", ""status"": ""correct""}, {""id"": 19, ""answer"": ""クリスマス"", ""status"": ""correct""}, {""id"": 20, ""status"": ""unanswered""}, {""id"": 21, ""status"": ""unanswered""}, {""id"": 22, ""answer"": ""中国"", ""status"": ""correct""}, {""id"": 23, ""answer"": ""4"", ""status"": ""correct""}, {""id"": 24, ""status"": ""unanswered""}, {""id"": 25, ""status"": ""unanswered""}], ""totalQuestions"": 25}"
019a486b-1c0a-7df6-9751-c9c50cf47211,019a485f-1441-79f1-b6b8-c96a72bbb631,15,2025-11-03 06:32:50.446437+00,2025-11-03 06:32:50.446437+00,"{""groupId"": ""019a485f-1441-79f1-b6b8-c96a72bbb631"", ""startedAt"": ""2025-11-03T06:22:46.169Z"", ""questionStates"": [{""id"": 1, ""status"": ""unanswered""}, {""id"": 2, ""status"": ""unanswered""}, {""id"": 3, ""status"": ""unanswered""}, {""id"": 4, ""answer"": ""ファミレス"", ""status"": ""correct""}, {""id"": 5, ""status"": ""unanswered""}, {""id"": 6, ""status"": ""unanswered""}, {""id"": 7, ""answer"": ""阪大"", ""status"": ""incorrect""}, {""id"": 8, ""answer"": ""SCIENCE"", ""status"": ""correct""}, {""id"": 9, ""status"": ""unanswered""}, {""id"": 10, ""status"": ""unanswered""}, {""id"": 11, ""answer"": ""B"", ""status"": ""incorrect""}, {""id"": 12, ""answer"": ""阪大生"", ""status"": ""correct""}, {""id"": 13, ""answer"": ""三国志"", ""status"": ""correct""}, {""id"": 14, ""answer"": ""現在進行形"", ""status"": ""correct""}, {""id"": 15, ""answer"": ""ちしき"", ""status"": ""correct""}, {""id"": 16, ""status"": ""unanswered""}, {""id"": 17, ""status"": ""unanswered""}, {""id"": 18, ""status"": ""unanswered""}, {""id"": 19, ""answer"": ""クリスマス"", ""status"": ""correct""}, {""id"": 20, ""status"": ""unanswered""}, {""id"": 21, ""answer"": ""鯉"", ""status"": ""correct""}, {""id"": 22, ""answer"": ""中国"", ""status"": ""correct""}, {""id"": 23, ""answer"": ""4"", ""status"": ""correct""}, {""id"": 24, ""status"": ""unanswered""}, {""id"": 25, ""status"": ""unanswered""}], ""totalQuestions"": 25}"
019a486b-2fdc-7854-9d92-d09d75388092,019a4861-8fd0-7b76-88f5-3bfb795d1240,1,2025-11-03 06:32:55.520349+00,2025-11-03 06:32:55.520349+00,"{""groupId"": ""019a4861-8fd0-7b76-88f5-3bfb795d1240"", ""startedAt"": ""2025-11-03T06:22:49.468Z"", ""questionStates"": [{""id"": 1, ""status"": ""unanswered""}, {""id"": 2, ""status"": ""unanswered""}, {""id"": 3, ""status"": ""unanswered""}, {""id"": 4, ""status"": ""unanswered""}, {""id"": 5, ""answer"": ""INTERN"", ""status"": ""incorrect""}, {""id"": 6, ""status"": ""unanswered""}, {""id"": 7, ""status"": ""unanswered""}, {""id"": 8, ""status"": ""unanswered""}, {""id"": 9, ""status"": ""unanswered""}, {""id"": 10, ""status"": ""unanswered""}, {""id"": 11, ""status"": ""unanswered""}, {""id"": 12, ""status"": ""unanswered""}, {""id"": 13, ""status"": ""unanswered""}, {""id"": 14, ""status"": ""unanswered""}, {""id"": 15, ""status"": ""unanswered""}, {""id"": 16, ""status"": ""unanswered""}, {""id"": 17, ""status"": ""unanswered""}, {""id"": 18, ""status"": ""unanswered""}, {""id"": 19, ""status"": ""unanswered""}, {""id"": 20, ""status"": ""unanswered""}, {""id"": 21, ""answer"": ""コイ"", ""status"": ""correct""}, {""id"": 22, ""status"": ""unanswered""}, {""id"": 23, ""answer"": ""5"", ""status"": ""incorrect""}, {""id"": 24, ""status"": ""unanswered""}, {""id"": 25, ""status"": ""unanswered""}], ""totalQuestions"": 25}"
019a486b-4159-7159-a3c9-d6f1564f4454,019a4861-4ab0-7c53-9d05-3490544d1ffe,3,2025-11-03 06:32:59.996531+00,2025-11-03 06:32:59.996531+00,"{""groupId"": ""019a4861-4ab0-7c53-9d05-3490544d1ffe"", ""startedAt"": ""2025-11-03T06:22:47.025Z"", ""questionStates"": [{""id"": 1, ""status"": ""unanswered""}, {""id"": 2, ""answer"": ""たいへいよう"", ""status"": ""correct""}, {""id"": 3, ""status"": ""unanswered""}, {""id"": 4, ""status"": ""unanswered""}, {""id"": 5, ""status"": ""unanswered""}, {""id"": 6, ""status"": ""unanswered""}, {""id"": 7, ""status"": ""unanswered""}, {""id"": 8, ""status"": ""unanswered""}, {""id"": 9, ""status"": ""unanswered""}, {""id"": 10, ""status"": ""unanswered""}, {""id"": 11, ""status"": ""unanswered""}, {""id"": 12, ""status"": ""unanswered""}, {""id"": 13, ""status"": ""unanswered""}, {""id"": 14, ""status"": ""unanswered""}, {""id"": 15, ""answer"": ""ちしき"", ""status"": ""correct""}, {""id"": 16, ""status"": ""unanswered""}, {""id"": 17, ""status"": ""unanswered""}, {""id"": 18, ""status"": ""unanswered""}, {""id"": 19, ""status"": ""unanswered""}, {""id"": 20, ""status"": ""unanswered""}, {""id"": 21, ""answer"": ""こい"", ""status"": ""correct""}, {""id"": 22, ""answer"": ""げん"", ""status"": ""incorrect""}, {""id"": 23, ""status"": ""unanswered""}, {""id"": 24, ""status"": ""unanswered""}, {""id"": 25, ""status"": ""unanswered""}], ""totalQuestions"": 25}"
019a486b-7054-7dee-8ebd-961a7e6584c6,019a4860-9b2c-73ef-8990-eb922c4f46b3,8,2025-11-03 06:33:12.024639+00,2025-11-03 06:33:12.024639+00,"{""groupId"": ""019a4860-9b2c-73ef-8990-eb922c4f46b3"", ""startedAt"": ""2025-11-03T06:22:45.819Z"", ""questionStates"": [{""id"": 1, ""status"": ""unanswered""}, {""id"": 2, ""status"": ""unanswered""}, {""id"": 3, ""answer"": ""あんかけご飯"", ""status"": ""incorrect""}, {""id"": 4, ""answer"": ""ふぁみれす"", ""status"": ""correct""}, {""id"": 5, ""answer"": ""internet"", ""status"": ""correct""}, {""id"": 6, ""status"": ""unanswered""}, {""id"": 7, ""answer"": ""はんだい"", ""status"": ""correct""}, {""id"": 8, ""status"": ""unanswered""}, {""id"": 9, ""status"": ""unanswered""}, {""id"": 10, ""status"": ""unanswered""}, {""id"": 11, ""status"": ""unanswered""}, {""id"": 12, ""status"": ""unanswered""}, {""id"": 13, ""status"": ""unanswered""}, {""id"": 14, ""status"": ""unanswered""}, {""id"": 15, ""status"": ""unanswered""}, {""id"": 16, ""status"": ""unanswered""}, {""id"": 17, ""status"": ""unanswered""}, {""id"": 18, ""status"": ""unanswered""}, {""id"": 19, ""status"": ""unanswered""}, {""id"": 20, ""answer"": ""えんすい"", ""status"": ""correct""}, {""id"": 21, ""answer"": ""鯉"", ""status"": ""correct""}, {""id"": 22, ""status"": ""unanswered""}, {""id"": 23, ""status"": ""unanswered""}, {""id"": 24, ""answer"": ""けんしん"", ""status"": ""incorrect""}, {""id"": 25, ""status"": ""unanswered""}], ""totalQuestions"": 25}"
019a486b-95e2-7053-93c8-7dc0bae260e2,019a4861-2b2e-76f6-9eea-d87e0e962b60,6,2025-11-03 06:33:21.637569+00,2025-11-03 06:33:21.637569+00,"{""groupId"": ""019a4861-2b2e-76f6-9eea-d87e0e962b60"", ""startedAt"": ""2025-11-03T06:22:46.536Z"", ""questionStates"": [{""id"": 1, ""status"": ""unanswered""}, {""id"": 2, ""answer"": ""たいへいよう"", ""status"": ""correct""}, {""id"": 3, ""status"": ""unanswered""}, {""id"": 4, ""answer"": ""ファミレス"", ""status"": ""correct""}, {""id"": 5, ""status"": ""unanswered""}, {""id"": 6, ""status"": ""unanswered""}, {""id"": 7, ""answer"": ""はんだい"", ""status"": ""correct""}, {""id"": 8, ""answer"": ""SCIENCE"", ""status"": ""correct""}, {""id"": 9, ""status"": ""unanswered""}, {""id"": 10, ""status"": ""unanswered""}, {""id"": 11, ""answer"": ""B"", ""status"": ""incorrect""}, {""id"": 12, ""status"": ""unanswered""}, {""id"": 13, ""answer"": ""三五九四"", ""status"": ""incorrect""}, {""id"": 14, ""status"": ""unanswered""}, {""id"": 15, ""status"": ""unanswered""}, {""id"": 16, ""status"": ""unanswered""}, {""id"": 17, ""status"": ""unanswered""}, {""id"": 18, ""status"": ""unanswered""}, {""id"": 19, ""status"": ""unanswered""}, {""id"": 20, ""status"": ""unanswered""}, {""id"": 21, ""status"": ""unanswered""}, {""id"": 22, ""status"": ""unanswered""}, {""id"": 23, ""status"": ""unanswered""}, {""id"": 24, ""status"": ""unanswered""}, {""id"": 25, ""status"": ""unanswered""}], ""totalQuestions"": 25}"
019a486b-9d3d-7b31-9bea-1e90cec06304,019a4862-1c43-744e-98e1-7ca8c76db174,1,2025-11-03 06:33:23.521483+00,2025-11-03 06:33:23.521483+00,"{""groupId"": ""019a4862-1c43-744e-98e1-7ca8c76db174"", ""startedAt"": ""2025-11-03T06:23:09.000Z"", ""questionStates"": [{""id"": 1, ""status"": ""unanswered""}, {""id"": 2, ""status"": ""unanswered""}, {""id"": 3, ""status"": ""unanswered""}, {""id"": 4, ""status"": ""unanswered""}, {""id"": 5, ""answer"": ""Internet"", ""status"": ""correct""}, {""id"": 6, ""status"": ""unanswered""}, {""id"": 7, ""status"": ""unanswered""}, {""id"": 8, ""status"": ""unanswered""}, {""id"": 9, ""status"": ""unanswered""}, {""id"": 10, ""status"": ""unanswered""}, {""id"": 11, ""status"": ""unanswered""}, {""id"": 12, ""status"": ""unanswered""}, {""id"": 13, ""status"": ""unanswered""}, {""id"": 14, ""status"": ""unanswered""}, {""id"": 15, ""status"": ""unanswered""}, {""id"": 16, ""status"": ""unanswered""}, {""id"": 17, ""status"": ""unanswered""}, {""id"": 18, ""status"": ""unanswered""}, {""id"": 19, ""status"": ""unanswered""}, {""id"": 20, ""status"": ""unanswered""}, {""id"": 21, ""status"": ""unanswered""}, {""id"": 22, ""status"": ""unanswered""}, {""id"": 23, ""status"": ""unanswered""}, {""id"": 24, ""status"": ""unanswered""}, {""id"": 25, ""status"": ""unanswered""}], ""totalQuestions"": 25}"
019a487e-6a3e-70dc-9348-6577be898456,019a4875-26c0-7326-9fd5-e845d93295b2,7,2025-11-03 06:53:55.649751+00,2025-11-03 06:53:55.649751+00,"{""groupId"": ""019a4875-26c0-7326-9fd5-e845d93295b2"", ""startedAt"": ""2025-11-03T06:43:52.734Z"", ""questionStates"": [{""id"": 1, ""status"": ""unanswered""}, {""id"": 2, ""status"": ""unanswered""}, {""id"": 3, ""status"": ""unanswered""}, {""id"": 4, ""status"": ""unanswered""}, {""id"": 5, ""status"": ""unanswered""}, {""id"": 6, ""status"": ""unanswered""}, {""id"": 7, ""status"": ""unanswered""}, {""id"": 8, ""status"": ""unanswered""}, {""id"": 9, ""status"": ""unanswered""}, {""id"": 10, ""status"": ""unanswered""}, {""id"": 11, ""status"": ""unanswered""}, {""id"": 12, ""answer"": ""HANDAISEI"", ""status"": ""correct""}, {""id"": 13, ""status"": ""unanswered""}, {""id"": 14, ""status"": ""unanswered""}, {""id"": 15, ""answer"": ""ちしき"", ""status"": ""correct""}, {""id"": 16, ""status"": ""unanswered""}, {""id"": 17, ""status"": ""unanswered""}, {""id"": 18, ""status"": ""unanswered""}, {""id"": 19, ""status"": ""unanswered""}, {""id"": 20, ""answer"": ""えんすい"", ""status"": ""correct""}, {""id"": 21, ""status"": ""unanswered""}, {""id"": 22, ""status"": ""unanswered""}, {""id"": 23, ""answer"": ""4"", ""status"": ""correct""}, {""id"": 24, ""answer"": ""いんしん"", ""status"": ""correct""}, {""id"": 25, ""status"": ""unanswered""}], ""totalQuestions"": 25}"
019a487e-ba15-74b0-bcb9-a1d9f1851640,019a4873-5c5a-768f-a7ac-f2fdb28ac938,22,2025-11-03 06:54:16.089184+00,2025-11-03 06:54:16.089184+00,"{""groupId"": ""019a4873-5c5a-768f-a7ac-f2fdb28ac938"", ""startedAt"": ""2025-11-03T06:44:15.924Z"", ""questionStates"": [{""id"": 1, ""answer"": ""単位"", ""status"": ""correct""}, {""id"": 2, ""answer"": ""太平洋"", ""status"": ""correct""}, {""id"": 3, ""status"": ""unanswered""}, {""id"": 4, ""answer"": ""ふぁみれす"", ""status"": ""correct""}, {""id"": 5, ""answer"": ""internet"", ""status"": ""correct""}, {""id"": 6, ""status"": ""unanswered""}, {""id"": 7, ""status"": ""unanswered""}, {""id"": 8, ""answer"": ""SCIENCE"", ""status"": ""correct""}, {""id"": 9, ""status"": ""unanswered""}, {""id"": 10, ""status"": ""unanswered""}, {""id"": 11, ""status"": ""unanswered""}, {""id"": 12, ""status"": ""unanswered""}, {""id"": 13, ""answer"": ""三国志"", ""status"": ""correct""}, {""id"": 14, ""answer"": ""現在進行形"", ""status"": ""correct""}, {""id"": 15, ""status"": ""unanswered""}, {""id"": 16, ""status"": ""unanswered""}, {""id"": 17, ""answer"": ""ちえ"", ""status"": ""correct""}, {""id"": 18, ""answer"": ""バード"", ""status"": ""correct""}, {""id"": 19, ""answer"": ""クリスマス"", ""status"": ""correct""}, {""id"": 20, ""answer"": ""円錐"", ""status"": ""correct""}, {""id"": 21, ""answer"": ""氷"", ""status"": ""incorrect""}, {""id"": 22, ""answer"": ""中国"", ""status"": ""correct""}, {""id"": 23, ""answer"": ""4"", ""status"": ""correct""}, {""id"": 24, ""status"": ""unanswered""}, {""id"": 25, ""status"": ""unanswered""}], ""totalQuestions"": 25}"
019a487e-ccd6-75ec-b65c-65138ab4f8cc,019a4870-3810-7455-afb4-d29be7cfe773,5,2025-11-03 06:54:20.890136+00,2025-11-03 06:54:20.890136+00,"{""groupId"": ""019a4870-3810-7455-afb4-d29be7cfe773"", ""startedAt"": ""2025-11-03T06:44:16.932Z"", ""questionStates"": [{""id"": 1, ""status"": ""unanswered""}, {""id"": 2, ""status"": ""unanswered""}, {""id"": 3, ""status"": ""unanswered""}, {""id"": 4, ""status"": ""unanswered""}, {""id"": 5, ""status"": ""unanswered""}, {""id"": 6, ""status"": ""unanswered""}, {""id"": 7, ""answer"": ""はんだい"", ""status"": ""correct""}, {""id"": 8, ""status"": ""unanswered""}, {""id"": 9, ""status"": ""unanswered""}, {""id"": 10, ""status"": ""unanswered""}, {""id"": 11, ""status"": ""unanswered""}, {""id"": 12, ""status"": ""unanswered""}, {""id"": 13, ""answer"": ""三国志"", ""status"": ""correct""}, {""id"": 14, ""answer"": ""現在進行形"", ""status"": ""correct""}, {""id"": 15, ""status"": ""unanswered""}, {""id"": 16, ""status"": ""unanswered""}, {""id"": 17, ""status"": ""unanswered""}, {""id"": 18, ""status"": ""unanswered""}, {""id"": 19, ""status"": ""unanswered""}, {""id"": 20, ""status"": ""unanswered""}, {""id"": 21, ""answer"": ""鯉"", ""status"": ""correct""}, {""id"": 22, ""status"": ""unanswered""}, {""id"": 23, ""status"": ""unanswered""}, {""id"": 24, ""status"": ""unanswered""}, {""id"": 25, ""status"": ""unanswered""}], ""totalQuestions"": 25}"
019a487e-d1cc-721a-bddb-429c9bf3cda4,019a4870-88ca-7d2f-a351-611eef2bcca7,0,2025-11-03 06:54:22.159821+00,2025-11-03 06:54:22.159821+00,"{""groupId"": ""019a4870-88ca-7d2f-a351-611eef2bcca7"", ""startedAt"": ""2025-11-03T06:44:17.107Z"", ""questionStates"": [{""id"": 1, ""status"": ""unanswered""}, {""id"": 2, ""status"": ""unanswered""}, {""id"": 3, ""status"": ""unanswered""}, {""id"": 4, ""status"": ""unanswered""}, {""id"": 5, ""status"": ""unanswered""}, {""id"": 6, ""status"": ""unanswered""}, {""id"": 7, ""status"": ""unanswered""}, {""id"": 8, ""status"": ""unanswered""}, {""id"": 9, ""status"": ""unanswered""}, {""id"": 10, ""status"": ""unanswered""}, {""id"": 11, ""status"": ""unanswered""}, {""id"": 12, ""status"": ""unanswered""}, {""id"": 13, ""status"": ""unanswered""}, {""id"": 14, ""status"": ""unanswered""}, {""id"": 15, ""status"": ""unanswered""}, {""id"": 16, ""status"": ""unanswered""}, {""id"": 17, ""status"": ""unanswered""}, {""id"": 18, ""status"": ""unanswered""}, {""id"": 19, ""status"": ""unanswered""}, {""id"": 20, ""status"": ""unanswered""}, {""id"": 21, ""status"": ""unanswered""}, {""id"": 22, ""status"": ""unanswered""}, {""id"": 23, ""status"": ""unanswered""}, {""id"": 24, ""status"": ""unanswered""}, {""id"": 25, ""status"": ""unanswered""}], ""totalQuestions"": 25}"
019a487e-d97d-7d01-9813-3241df10f2ed,019a4872-ce35-7e90-9c3b-f499023b0f22,14,2025-11-03 06:54:24.129718+00,2025-11-03 06:54:24.129718+00,"{""groupId"": ""019a4872-ce35-7e90-9c3b-f499023b0f22"", ""startedAt"": ""2025-11-03T06:44:19.704Z"", ""questionStates"": [{""id"": 1, ""answer"": ""単位"", ""status"": ""correct""}, {""id"": 2, ""status"": ""unanswered""}, {""id"": 3, ""status"": ""unanswered""}, {""id"": 4, ""answer"": ""ふぁみれす"", ""status"": ""correct""}, {""id"": 5, ""answer"": ""internet"", ""status"": ""correct""}, {""id"": 6, ""status"": ""unanswered""}, {""id"": 7, ""answer"": ""はんだい"", ""status"": ""correct""}, {""id"": 8, ""answer"": ""science"", ""status"": ""correct""}, {""id"": 9, ""status"": ""unanswered""}, {""id"": 10, ""status"": ""unanswered""}, {""id"": 11, ""status"": ""unanswered""}, {""id"": 12, ""status"": ""unanswered""}, {""id"": 13, ""answer"": ""三国志"", ""status"": ""correct""}, {""id"": 14, ""answer"": ""現在進行形"", ""status"": ""correct""}, {""id"": 15, ""status"": ""unanswered""}, {""id"": 16, ""status"": ""unanswered""}, {""id"": 17, ""status"": ""unanswered""}, {""id"": 18, ""answer"": ""バード"", ""status"": ""correct""}, {""id"": 19, ""status"": ""unanswered""}, {""id"": 20, ""status"": ""unanswered""}, {""id"": 21, ""answer"": ""鯉"", ""status"": ""correct""}, {""id"": 22, ""status"": ""unanswered""}, {""id"": 23, ""status"": ""unanswered""}, {""id"": 24, ""status"": ""unanswered""}, {""id"": 25, ""status"": ""unanswered""}], ""totalQuestions"": 25}"
019a487e-f937-7ddb-bafc-430e9b375bec,019a4870-0efc-7ba8-b0d6-7c310d7040b3,12,2025-11-03 06:54:32.251761+00,2025-11-03 06:54:32.251761+00,"{""groupId"": ""019a4870-0efc-7ba8-b0d6-7c310d7040b3"", ""startedAt"": ""2025-11-03T06:44:15.689Z"", ""questionStates"": [{""id"": 1, ""status"": ""unanswered""}, {""id"": 2, ""answer"": ""たいへいよう"", ""status"": ""correct""}, {""id"": 3, ""status"": ""unanswered""}, {""id"": 4, ""status"": ""unanswered""}, {""id"": 5, ""status"": ""unanswered""}, {""id"": 6, ""answer"": ""波"", ""status"": ""correct""}, {""id"": 7, ""status"": ""unanswered""}, {""id"": 8, ""answer"": ""SCIENCE"", ""status"": ""correct""}, {""id"": 9, ""status"": ""unanswered""}, {""id"": 10, ""status"": ""unanswered""}, {""id"": 11, ""answer"": ""B"", ""status"": ""incorrect""}, {""id"": 12, ""status"": ""unanswered""}, {""id"": 13, ""answer"": ""三国志"", ""status"": ""correct""}, {""id"": 14, ""status"": ""unanswered""}, {""id"": 15, ""answer"": ""ちしき"", ""status"": ""correct""}, {""id"": 16, ""status"": ""unanswered""}, {""id"": 17, ""status"": ""unanswered""}, {""id"": 18, ""status"": ""unanswered""}, {""id"": 19, ""status"": ""unanswered""}, {""id"": 20, ""answer"": ""えんすい"", ""status"": ""correct""}, {""id"": 21, ""status"": ""unanswered""}, {""id"": 22, ""answer"": ""中国"", ""status"": ""correct""}, {""id"": 23, ""answer"": ""4"", ""status"": ""correct""}, {""id"": 24, ""answer"": ""はんしん"", ""status"": ""incorrect""}, {""id"": 25, ""status"": ""unanswered""}], ""totalQuestions"": 25}"
019a487f-44f6-750f-b2c7-8a0437e25af2,019a4870-173c-721c-a545-ee746da1e281,7,2025-11-03 06:54:51.642116+00,2025-11-03 06:54:51.642116+00,"{""groupId"": ""019a4870-173c-721c-a545-ee746da1e281"", ""startedAt"": ""2025-11-03T06:44:15.571Z"", ""questionStates"": [{""id"": 1, ""status"": ""unanswered""}, {""id"": 2, ""answer"": ""たいへいよう"", ""status"": ""correct""}, {""id"": 3, ""status"": ""unanswered""}, {""id"": 4, ""status"": ""unanswered""}, {""id"": 5, ""answer"": ""internet"", ""status"": ""correct""}, {""id"": 6, ""status"": ""unanswered""}, {""id"": 7, ""status"": ""unanswered""}, {""id"": 8, ""status"": ""unanswered""}, {""id"": 9, ""status"": ""unanswered""}, {""id"": 10, ""status"": ""unanswered""}, {""id"": 11, ""answer"": ""B"", ""status"": ""incorrect""}, {""id"": 12, ""status"": ""unanswered""}, {""id"": 13, ""status"": ""unanswered""}, {""id"": 14, ""status"": ""unanswered""}, {""id"": 15, ""answer"": ""ちしき"", ""status"": ""correct""}, {""id"": 16, ""status"": ""unanswered""}, {""id"": 17, ""status"": ""unanswered""}, {""id"": 18, ""answer"": ""バード"", ""status"": ""correct""}, {""id"": 19, ""status"": ""unanswered""}, {""id"": 20, ""status"": ""unanswered""}, {""id"": 21, ""status"": ""unanswered""}, {""id"": 22, ""answer"": ""中国"", ""status"": ""correct""}, {""id"": 23, ""answer"": ""4"", ""status"": ""correct""}, {""id"": 24, ""status"": ""unanswered""}, {""id"": 25, ""status"": ""unanswered""}], ""totalQuestions"": 25}"
019a487f-9407-78c2-9ca2-9c06c654206b,019a4876-446c-756a-b4e5-c7d7c8210a5c,6,2025-11-03 06:55:11.8834+00,2025-11-03 06:55:11.8834+00,"{""groupId"": ""019a4876-446c-756a-b4e5-c7d7c8210a5c"", ""startedAt"": ""2025-11-03T06:45:10.529Z"", ""questionStates"": [{""id"": 1, ""status"": ""unanswered""}, {""id"": 2, ""answer"": ""たいへいよう"", ""status"": ""correct""}, {""id"": 3, ""status"": ""unanswered""}, {""id"": 4, ""status"": ""unanswered""}, {""id"": 5, ""status"": ""unanswered""}, {""id"": 6, ""status"": ""unanswered""}, {""id"": 7, ""answer"": ""はんだい"", ""status"": ""correct""}, {""id"": 8, ""answer"": ""science"", ""status"": ""correct""}, {""id"": 9, ""status"": ""unanswered""}, {""id"": 10, ""status"": ""unanswered""}, {""id"": 11, ""answer"": ""B"", ""status"": ""incorrect""}, {""id"": 12, ""answer"": ""handaisei"", ""status"": ""incorrect""}, {""id"": 13, ""answer"": ""三国志"", ""status"": ""correct""}, {""id"": 14, ""status"": ""unanswered""}, {""id"": 15, ""answer"": ""ちしき"", ""status"": ""correct""}, {""id"": 16, ""status"": ""unanswered""}, {""id"": 17, ""status"": ""unanswered""}, {""id"": 18, ""status"": ""unanswered""}, {""id"": 19, ""status"": ""unanswered""}, {""id"": 20, ""status"": ""unanswered""}, {""id"": 21, ""status"": ""unanswered""}, {""id"": 22, ""status"": ""unanswered""}, {""id"": 23, ""status"": ""unanswered""}, {""id"": 24, ""status"": ""unanswered""}, {""id"": 25, ""status"": ""unanswered""}], ""totalQuestions"": 25}"
019a4892-57fc-704c-a9f5-b0b8bce9a0fa,019a4888-3baa-7488-b0c7-5eeb9811df74,11,2025-11-03 07:15:41.710198+00,2025-11-03 07:15:41.710198+00,"{""groupId"": ""019a4888-3baa-7488-b0c7-5eeb9811df74"", ""startedAt"": ""2025-11-03T07:05:36.188Z"", ""questionStates"": [{""id"": 1, ""answer"": ""たんい"", ""status"": ""correct""}, {""id"": 2, ""status"": ""unanswered""}, {""id"": 3, ""status"": ""unanswered""}, {""id"": 4, ""answer"": ""ファミレス"", ""status"": ""correct""}, {""id"": 5, ""status"": ""unanswered""}, {""id"": 6, ""status"": ""unanswered""}, {""id"": 7, ""answer"": ""阪大"", ""status"": ""incorrect""}, {""id"": 8, ""status"": ""unanswered""}, {""id"": 9, ""status"": ""unanswered""}, {""id"": 10, ""status"": ""unanswered""}, {""id"": 11, ""status"": ""unanswered""}, {""id"": 12, ""status"": ""unanswered""}, {""id"": 13, ""status"": ""unanswered""}, {""id"": 14, ""answer"": ""げんざいしんこうけい"", ""status"": ""correct""}, {""id"": 15, ""status"": ""unanswered""}, {""id"": 16, ""status"": ""unanswered""}, {""id"": 17, ""answer"": ""知恵"", ""status"": ""correct""}, {""id"": 18, ""status"": ""unanswered""}, {""id"": 19, ""answer"": ""クリスマス"", ""status"": ""correct""}, {""id"": 20, ""status"": ""unanswered""}, {""id"": 21, ""status"": ""unanswered""}, {""id"": 22, ""status"": ""unanswered""}, {""id"": 23, ""status"": ""unanswered""}, {""id"": 24, ""status"": ""unanswered""}, {""id"": 25, ""status"": ""unanswered""}], ""totalQuestions"": 25}"
019a4892-59ec-72e1-99da-1424603573b4,019a4888-a9d4-7c37-b362-b883fd1d3c0e,11,2025-11-03 07:15:42.192017+00,2025-11-03 07:15:42.192017+00,"{""groupId"": ""019a4888-a9d4-7c37-b362-b883fd1d3c0e"", ""startedAt"": ""2025-11-03T07:05:35.797Z"", ""questionStates"": [{""id"": 1, ""status"": ""unanswered""}, {""id"": 2, ""answer"": ""たいへいよう"", ""status"": ""correct""}, {""id"": 3, ""status"": ""unanswered""}, {""id"": 4, ""answer"": ""ふぁみれす"", ""status"": ""correct""}, {""id"": 5, ""status"": ""unanswered""}, {""id"": 6, ""status"": ""unanswered""}, {""id"": 7, ""answer"": ""はんだい"", ""status"": ""correct""}, {""id"": 8, ""status"": ""unanswered""}, {""id"": 9, ""status"": ""unanswered""}, {""id"": 10, ""answer"": ""おかねもち"", ""status"": ""incorrect""}, {""id"": 11, ""answer"": ""B"", ""status"": ""incorrect""}, {""id"": 12, ""answer"": ""阪大生"", ""status"": ""correct""}, {""id"": 13, ""status"": ""unanswered""}, {""id"": 14, ""status"": ""unanswered""}, {""id"": 15, ""status"": ""unanswered""}, {""id"": 16, ""status"": ""unanswered""}, {""id"": 17, ""answer"": ""ちえ"", ""status"": ""correct""}, {""id"": 18, ""status"": ""unanswered""}, {""id"": 19, ""status"": ""unanswered""}, {""id"": 20, ""answer"": ""えんすい"", ""status"": ""correct""}, {""id"": 21, ""answer"": ""こい"", ""status"": ""correct""}, {""id"": 22, ""status"": ""unanswered""}, {""id"": 23, ""status"": ""unanswered""}, {""id"": 24, ""status"": ""unanswered""}, {""id"": 25, ""status"": ""unanswered""}], ""totalQuestions"": 25}"
019a4892-62d8-7de9-a38b-c62f4655a7f0,019a4885-d10a-73a9-b280-4efb6edde922,4,2025-11-03 07:15:44.476627+00,2025-11-03 07:15:44.476627+00,"{""groupId"": ""019a4885-d10a-73a9-b280-4efb6edde922"", ""startedAt"": ""2025-11-03T07:05:36.775Z"", ""questionStates"": [{""id"": 1, ""status"": ""unanswered""}, {""id"": 2, ""status"": ""unanswered""}, {""id"": 3, ""status"": ""unanswered""}, {""id"": 4, ""status"": ""unanswered""}, {""id"": 5, ""status"": ""unanswered""}, {""id"": 6, ""status"": ""unanswered""}, {""id"": 7, ""answer"": ""はんだい"", ""status"": ""correct""}, {""id"": 8, ""status"": ""unanswered""}, {""id"": 9, ""status"": ""unanswered""}, {""id"": 10, ""status"": ""unanswered""}, {""id"": 11, ""status"": ""unanswered""}, {""id"": 12, ""status"": ""unanswered""}, {""id"": 13, ""answer"": ""さんごくし"", ""status"": ""correct""}, {""id"": 14, ""status"": ""unanswered""}, {""id"": 15, ""answer"": ""ちしき"", ""status"": ""correct""}, {""id"": 16, ""status"": ""unanswered""}, {""id"": 17, ""status"": ""unanswered""}, {""id"": 18, ""status"": ""unanswered""}, {""id"": 19, ""status"": ""unanswered""}, {""id"": 20, ""status"": ""unanswered""}, {""id"": 21, ""answer"": ""こおり"", ""status"": ""incorrect""}, {""id"": 22, ""answer"": ""中華人民共和国"", ""status"": ""incorrect""}, {""id"": 23, ""status"": ""unanswered""}, {""id"": 24, ""status"": ""unanswered""}, {""id"": 25, ""status"": ""unanswered""}], ""totalQuestions"": 25}"
019a4892-67a8-7940-baee-cd55e7e15576,019a4885-6d77-702b-bce8-7a534cb370bb,2,2025-11-03 07:15:45.708406+00,2025-11-03 07:15:45.708406+00,"{""groupId"": ""019a4885-6d77-702b-bce8-7a534cb370bb"", ""startedAt"": ""2025-11-03T07:05:35.952Z"", ""questionStates"": [{""id"": 1, ""status"": ""unanswered""}, {""id"": 2, ""status"": ""unanswered""}, {""id"": 3, ""status"": ""unanswered""}, {""id"": 4, ""status"": ""unanswered""}, {""id"": 5, ""status"": ""unanswered""}, {""id"": 6, ""status"": ""unanswered""}, {""id"": 7, ""status"": ""unanswered""}, {""id"": 8, ""status"": ""unanswered""}, {""id"": 9, ""status"": ""unanswered""}, {""id"": 10, ""status"": ""unanswered""}, {""id"": 11, ""status"": ""unanswered""}, {""id"": 12, ""answer"": ""HANDAISEI 阪大生"", ""status"": ""incorrect""}, {""id"": 13, ""status"": ""unanswered""}, {""id"": 14, ""answer"": ""現在進行形"", ""status"": ""correct""}, {""id"": 15, ""answer"": ""ちしき 知識"", ""status"": ""incorrect""}, {""id"": 16, ""status"": ""unanswered""}, {""id"": 17, ""status"": ""unanswered""}, {""id"": 18, ""status"": ""unanswered""}, {""id"": 19, ""status"": ""unanswered""}, {""id"": 20, ""status"": ""unanswered""}, {""id"": 21, ""answer"": ""鯉"", ""status"": ""correct""}, {""id"": 22, ""status"": ""unanswered""}, {""id"": 23, ""status"": ""unanswered""}, {""id"": 24, ""status"": ""unanswered""}, {""id"": 25, ""status"": ""unanswered""}], ""totalQuestions"": 25}"
019a4892-939a-79ce-b16a-ba38683b954e,019a4888-6739-76c1-9024-d4f11b7e1ed1,3,2025-11-03 07:15:56.95825+00,2025-11-03 07:15:56.95825+00,"{""groupId"": ""019a4888-6739-76c1-9024-d4f11b7e1ed1"", ""startedAt"": ""2025-11-03T07:05:48.357Z"", ""questionStates"": [{""id"": 1, ""status"": ""unanswered""}, {""id"": 2, ""status"": ""unanswered""}, {""id"": 3, ""status"": ""unanswered""}, {""id"": 4, ""status"": ""unanswered""}, {""id"": 5, ""answer"": ""Internet"", ""status"": ""correct""}, {""id"": 6, ""status"": ""unanswered""}, {""id"": 7, ""status"": ""unanswered""}, {""id"": 8, ""status"": ""unanswered""}, {""id"": 9, ""answer"": ""バード"", ""status"": ""incorrect""}, {""id"": 10, ""status"": ""unanswered""}, {""id"": 11, ""status"": ""unanswered""}, {""id"": 12, ""status"": ""unanswered""}, {""id"": 13, ""status"": ""unanswered""}, {""id"": 14, ""answer"": ""現在進行形"", ""status"": ""correct""}, {""id"": 15, ""status"": ""unanswered""}, {""id"": 16, ""status"": ""unanswered""}, {""id"": 17, ""status"": ""unanswered""}, {""id"": 18, ""status"": ""unanswered""}, {""id"": 19, ""status"": ""unanswered""}, {""id"": 20, ""status"": ""unanswered""}, {""id"": 21, ""answer"": ""鯉"", ""status"": ""correct""}, {""id"": 22, ""status"": ""unanswered""}, {""id"": 23, ""status"": ""unanswered""}, {""id"": 24, ""status"": ""unanswered""}, {""id"": 25, ""status"": ""unanswered""}], ""totalQuestions"": 25}"
019a48a8-d8eb-7388-9c43-426e6a6f465c,019a489c-5859-7de4-be7e-bcee10f2c2d0,10,2025-11-03 07:40:16.495206+00,2025-11-03 07:40:16.495206+00,"{""groupId"": ""019a489c-5859-7de4-be7e-bcee10f2c2d0"", ""startedAt"": ""2025-11-03T07:30:13.855Z"", ""questionStates"": [{""id"": 1, ""status"": ""unanswered""}, {""id"": 2, ""status"": ""unanswered""}, {""id"": 3, ""status"": ""unanswered""}, {""id"": 4, ""answer"": ""ファミレス"", ""status"": ""correct""}, {""id"": 5, ""status"": ""unanswered""}, {""id"": 6, ""status"": ""unanswered""}, {""id"": 7, ""answer"": ""はんだい"", ""status"": ""correct""}, {""id"": 8, ""answer"": ""science"", ""status"": ""correct""}, {""id"": 9, ""status"": ""unanswered""}, {""id"": 10, ""status"": ""unanswered""}, {""id"": 11, ""status"": ""unanswered""}, {""id"": 12, ""status"": ""unanswered""}, {""id"": 13, ""answer"": ""三国志"", ""status"": ""correct""}, {""id"": 14, ""status"": ""unanswered""}, {""id"": 15, ""status"": ""unanswered""}, {""id"": 16, ""status"": ""unanswered""}, {""id"": 17, ""status"": ""unanswered""}, {""id"": 18, ""status"": ""unanswered""}, {""id"": 19, ""answer"": ""クリスマス"", ""status"": ""correct""}, {""id"": 20, ""status"": ""unanswered""}, {""id"": 21, ""status"": ""unanswered""}, {""id"": 22, ""status"": ""unanswered""}, {""id"": 23, ""answer"": ""4"", ""status"": ""correct""}, {""id"": 24, ""status"": ""unanswered""}, {""id"": 25, ""status"": ""unanswered""}], ""totalQuestions"": 25}"
019a48a8-d97c-787d-95c2-d0d04766bbd0,019a489c-5e99-795b-8c25-a3306556584d,11,2025-11-03 07:40:16.640658+00,2025-11-03 07:40:16.640658+00,"{""groupId"": ""019a489c-5e99-795b-8c25-a3306556584d"", ""startedAt"": ""2025-11-03T07:30:13.416Z"", ""questionStates"": [{""id"": 1, ""answer"": ""単位"", ""status"": ""correct""}, {""id"": 2, ""answer"": ""たいへいよう"", ""status"": ""correct""}, {""id"": 3, ""status"": ""unanswered""}, {""id"": 4, ""status"": ""unanswered""}, {""id"": 5, ""answer"": ""internet"", ""status"": ""correct""}, {""id"": 6, ""status"": ""unanswered""}, {""id"": 7, ""status"": ""unanswered""}, {""id"": 8, ""status"": ""unanswered""}, {""id"": 9, ""status"": ""unanswered""}, {""id"": 10, ""status"": ""unanswered""}, {""id"": 11, ""answer"": ""B"", ""status"": ""incorrect""}, {""id"": 12, ""answer"": ""handaisei"", ""status"": ""incorrect""}, {""id"": 13, ""status"": ""unanswered""}, {""id"": 14, ""answer"": ""現在進行形"", ""status"": ""correct""}, {""id"": 15, ""status"": ""unanswered""}, {""id"": 16, ""status"": ""unanswered""}, {""id"": 17, ""status"": ""unanswered""}, {""id"": 18, ""answer"": ""バード"", ""status"": ""correct""}, {""id"": 19, ""answer"": ""クリスマス"", ""status"": ""correct""}, {""id"": 20, ""status"": ""unanswered""}, {""id"": 21, ""status"": ""unanswered""}, {""id"": 22, ""answer"": ""中国"", ""status"": ""correct""}, {""id"": 23, ""status"": ""unanswered""}, {""id"": 24, ""status"": ""unanswered""}, {""id"": 25, ""status"": ""unanswered""}], ""totalQuestions"": 25}"
019a48a8-dbf5-770f-a0f1-2a5603f1f749,019a489f-96a4-76e6-babb-932b4fb52306,7,2025-11-03 07:40:17.273087+00,2025-11-03 07:40:17.273087+00,"{""groupId"": ""019a489f-96a4-76e6-babb-932b4fb52306"", ""startedAt"": ""2025-11-03T07:30:13.756Z"", ""questionStates"": [{""id"": 1, ""status"": ""unanswered""}, {""id"": 2, ""status"": ""unanswered""}, {""id"": 3, ""status"": ""unanswered""}, {""id"": 4, ""answer"": ""ファミレス"", ""status"": ""correct""}, {""id"": 5, ""answer"": ""INTERNET"", ""status"": ""incorrect""}, {""id"": 6, ""status"": ""unanswered""}, {""id"": 7, ""status"": ""unanswered""}, {""id"": 8, ""answer"": ""バード"", ""status"": ""incorrect""}, {""id"": 9, ""status"": ""unanswered""}, {""id"": 10, ""status"": ""unanswered""}, {""id"": 11, ""status"": ""unanswered""}, {""id"": 12, ""status"": ""unanswered""}, {""id"": 13, ""status"": ""unanswered""}, {""id"": 14, ""status"": ""unanswered""}, {""id"": 15, ""answer"": ""知識"", ""status"": ""correct""}, {""id"": 16, ""status"": ""unanswered""}, {""id"": 17, ""status"": ""unanswered""}, {""id"": 18, ""status"": ""unanswered""}, {""id"": 19, ""status"": ""unanswered""}, {""id"": 20, ""status"": ""unanswered""}, {""id"": 21, ""answer"": ""こい"", ""status"": ""correct""}, {""id"": 22, ""answer"": ""中国"", ""status"": ""correct""}, {""id"": 23, ""status"": ""unanswered""}, {""id"": 24, ""status"": ""unanswered""}, {""id"": 25, ""status"": ""unanswered""}], ""totalQuestions"": 25}"
019a48a8-ded1-754f-bdc0-b8753f477212,019a489f-6828-769e-a2ea-05d14692b7ee,9,2025-11-03 07:40:18.005425+00,2025-11-03 07:40:18.005425+00,"{""groupId"": ""019a489f-6828-769e-a2ea-05d14692b7ee"", ""startedAt"": ""2025-11-03T07:30:14.979Z"", ""questionStates"": [{""id"": 1, ""status"": ""unanswered""}, {""id"": 2, ""status"": ""unanswered""}, {""id"": 3, ""status"": ""unanswered""}, {""id"": 4, ""answer"": ""ふぁみれす"", ""status"": ""correct""}, {""id"": 5, ""status"": ""unanswered""}, {""id"": 6, ""status"": ""unanswered""}, {""id"": 7, ""answer"": ""はんだい"", ""status"": ""correct""}, {""id"": 8, ""answer"": ""science"", ""status"": ""correct""}, {""id"": 9, ""status"": ""unanswered""}, {""id"": 10, ""status"": ""unanswered""}, {""id"": 11, ""status"": ""unanswered""}, {""id"": 12, ""status"": ""unanswered""}, {""id"": 13, ""status"": ""unanswered""}, {""id"": 14, ""status"": ""unanswered""}, {""id"": 15, ""status"": ""unanswered""}, {""id"": 16, ""status"": ""unanswered""}, {""id"": 17, ""status"": ""unanswered""}, {""id"": 18, ""status"": ""unanswered""}, {""id"": 19, ""status"": ""unanswered""}, {""id"": 20, ""status"": ""unanswered""}, {""id"": 21, ""answer"": ""こい"", ""status"": ""correct""}, {""id"": 22, ""answer"": ""中国"", ""status"": ""correct""}, {""id"": 23, ""answer"": ""4"", ""status"": ""correct""}, {""id"": 24, ""status"": ""unanswered""}, {""id"": 25, ""status"": ""unanswered""}], ""totalQuestions"": 25}"
019a48a8-e11e-769e-ba03-d43baafe2851,019a489c-3048-74e8-ab75-9fd13870549c,4,2025-11-03 07:40:18.594257+00,2025-11-03 07:40:18.594257+00,"{""groupId"": ""019a489c-3048-74e8-ab75-9fd13870549c"", ""startedAt"": ""2025-11-03T07:30:17.336Z"", ""questionStates"": [{""id"": 1, ""status"": ""unanswered""}, {""id"": 2, ""answer"": ""たいへいよう"", ""status"": ""correct""}, {""id"": 3, ""status"": ""unanswered""}, {""id"": 4, ""status"": ""unanswered""}, {""id"": 5, ""answer"": ""inpern"", ""status"": ""incorrect""}, {""id"": 6, ""status"": ""unanswered""}, {""id"": 7, ""status"": ""unanswered""}, {""id"": 8, ""status"": ""unanswered""}, {""id"": 9, ""status"": ""unanswered""}, {""id"": 10, ""status"": ""unanswered""}, {""id"": 11, ""answer"": ""B"", ""status"": ""incorrect""}, {""id"": 12, ""answer"": ""HANDAISEI"", ""status"": ""correct""}, {""id"": 13, ""status"": ""unanswered""}, {""id"": 14, ""status"": ""unanswered""}, {""id"": 15, ""answer"": ""しきい"", ""status"": ""incorrect""}, {""id"": 16, ""status"": ""unanswered""}, {""id"": 17, ""status"": ""unanswered""}, {""id"": 18, ""status"": ""unanswered""}, {""id"": 19, ""status"": ""unanswered""}, {""id"": 20, ""status"": ""unanswered""}, {""id"": 21, ""status"": ""unanswered""}, {""id"": 22, ""answer"": ""中国"", ""status"": ""correct""}, {""id"": 23, ""answer"": ""４"", ""status"": ""incorrect""}, {""id"": 24, ""status"": ""unanswered""}, {""id"": 25, ""status"": ""unanswered""}], ""totalQuestions"": 25}"
019a48a8-e4b5-7421-a580-0e4609e2e655,019a489d-3f1a-76ac-9410-8b41f920ad5d,9,2025-11-03 07:40:19.512839+00,2025-11-03 07:40:19.512839+00,"{""groupId"": ""019a489d-3f1a-76ac-9410-8b41f920ad5d"", ""startedAt"": ""2025-11-03T07:30:17.930Z"", ""questionStates"": [{""id"": 1, ""status"": ""unanswered""}, {""id"": 2, ""answer"": ""太平洋"", ""status"": ""correct""}, {""id"": 3, ""status"": ""unanswered""}, {""id"": 4, ""answer"": ""ファミレス"", ""status"": ""correct""}, {""id"": 5, ""status"": ""unanswered""}, {""id"": 6, ""status"": ""unanswered""}, {""id"": 7, ""answer"": ""阪大"", ""status"": ""incorrect""}, {""id"": 8, ""status"": ""unanswered""}, {""id"": 9, ""status"": ""unanswered""}, {""id"": 10, ""answer"": ""まちかね"", ""status"": ""correct""}, {""id"": 11, ""answer"": ""Ｂ"", ""status"": ""incorrect""}, {""id"": 12, ""answer"": ""阪大生"", ""status"": ""correct""}, {""id"": 13, ""status"": ""unanswered""}, {""id"": 14, ""status"": ""unanswered""}, {""id"": 15, ""answer"": ""ちしき"", ""status"": ""correct""}, {""id"": 16, ""status"": ""unanswered""}, {""id"": 17, ""status"": ""unanswered""}, {""id"": 18, ""status"": ""unanswered""}, {""id"": 19, ""status"": ""unanswered""}, {""id"": 20, ""answer"": ""まるすい"", ""status"": ""incorrect""}, {""id"": 21, ""status"": ""unanswered""}, {""id"": 22, ""status"": ""unanswered""}, {""id"": 23, ""answer"": ""4"", ""status"": ""correct""}, {""id"": 24, ""status"": ""unanswered""}, {""id"": 25, ""status"": ""unanswered""}], ""totalQuestions"": 25}"
019a48a8-e549-7b37-a74d-85008e911f22,019a489c-1da4-79db-898a-fc01bfe93eb9,11,2025-11-03 07:40:19.661606+00,2025-11-03 07:40:19.661606+00,"{""groupId"": ""019a489c-1da4-79db-898a-fc01bfe93eb9"", ""startedAt"": ""2025-11-03T07:30:14.499Z"", ""questionStates"": [{""id"": 1, ""status"": ""unanswered""}, {""id"": 2, ""answer"": ""たいへいよう"", ""status"": ""correct""}, {""id"": 3, ""status"": ""unanswered""}, {""id"": 4, ""status"": ""unanswered""}, {""id"": 5, ""status"": ""unanswered""}, {""id"": 6, ""status"": ""unanswered""}, {""id"": 7, ""status"": ""unanswered""}, {""id"": 8, ""status"": ""unanswered""}, {""id"": 9, ""status"": ""unanswered""}, {""id"": 10, ""answer"": ""まちかね"", ""status"": ""correct""}, {""id"": 11, ""answer"": ""B"", ""status"": ""incorrect""}, {""id"": 12, ""status"": ""unanswered""}, {""id"": 13, ""status"": ""unanswered""}, {""id"": 14, ""answer"": ""げんざいしんこうけい"", ""status"": ""correct""}, {""id"": 15, ""answer"": ""ちしき"", ""status"": ""correct""}, {""id"": 16, ""status"": ""unanswered""}, {""id"": 17, ""status"": ""unanswered""}, {""id"": 18, ""answer"": ""ばーど"", ""status"": ""correct""}, {""id"": 19, ""answer"": ""クリスマス"", ""status"": ""correct""}, {""id"": 20, ""status"": ""unanswered""}, {""id"": 21, ""status"": ""unanswered""}, {""id"": 22, ""answer"": ""中国"", ""status"": ""correct""}, {""id"": 23, ""answer"": ""4"", ""status"": ""correct""}, {""id"": 24, ""status"": ""unanswered""}, {""id"": 25, ""status"": ""unanswered""}], ""totalQuestions"": 25}"
019a48a8-e8ad-7e09-9dc0-7141c60d7ee3,019a489b-4bc7-7318-bc3b-63613bb426cb,6,2025-11-03 07:40:20.529571+00,2025-11-03 07:40:20.529571+00,"{""groupId"": ""019a489b-4bc7-7318-bc3b-63613bb426cb"", ""startedAt"": ""2025-11-03T07:30:15.248Z"", ""questionStates"": [{""id"": 1, ""status"": ""unanswered""}, {""id"": 2, ""status"": ""unanswered""}, {""id"": 3, ""status"": ""unanswered""}, {""id"": 4, ""status"": ""unanswered""}, {""id"": 5, ""answer"": ""INTERNET"", ""status"": ""incorrect""}, {""id"": 6, ""status"": ""unanswered""}, {""id"": 7, ""status"": ""unanswered""}, {""id"": 8, ""answer"": ""SCIENCE"", ""status"": ""correct""}, {""id"": 9, ""status"": ""unanswered""}, {""id"": 10, ""status"": ""unanswered""}, {""id"": 11, ""status"": ""unanswered""}, {""id"": 12, ""status"": ""unanswered""}, {""id"": 13, ""status"": ""unanswered""}, {""id"": 14, ""answer"": ""現在進行形"", ""status"": ""correct""}, {""id"": 15, ""answer"": ""ちしき"", ""status"": ""correct""}, {""id"": 16, ""status"": ""unanswered""}, {""id"": 17, ""status"": ""unanswered""}, {""id"": 18, ""answer"": ""ばーど"", ""status"": ""correct""}, {""id"": 19, ""status"": ""unanswered""}, {""id"": 20, ""status"": ""unanswered""}, {""id"": 21, ""status"": ""unanswered""}, {""id"": 22, ""answer"": ""中国"", ""status"": ""correct""}, {""id"": 23, ""status"": ""unanswered""}, {""id"": 24, ""status"": ""unanswered""}, {""id"": 25, ""status"": ""unanswered""}], ""totalQuestions"": 25}"
019a48a8-e926-7a90-b66f-fcb754702bb9,019a489b-a4c3-7b47-967a-ea1ea1eeb738,4,2025-11-03 07:40:20.650365+00,2025-11-03 07:40:20.650365+00,"{""groupId"": ""019a489b-a4c3-7b47-967a-ea1ea1eeb738"", ""startedAt"": ""2025-11-03T07:30:19.304Z"", ""questionStates"": [{""id"": 1, ""status"": ""unanswered""}, {""id"": 2, ""answer"": ""たいへいよう"", ""status"": ""correct""}, {""id"": 3, ""status"": ""unanswered""}, {""id"": 4, ""status"": ""unanswered""}, {""id"": 5, ""status"": ""unanswered""}, {""id"": 6, ""status"": ""unanswered""}, {""id"": 7, ""status"": ""unanswered""}, {""id"": 8, ""status"": ""unanswered""}, {""id"": 9, ""status"": ""unanswered""}, {""id"": 10, ""status"": ""unanswered""}, {""id"": 11, ""status"": ""unanswered""}, {""id"": 12, ""answer"": ""handaisei"", ""status"": ""incorrect""}, {""id"": 13, ""status"": ""unanswered""}, {""id"": 14, ""status"": ""unanswered""}, {""id"": 15, ""answer"": ""知識"", ""status"": ""correct""}, {""id"": 16, ""status"": ""unanswered""}, {""id"": 17, ""status"": ""unanswered""}, {""id"": 18, ""status"": ""unanswered""}, {""id"": 19, ""status"": ""unanswered""}, {""id"": 20, ""status"": ""unanswered""}, {""id"": 21, ""status"": ""unanswered""}, {""id"": 22, ""answer"": ""中国"", ""status"": ""correct""}, {""id"": 23, ""status"": ""unanswered""}, {""id"": 24, ""status"": ""unanswered""}, {""id"": 25, ""status"": ""unanswered""}], ""totalQuestions"": 25}"
019a48a9-0778-74b0-afbd-da3a2a08f690,019a489c-c41d-746b-b422-09a49236c819,4,2025-11-03 07:40:28.411943+00,2025-11-03 07:40:28.411943+00,"{""groupId"": ""019a489c-c41d-746b-b422-09a49236c819"", ""startedAt"": ""2025-11-03T07:30:13.962Z"", ""questionStates"": [{""id"": 1, ""status"": ""unanswered""}, {""id"": 2, ""status"": ""unanswered""}, {""id"": 3, ""status"": ""unanswered""}, {""id"": 4, ""answer"": ""ファミレス"", ""status"": ""correct""}, {""id"": 5, ""status"": ""unanswered""}, {""id"": 6, ""status"": ""unanswered""}, {""id"": 7, ""answer"": ""はんだい"", ""status"": ""correct""}, {""id"": 8, ""status"": ""unanswered""}, {""id"": 9, ""status"": ""unanswered""}, {""id"": 10, ""status"": ""unanswered""}, {""id"": 11, ""status"": ""unanswered""}, {""id"": 12, ""status"": ""unanswered""}, {""id"": 13, ""answer"": ""さんこくし"", ""status"": ""incorrect""}, {""id"": 14, ""status"": ""unanswered""}, {""id"": 15, ""status"": ""unanswered""}, {""id"": 16, ""status"": ""unanswered""}, {""id"": 17, ""status"": ""unanswered""}, {""id"": 18, ""status"": ""unanswered""}, {""id"": 19, ""status"": ""unanswered""}, {""id"": 20, ""status"": ""unanswered""}, {""id"": 21, ""answer"": ""ねこ"", ""status"": ""incorrect""}, {""id"": 22, ""status"": ""unanswered""}, {""id"": 23, ""status"": ""unanswered""}, {""id"": 24, ""status"": ""unanswered""}, {""id"": 25, ""status"": ""unanswered""}], ""totalQuestions"": 25}"
019a48a9-07e1-78d1-a8d7-c75b80101cdb,019a489c-840d-74a8-aa47-bff3b70d277c,13,2025-11-03 07:40:28.517359+00,2025-11-03 07:40:28.517359+00,"{""groupId"": ""019a489c-840d-74a8-aa47-bff3b70d277c"", ""startedAt"": ""2025-11-03T07:30:15.297Z"", ""questionStates"": [{""id"": 1, ""status"": ""unanswered""}, {""id"": 2, ""status"": ""unanswered""}, {""id"": 3, ""status"": ""unanswered""}, {""id"": 4, ""answer"": ""ファミレス"", ""status"": ""correct""}, {""id"": 5, ""status"": ""unanswered""}, {""id"": 6, ""status"": ""unanswered""}, {""id"": 7, ""answer"": ""はんだい"", ""status"": ""correct""}, {""id"": 8, ""answer"": ""SCIENCE"", ""status"": ""correct""}, {""id"": 9, ""status"": ""unanswered""}, {""id"": 10, ""status"": ""unanswered""}, {""id"": 11, ""status"": ""unanswered""}, {""id"": 12, ""status"": ""unanswered""}, {""id"": 13, ""answer"": ""三国志"", ""status"": ""correct""}, {""id"": 14, ""answer"": ""現在進行形"", ""status"": ""correct""}, {""id"": 15, ""status"": ""unanswered""}, {""id"": 16, ""status"": ""unanswered""}, {""id"": 17, ""answer"": ""知恵"", ""status"": ""correct""}, {""id"": 18, ""answer"": ""バード"", ""status"": ""correct""}, {""id"": 19, ""answer"": ""クリスマス"", ""status"": ""correct""}, {""id"": 20, ""status"": ""unanswered""}, {""id"": 21, ""status"": ""unanswered""}, {""id"": 22, ""status"": ""unanswered""}, {""id"": 23, ""status"": ""unanswered""}, {""id"": 24, ""status"": ""unanswered""}, {""id"": 25, ""status"": ""unanswered""}], ""totalQuestions"": 25}"
019a48a9-a1e6-7a7f-8f83-f0d4d1782c09,019a489c-b2ca-7e1a-805e-8eb7cb9f324c,6,2025-11-03 07:41:07.946851+00,2025-11-03 07:41:07.946851+00,"{""groupId"": ""019a489c-b2ca-7e1a-805e-8eb7cb9f324c"", ""startedAt"": ""2025-11-03T07:30:13.825Z"", ""questionStates"": [{""id"": 1, ""status"": ""unanswered""}, {""id"": 2, ""status"": ""unanswered""}, {""id"": 3, ""status"": ""unanswered""}, {""id"": 4, ""answer"": ""ファミレス"", ""status"": ""correct""}, {""id"": 5, ""status"": ""unanswered""}, {""id"": 6, ""status"": ""unanswered""}, {""id"": 7, ""answer"": ""はんだい"", ""status"": ""correct""}, {""id"": 8, ""status"": ""unanswered""}, {""id"": 9, ""status"": ""unanswered""}, {""id"": 10, ""status"": ""unanswered""}, {""id"": 11, ""status"": ""unanswered""}, {""id"": 12, ""status"": ""unanswered""}, {""id"": 13, ""status"": ""unanswered""}, {""id"": 14, ""answer"": ""げんざいしんこうけい"", ""status"": ""correct""}, {""id"": 15, ""status"": ""unanswered""}, {""id"": 16, ""status"": ""unanswered""}, {""id"": 17, ""status"": ""unanswered""}, {""id"": 18, ""status"": ""unanswered""}, {""id"": 19, ""status"": ""unanswered""}, {""id"": 20, ""status"": ""unanswered""}, {""id"": 21, ""answer"": ""こい"", ""status"": ""correct""}, {""id"": 22, ""status"": ""unanswered""}, {""id"": 23, ""status"": ""unanswered""}, {""id"": 24, ""status"": ""unanswered""}, {""id"": 25, ""status"": ""unanswered""}], ""totalQuestions"": 25}"
019a48a9-ba58-7324-b76e-01624c35b9fb,019a489c-162f-7935-9602-f0437b970fc3,5,2025-11-03 07:41:14.203896+00,2025-11-03 07:41:14.203896+00,"{""groupId"": ""019a489c-162f-7935-9602-f0437b970fc3"", ""startedAt"": ""2025-11-03T07:30:14.149Z"", ""questionStates"": [{""id"": 1, ""status"": ""unanswered""}, {""id"": 2, ""status"": ""unanswered""}, {""id"": 3, ""status"": ""unanswered""}, {""id"": 4, ""status"": ""unanswered""}, {""id"": 5, ""answer"": ""internet"", ""status"": ""correct""}, {""id"": 6, ""status"": ""unanswered""}, {""id"": 7, ""status"": ""unanswered""}, {""id"": 8, ""status"": ""unanswered""}, {""id"": 9, ""status"": ""unanswered""}, {""id"": 10, ""status"": ""unanswered""}, {""id"": 11, ""status"": ""unanswered""}, {""id"": 12, ""status"": ""unanswered""}, {""id"": 13, ""status"": ""unanswered""}, {""id"": 14, ""status"": ""unanswered""}, {""id"": 15, ""status"": ""unanswered""}, {""id"": 16, ""status"": ""unanswered""}, {""id"": 17, ""status"": ""unanswered""}, {""id"": 18, ""status"": ""unanswered""}, {""id"": 19, ""status"": ""unanswered""}, {""id"": 20, ""answer"": ""円錐"", ""status"": ""correct""}, {""id"": 21, ""status"": ""unanswered""}, {""id"": 22, ""status"": ""unanswered""}, {""id"": 23, ""status"": ""unanswered""}, {""id"": 24, ""answer"": ""いんしん"", ""status"": ""correct""}, {""id"": 25, ""status"": ""unanswered""}], ""totalQuestions"": 25}"
019a48bd-c8e8-732c-a068-423cfd84310b,019a48b1-9a23-70d2-a0fe-ccd6d8f9c7b9,14,2025-11-03 08:03:08.652071+00,2025-11-03 08:03:08.652071+00,"{""groupId"": ""019a48b1-9a23-70d2-a0fe-ccd6d8f9c7b9"", ""startedAt"": ""2025-11-03T07:53:08.097Z"", ""questionStates"": [{""id"": 1, ""answer"": ""たんい"", ""status"": ""correct""}, {""id"": 2, ""status"": ""unanswered""}, {""id"": 3, ""status"": ""unanswered""}, {""id"": 4, ""answer"": ""ファミレス"", ""status"": ""correct""}, {""id"": 5, ""answer"": ""internet"", ""status"": ""correct""}, {""id"": 6, ""status"": ""unanswered""}, {""id"": 7, ""answer"": ""はんだい"", ""status"": ""correct""}, {""id"": 8, ""answer"": ""science"", ""status"": ""correct""}, {""id"": 9, ""status"": ""unanswered""}, {""id"": 10, ""status"": ""unanswered""}, {""id"": 11, ""status"": ""unanswered""}, {""id"": 12, ""status"": ""unanswered""}, {""id"": 13, ""status"": ""unanswered""}, {""id"": 14, ""answer"": ""現在進行形"", ""status"": ""correct""}, {""id"": 15, ""answer"": ""知識"", ""status"": ""correct""}, {""id"": 16, ""status"": ""unanswered""}, {""id"": 17, ""answer"": ""知恵"", ""status"": ""correct""}, {""id"": 18, ""status"": ""unanswered""}, {""id"": 19, ""status"": ""unanswered""}, {""id"": 20, ""status"": ""unanswered""}, {""id"": 21, ""answer"": ""鯉"", ""status"": ""correct""}, {""id"": 22, ""status"": ""unanswered""}, {""id"": 23, ""status"": ""unanswered""}, {""id"": 24, ""status"": ""unanswered""}, {""id"": 25, ""status"": ""unanswered""}], ""totalQuestions"": 25}"
019a48bd-d23f-717d-9359-3a8aec007548,019a48b2-36e6-7e72-9563-994dd53e6f7a,13,2025-11-03 08:03:11.042929+00,2025-11-03 08:03:11.042929+00,"{""groupId"": ""019a48b2-36e6-7e72-9563-994dd53e6f7a"", ""startedAt"": ""2025-11-03T07:53:08.376Z"", ""questionStates"": [{""id"": 1, ""status"": ""unanswered""}, {""id"": 2, ""answer"": ""たいへいよう"", ""status"": ""correct""}, {""id"": 3, ""status"": ""unanswered""}, {""id"": 4, ""answer"": ""ファミレス"", ""status"": ""correct""}, {""id"": 5, ""status"": ""unanswered""}, {""id"": 6, ""status"": ""unanswered""}, {""id"": 7, ""answer"": ""はんだい"", ""status"": ""correct""}, {""id"": 8, ""answer"": ""SCIENCE"", ""status"": ""correct""}, {""id"": 9, ""status"": ""unanswered""}, {""id"": 10, ""status"": ""unanswered""}, {""id"": 11, ""status"": ""unanswered""}, {""id"": 12, ""status"": ""unanswered""}, {""id"": 13, ""answer"": ""三国志"", ""status"": ""correct""}, {""id"": 14, ""answer"": ""現在進行形"", ""status"": ""correct""}, {""id"": 15, ""status"": ""unanswered""}, {""id"": 16, ""status"": ""unanswered""}, {""id"": 17, ""status"": ""unanswered""}, {""id"": 18, ""status"": ""unanswered""}, {""id"": 19, ""status"": ""unanswered""}, {""id"": 20, ""answer"": ""えんすい"", ""status"": ""correct""}, {""id"": 21, ""status"": ""unanswered""}, {""id"": 22, ""status"": ""unanswered""}, {""id"": 23, ""status"": ""unanswered""}, {""id"": 24, ""answer"": ""いんしん"", ""status"": ""correct""}, {""id"": 25, ""status"": ""unanswered""}], ""totalQuestions"": 25}"
019a48bd-ed1d-78cd-8669-8e7c7eb42bbf,019a48b1-7249-7631-bbaf-b04ffd9b7993,7,2025-11-03 08:03:17.921436+00,2025-11-03 08:03:17.921436+00,"{""groupId"": ""019a48b1-7249-7631-bbaf-b04ffd9b7993"", ""startedAt"": ""2025-11-03T07:53:09.679Z"", ""questionStates"": [{""id"": 1, ""status"": ""unanswered""}, {""id"": 2, ""answer"": ""たいへいよう"", ""status"": ""correct""}, {""id"": 3, ""status"": ""unanswered""}, {""id"": 4, ""status"": ""unanswered""}, {""id"": 5, ""status"": ""unanswered""}, {""id"": 6, ""status"": ""unanswered""}, {""id"": 7, ""status"": ""unanswered""}, {""id"": 8, ""status"": ""unanswered""}, {""id"": 9, ""status"": ""unanswered""}, {""id"": 10, ""status"": ""unanswered""}, {""id"": 11, ""answer"": ""B"", ""status"": ""incorrect""}, {""id"": 12, ""answer"": ""HANDAISEI"", ""status"": ""correct""}, {""id"": 13, ""status"": ""unanswered""}, {""id"": 14, ""status"": ""unanswered""}, {""id"": 15, ""answer"": ""ちしき"", ""status"": ""correct""}, {""id"": 16, ""status"": ""unanswered""}, {""id"": 17, ""status"": ""unanswered""}, {""id"": 18, ""status"": ""unanswered""}, {""id"": 19, ""status"": ""unanswered""}, {""id"": 20, ""status"": ""unanswered""}, {""id"": 21, ""answer"": ""こい"", ""status"": ""correct""}, {""id"": 22, ""answer"": ""中国"", ""status"": ""correct""}, {""id"": 23, ""answer"": ""4"", ""status"": ""correct""}, {""id"": 24, ""status"": ""unanswered""}, {""id"": 25, ""status"": ""unanswered""}], ""totalQuestions"": 25}"
019a48bd-ee72-73fa-a997-b78857567d9a,019a48b3-bccd-7d4a-bb61-7cdec7b4219a,16,2025-11-03 08:03:18.262086+00,2025-11-03 08:03:18.262086+00,"{""groupId"": ""019a48b3-bccd-7d4a-bb61-7cdec7b4219a"", ""startedAt"": ""2025-11-03T07:53:07.767Z"", ""questionStates"": [{""id"": 1, ""status"": ""unanswered""}, {""id"": 2, ""answer"": ""太平洋"", ""status"": ""correct""}, {""id"": 3, ""answer"": ""秋刀魚"", ""status"": ""correct""}, {""id"": 4, ""answer"": ""ファミレス"", ""status"": ""correct""}, {""id"": 5, ""answer"": ""internet"", ""status"": ""correct""}, {""id"": 6, ""answer"": ""波"", ""status"": ""correct""}, {""id"": 7, ""answer"": ""阪大"", ""status"": ""incorrect""}, {""id"": 8, ""status"": ""unanswered""}, {""id"": 9, ""status"": ""unanswered""}, {""id"": 10, ""answer"": ""まちかね"", ""status"": ""correct""}, {""id"": 11, ""status"": ""unanswered""}, {""id"": 12, ""status"": ""unanswered""}, {""id"": 13, ""status"": ""unanswered""}, {""id"": 14, ""status"": ""unanswered""}, {""id"": 15, ""answer"": ""知識"", ""status"": ""correct""}, {""id"": 16, ""status"": ""unanswered""}, {""id"": 17, ""status"": ""unanswered""}, {""id"": 18, ""status"": ""unanswered""}, {""id"": 19, ""status"": ""unanswered""}, {""id"": 20, ""status"": ""unanswered""}, {""id"": 21, ""answer"": ""鯉"", ""status"": ""correct""}, {""id"": 22, ""answer"": ""中国"", ""status"": ""correct""}, {""id"": 23, ""answer"": ""4"", ""status"": ""correct""}, {""id"": 24, ""status"": ""unanswered""}, {""id"": 25, ""status"": ""unanswered""}], ""totalQuestions"": 25}"
019a48be-032d-7ebb-9a8d-a94f5c20fa34,019a48b2-bdd0-7997-bc1a-2548c39607f7,4,2025-11-03 08:03:23.56984+00,2025-11-03 08:03:23.56984+00,"{""groupId"": ""019a48b2-bdd0-7997-bc1a-2548c39607f7"", ""startedAt"": ""2025-11-03T07:53:11.775Z"", ""questionStates"": [{""id"": 1, ""status"": ""unanswered""}, {""id"": 2, ""answer"": ""太平洋"", ""status"": ""correct""}, {""id"": 3, ""status"": ""unanswered""}, {""id"": 4, ""status"": ""unanswered""}, {""id"": 5, ""status"": ""unanswered""}, {""id"": 6, ""status"": ""unanswered""}, {""id"": 7, ""answer"": ""阪大"", ""status"": ""incorrect""}, {""id"": 8, ""status"": ""unanswered""}, {""id"": 9, ""status"": ""unanswered""}, {""id"": 10, ""answer"": ""まちかね"", ""status"": ""correct""}, {""id"": 11, ""answer"": ""B"", ""status"": ""incorrect""}, {""id"": 12, ""status"": ""unanswered""}, {""id"": 13, ""status"": ""unanswered""}, {""id"": 14, ""status"": ""unanswered""}, {""id"": 15, ""status"": ""unanswered""}, {""id"": 16, ""status"": ""unanswered""}, {""id"": 17, ""status"": ""unanswered""}, {""id"": 18, ""status"": ""unanswered""}, {""id"": 19, ""status"": ""unanswered""}, {""id"": 20, ""status"": ""unanswered""}, {""id"": 21, ""answer"": ""鯉"", ""status"": ""correct""}, {""id"": 22, ""status"": ""unanswered""}, {""id"": 23, ""status"": ""unanswered""}, {""id"": 24, ""status"": ""unanswered""}, {""id"": 25, ""status"": ""unanswered""}], ""totalQuestions"": 25}"
019a48be-0613-7889-b03a-5396c381024c,019a48b4-ca87-7d48-b02c-a4dc5ea88b78,15,2025-11-03 08:03:24.311394+00,2025-11-03 08:03:24.311394+00,"{""groupId"": ""019a48b4-ca87-7d48-b02c-a4dc5ea88b78"", ""startedAt"": ""2025-11-03T07:53:21.556Z"", ""questionStates"": [{""id"": 1, ""answer"": ""たんい"", ""status"": ""correct""}, {""id"": 2, ""answer"": ""太平洋"", ""status"": ""correct""}, {""id"": 3, ""status"": ""unanswered""}, {""id"": 4, ""answer"": ""ふぁみれす"", ""status"": ""correct""}, {""id"": 5, ""answer"": ""Interest"", ""status"": ""incorrect""}, {""id"": 6, ""status"": ""unanswered""}, {""id"": 7, ""answer"": ""はんだい"", ""status"": ""correct""}, {""id"": 8, ""status"": ""unanswered""}, {""id"": 9, ""status"": ""unanswered""}, {""id"": 10, ""status"": ""unanswered""}, {""id"": 11, ""answer"": ""B"", ""status"": ""incorrect""}, {""id"": 12, ""status"": ""unanswered""}, {""id"": 13, ""answer"": ""三国志"", ""status"": ""correct""}, {""id"": 14, ""answer"": ""現在進行形"", ""status"": ""correct""}, {""id"": 15, ""status"": ""unanswered""}, {""id"": 16, ""status"": ""unanswered""}, {""id"": 17, ""status"": ""unanswered""}, {""id"": 18, ""status"": ""unanswered""}, {""id"": 19, ""answer"": ""クリスマス"", ""status"": ""correct""}, {""id"": 20, ""status"": ""unanswered""}, {""id"": 21, ""status"": ""unanswered""}, {""id"": 22, ""answer"": ""中国"", ""status"": ""correct""}, {""id"": 23, ""status"": ""unanswered""}, {""id"": 24, ""status"": ""unanswered""}, {""id"": 25, ""status"": ""unanswered""}], ""totalQuestions"": 25}"
019a48be-40a5-70bf-81b1-41e393068ade,019a48b4-0957-73ec-a93c-983f67bd4387,4,2025-11-03 08:03:39.305175+00,2025-11-03 08:03:39.305175+00,"{""groupId"": ""019a48b4-0957-73ec-a93c-983f67bd4387"", ""startedAt"": ""2025-11-03T07:53:08.617Z"", ""questionStates"": [{""id"": 1, ""answer"": ""q"", ""status"": ""incorrect""}, {""id"": 2, ""status"": ""unanswered""}, {""id"": 3, ""status"": ""unanswered""}, {""id"": 4, ""status"": ""unanswered""}, {""id"": 5, ""status"": ""unanswered""}, {""id"": 6, ""status"": ""unanswered""}, {""id"": 7, ""answer"": ""はんだい"", ""status"": ""correct""}, {""id"": 8, ""status"": ""unanswered""}, {""id"": 9, ""status"": ""unanswered""}, {""id"": 10, ""status"": ""unanswered""}, {""id"": 11, ""status"": ""unanswered""}, {""id"": 12, ""status"": ""unanswered""}, {""id"": 13, ""status"": ""unanswered""}, {""id"": 14, ""status"": ""unanswered""}, {""id"": 15, ""status"": ""unanswered""}, {""id"": 16, ""status"": ""unanswered""}, {""id"": 17, ""status"": ""unanswered""}, {""id"": 18, ""status"": ""unanswered""}, {""id"": 19, ""answer"": ""クリスマス"", ""status"": ""correct""}, {""id"": 20, ""status"": ""unanswered""}, {""id"": 21, ""answer"": ""こい"", ""status"": ""correct""}, {""id"": 22, ""status"": ""unanswered""}, {""id"": 23, ""status"": ""unanswered""}, {""id"": 24, ""status"": ""unanswered""}, {""id"": 25, ""status"": ""unanswered""}], ""totalQuestions"": 25}"
019a48cf-3552-7cb8-bda0-f71a9c993149,019a48c5-8ba5-7e02-afaf-3b29febbd9e9,8,2025-11-03 08:22:10.518632+00,2025-11-03 08:22:10.518632+00,"{""groupId"": ""019a48c5-8ba5-7e02-afaf-3b29febbd9e9"", ""startedAt"": ""2025-11-03T08:12:05.227Z"", ""questionStates"": [{""id"": 1, ""status"": ""unanswered""}, {""id"": 2, ""status"": ""unanswered""}, {""id"": 3, ""status"": ""unanswered""}, {""id"": 4, ""answer"": ""ファミレス"", ""status"": ""correct""}, {""id"": 5, ""answer"": ""INTERNET"", ""status"": ""incorrect""}, {""id"": 6, ""status"": ""unanswered""}, {""id"": 7, ""answer"": ""はんだい"", ""status"": ""correct""}, {""id"": 8, ""status"": ""unanswered""}, {""id"": 9, ""status"": ""unanswered""}, {""id"": 10, ""status"": ""unanswered""}, {""id"": 11, ""status"": ""unanswered""}, {""id"": 12, ""status"": ""unanswered""}, {""id"": 13, ""answer"": ""三国志"", ""status"": ""correct""}, {""id"": 14, ""answer"": ""現在進行形"", ""status"": ""correct""}, {""id"": 15, ""status"": ""unanswered""}, {""id"": 16, ""status"": ""unanswered""}, {""id"": 17, ""status"": ""unanswered""}, {""id"": 18, ""status"": ""unanswered""}, {""id"": 19, ""status"": ""unanswered""}, {""id"": 20, ""status"": ""unanswered""}, {""id"": 21, ""answer"": ""こい"", ""status"": ""correct""}, {""id"": 22, ""status"": ""unanswered""}, {""id"": 23, ""status"": ""unanswered""}, {""id"": 24, ""status"": ""unanswered""}, {""id"": 25, ""status"": ""unanswered""}], ""totalQuestions"": 25}"
019a48cf-3d28-702b-94b6-6db0fae43f5f,019a48c4-d6e2-7b37-b66c-c8f62c7f52a2,4,2025-11-03 08:22:12.523571+00,2025-11-03 08:22:12.523571+00,"{""groupId"": ""019a48c4-d6e2-7b37-b66c-c8f62c7f52a2"", ""startedAt"": ""2025-11-03T08:12:08.866Z"", ""questionStates"": [{""id"": 1, ""status"": ""unanswered""}, {""id"": 2, ""answer"": ""たいへいよう"", ""status"": ""correct""}, {""id"": 3, ""status"": ""unanswered""}, {""id"": 4, ""status"": ""unanswered""}, {""id"": 5, ""answer"": ""INTERNH"", ""status"": ""incorrect""}, {""id"": 6, ""status"": ""unanswered""}, {""id"": 7, ""status"": ""unanswered""}, {""id"": 8, ""status"": ""unanswered""}, {""id"": 9, ""status"": ""unanswered""}, {""id"": 10, ""status"": ""unanswered""}, {""id"": 11, ""answer"": ""B"", ""status"": ""incorrect""}, {""id"": 12, ""status"": ""unanswered""}, {""id"": 13, ""answer"": ""三国志"", ""status"": ""correct""}, {""id"": 14, ""status"": ""unanswered""}, {""id"": 15, ""status"": ""unanswered""}, {""id"": 16, ""status"": ""unanswered""}, {""id"": 17, ""status"": ""unanswered""}, {""id"": 18, ""status"": ""unanswered""}, {""id"": 19, ""status"": ""unanswered""}, {""id"": 20, ""status"": ""unanswered""}, {""id"": 21, ""answer"": ""こい"", ""status"": ""correct""}, {""id"": 22, ""status"": ""unanswered""}, {""id"": 23, ""status"": ""unanswered""}, {""id"": 24, ""status"": ""unanswered""}, {""id"": 25, ""status"": ""unanswered""}], ""totalQuestions"": 25}"
019a48cf-8dfe-7584-8259-15ad2f7a5815,019a48c5-8cb5-7339-af47-9ed8798221ce,4,2025-11-03 08:22:33.218017+00,2025-11-03 08:22:33.218017+00,"{""groupId"": ""019a48c5-8cb5-7339-af47-9ed8798221ce"", ""startedAt"": ""2025-11-03T08:12:04.131Z"", ""questionStates"": [{""id"": 1, ""status"": ""unanswered""}, {""id"": 2, ""answer"": ""たいへいよう"", ""status"": ""correct""}, {""id"": 3, ""status"": ""unanswered""}, {""id"": 4, ""status"": ""unanswered""}, {""id"": 5, ""status"": ""unanswered""}, {""id"": 6, ""status"": ""unanswered""}, {""id"": 7, ""status"": ""unanswered""}, {""id"": 8, ""status"": ""unanswered""}, {""id"": 9, ""status"": ""unanswered""}, {""id"": 10, ""status"": ""unanswered""}, {""id"": 11, ""answer"": ""B"", ""status"": ""incorrect""}, {""id"": 12, ""answer"": ""HANDAISEI"", ""status"": ""correct""}, {""id"": 13, ""status"": ""unanswered""}, {""id"": 14, ""status"": ""unanswered""}, {""id"": 15, ""answer"": ""ちしき"", ""status"": ""correct""}, {""id"": 16, ""status"": ""unanswered""}, {""id"": 17, ""status"": ""unanswered""}, {""id"": 18, ""status"": ""unanswered""}, {""id"": 19, ""status"": ""unanswered""}, {""id"": 20, ""status"": ""unanswered""}, {""id"": 21, ""status"": ""unanswered""}, {""id"": 22, ""status"": ""unanswered""}, {""id"": 23, ""answer"": ""4"", ""status"": ""correct""}, {""id"": 24, ""status"": ""unanswered""}, {""id"": 25, ""status"": ""unanswered""}], ""totalQuestions"": 25}"
019a48cf-c30f-7a73-9109-8452745fd2b4,019a48c5-0c3f-7ee4-867f-380044622162,11,2025-11-03 08:22:46.803156+00,2025-11-03 08:22:46.803156+00,"{""groupId"": ""019a48c5-0c3f-7ee4-867f-380044622162"", ""startedAt"": ""2025-11-03T08:12:04.784Z"", ""questionStates"": [{""id"": 1, ""answer"": ""たんい"", ""status"": ""correct""}, {""id"": 2, ""answer"": ""たいへいよう"", ""status"": ""correct""}, {""id"": 3, ""status"": ""unanswered""}, {""id"": 4, ""status"": ""unanswered""}, {""id"": 5, ""status"": ""unanswered""}, {""id"": 6, ""answer"": ""ね"", ""status"": ""incorrect""}, {""id"": 7, ""status"": ""unanswered""}, {""id"": 8, ""answer"": ""science"", ""status"": ""correct""}, {""id"": 9, ""status"": ""unanswered""}, {""id"": 10, ""status"": ""unanswered""}, {""id"": 11, ""status"": ""unanswered""}, {""id"": 12, ""status"": ""unanswered""}, {""id"": 13, ""answer"": ""さんごくし"", ""status"": ""correct""}, {""id"": 14, ""answer"": ""げんざいしんこうけい"", ""status"": ""correct""}, {""id"": 15, ""status"": ""unanswered""}, {""id"": 16, ""answer"": ""ねんげつ"", ""status"": ""correct""}, {""id"": 17, ""status"": ""unanswered""}, {""id"": 18, ""status"": ""unanswered""}, {""id"": 19, ""status"": ""unanswered""}, {""id"": 20, ""status"": ""unanswered""}, {""id"": 21, ""status"": ""unanswered""}, {""id"": 22, ""status"": ""unanswered""}, {""id"": 23, ""status"": ""unanswered""}, {""id"": 24, ""status"": ""unanswered""}, {""id"": 25, ""status"": ""unanswered""}], ""totalQuestions"": 25}"
019a48de-506d-7bc0-923b-c85ca9943ca6,019a48d4-fe8a-7d17-9755-1c5e2aa67560,2,2025-11-03 08:38:40.497898+00,2025-11-03 08:38:40.497898+00,"{""groupId"": ""019a48d4-fe8a-7d17-9755-1c5e2aa67560"", ""startedAt"": ""2025-11-03T08:28:40.814Z"", ""questionStates"": [{""id"": 1, ""status"": ""unanswered""}, {""id"": 2, ""answer"": ""たいへいよう"", ""status"": ""correct""}, {""id"": 3, ""status"": ""unanswered""}, {""id"": 4, ""status"": ""unanswered""}, {""id"": 5, ""status"": ""unanswered""}, {""id"": 6, ""status"": ""unanswered""}, {""id"": 7, ""status"": ""unanswered""}, {""id"": 8, ""status"": ""unanswered""}, {""id"": 9, ""status"": ""unanswered""}, {""id"": 10, ""status"": ""unanswered""}, {""id"": 11, ""answer"": ""C"", ""status"": ""incorrect""}, {""id"": 12, ""answer"": ""HANDAISEI"", ""status"": ""correct""}, {""id"": 13, ""status"": ""unanswered""}, {""id"": 14, ""status"": ""unanswered""}, {""id"": 15, ""status"": ""unanswered""}, {""id"": 16, ""status"": ""unanswered""}, {""id"": 17, ""status"": ""unanswered""}, {""id"": 18, ""status"": ""unanswered""}, {""id"": 19, ""status"": ""unanswered""}, {""id"": 20, ""status"": ""unanswered""}, {""id"": 21, ""status"": ""unanswered""}, {""id"": 22, ""status"": ""unanswered""}, {""id"": 23, ""status"": ""unanswered""}, {""id"": 24, ""status"": ""unanswered""}, {""id"": 25, ""status"": ""unanswered""}], ""totalQuestions"": 25}"
019a48de-f240-784d-a241-ea6dc47e9bf5,019a48d4-e9c7-7dd0-8d86-1ea9512eb981,7,2025-11-03 08:39:21.924066+00,2025-11-03 08:39:21.924066+00,"{""groupId"": ""019a48d4-e9c7-7dd0-8d86-1ea9512eb981"", ""startedAt"": ""2025-11-03T08:29:22.023Z"", ""questionStates"": [{""id"": 1, ""status"": ""unanswered""}, {""id"": 2, ""status"": ""unanswered""}, {""id"": 3, ""answer"": ""秋刀魚"", ""status"": ""correct""}, {""id"": 4, ""status"": ""unanswered""}, {""id"": 5, ""status"": ""unanswered""}, {""id"": 6, ""status"": ""unanswered""}, {""id"": 7, ""status"": ""unanswered""}, {""id"": 8, ""status"": ""unanswered""}, {""id"": 9, ""status"": ""unanswered""}, {""id"": 10, ""status"": ""unanswered""}, {""id"": 11, ""answer"": ""B"", ""status"": ""incorrect""}, {""id"": 12, ""answer"": ""阪大生"", ""status"": ""correct""}, {""id"": 13, ""status"": ""unanswered""}, {""id"": 14, ""status"": ""unanswered""}, {""id"": 15, ""answer"": ""敷居"", ""status"": ""incorrect""}, {""id"": 16, ""status"": ""unanswered""}, {""id"": 17, ""status"": ""unanswered""}, {""id"": 18, ""status"": ""unanswered""}, {""id"": 19, ""status"": ""unanswered""}, {""id"": 20, ""status"": ""unanswered""}, {""id"": 21, ""answer"": ""鯉"", ""status"": ""correct""}, {""id"": 22, ""answer"": ""中国"", ""status"": ""correct""}, {""id"": 23, ""answer"": ""4"", ""status"": ""correct""}, {""id"": 24, ""status"": ""unanswered""}, {""id"": 25, ""status"": ""unanswered""}], ""totalQuestions"": 25}"
019a48df-2d91-7550-b881-539260babe83,019a48d5-874d-74f6-b202-8000f2caf4db,8,2025-11-03 08:39:37.109192+00,2025-11-03 08:39:37.109192+00,"{""groupId"": ""019a48d5-874d-74f6-b202-8000f2caf4db"", ""startedAt"": ""2025-11-03T08:29:32.336Z"", ""questionStates"": [{""id"": 1, ""status"": ""unanswered""}, {""id"": 2, ""answer"": ""たいへいよう"", ""status"": ""correct""}, {""id"": 3, ""status"": ""unanswered""}, {""id"": 4, ""status"": ""unanswered""}, {""id"": 5, ""answer"": ""INTERNET"", ""status"": ""incorrect""}, {""id"": 6, ""status"": ""unanswered""}, {""id"": 7, ""answer"": ""はんだい"", ""status"": ""correct""}, {""id"": 8, ""status"": ""unanswered""}, {""id"": 9, ""status"": ""unanswered""}, {""id"": 10, ""status"": ""unanswered""}, {""id"": 11, ""status"": ""unanswered""}, {""id"": 12, ""status"": ""unanswered""}, {""id"": 13, ""answer"": ""さんごくし"", ""status"": ""correct""}, {""id"": 14, ""answer"": ""げんざいしんこうけい"", ""status"": ""correct""}, {""id"": 15, ""status"": ""unanswered""}, {""id"": 16, ""status"": ""unanswered""}, {""id"": 17, ""status"": ""unanswered""}, {""id"": 18, ""answer"": ""さいか"", ""status"": ""incorrect""}, {""id"": 19, ""answer"": ""クリスマス"", ""status"": ""correct""}, {""id"": 20, ""status"": ""unanswered""}, {""id"": 21, ""status"": ""unanswered""}, {""id"": 22, ""status"": ""unanswered""}, {""id"": 23, ""answer"": ""4"", ""status"": ""correct""}, {""id"": 24, ""status"": ""unanswered""}, {""id"": 25, ""status"": ""unanswered""}], ""totalQuestions"": 25}"
019a48df-3ed2-7806-bccb-63cd0c245d3d,019a48d4-fbd6-7433-bdb1-13da71764188,8,2025-11-03 08:39:41.52603+00,2025-11-03 08:39:41.52603+00,"{""groupId"": ""019a48d4-fbd6-7433-bdb1-13da71764188"", ""startedAt"": ""2025-11-03T08:29:22.072Z"", ""questionStates"": [{""id"": 1, ""status"": ""unanswered""}, {""id"": 2, ""answer"": ""たいへいよう"", ""status"": ""correct""}, {""id"": 3, ""status"": ""unanswered""}, {""id"": 4, ""answer"": ""ファミレス"", ""status"": ""correct""}, {""id"": 5, ""status"": ""unanswered""}, {""id"": 6, ""status"": ""unanswered""}, {""id"": 7, ""answer"": ""はんだい"", ""status"": ""correct""}, {""id"": 8, ""answer"": ""SCIENCE"", ""status"": ""correct""}, {""id"": 9, ""status"": ""unanswered""}, {""id"": 10, ""status"": ""unanswered""}, {""id"": 11, ""status"": ""unanswered""}, {""id"": 12, ""status"": ""unanswered""}, {""id"": 13, ""status"": ""unanswered""}, {""id"": 14, ""answer"": ""現在進行形"", ""status"": ""correct""}, {""id"": 15, ""status"": ""unanswered""}, {""id"": 16, ""status"": ""unanswered""}, {""id"": 17, ""status"": ""unanswered""}, {""id"": 18, ""status"": ""unanswered""}, {""id"": 19, ""status"": ""unanswered""}, {""id"": 20, ""status"": ""unanswered""}, {""id"": 21, ""answer"": ""鯉"", ""status"": ""correct""}, {""id"": 22, ""status"": ""unanswered""}, {""id"": 23, ""status"": ""unanswered""}, {""id"": 24, ""status"": ""unanswered""}, {""id"": 25, ""status"": ""unanswered""}], ""totalQuestions"": 25}"
